sweep_param,param_label,baseline_metric,decrease_sensitivity,increase_sensitivity,total_span
device_lifetime_years,Device lifetime (yr),85.7336672064359,-0.11446920450061845,-0.031602832696766815,0.14607203719738526
discount_rate,Discount rate,85.7336672064359,0.06859439338986247,0.07770808617693467,0.14630247956679715
hydrogel_thickness_mm,Hydrogel thickness (mm),90.43324732342576,-0.13651334026858045,0.5662462206340212,0.7027595609026016
vapor_gap_mm,Vapor gap (mm),86.69289215668735,1.3984723269586687,-0.23991671752582522,1.638389044484494
utilization_factor,Utilization factor,90.77682410093216,-1.214285714285713,-0.8500000000000009,2.064285714285714
hydrogel_lifetime_years,Hydrogel lifetime (yr),79.3755359839646,-1.7622417935247323,-0.440560448381183,2.2028022419059154
h_amb_w_m2_k,h_amb (W/m²K),86.43531699319686,-7.524659890312065,0.0026269141263276052,7.5272868044383925
solar_irradiance_w_per_m2,Solar GHI (W/m²),85.7336672064359,-27.295863715252956,-1.2569798096391183,28.552843524892076
