lat,lon,sawh_lcow,coast_km,elev_m,desal_lcow,sawh_cheaper
-54.0,-72.0,17.724481909097292,9.846117356389328,0.0,1.133710273699767,False
-54.0,-69.0,14.697908404601687,41.04308856564036,0.0,1.5573651427213961,False
-51.0,-75.0,21.473813712675696,7.731015725647026,300.0,2.6049871935542868,False
-51.0,-72.0,12.26049007269353,82.85759897471715,173.0,2.990206194076659,False
-48.0,-75.0,16.46393649207582,8.611003361062542,427.0,3.2519374256432294,False
-48.0,-72.0,13.527377331541032,104.6182049250791,1115.0,7.995715222882574,False
-48.0,-69.0,11.654346499571773,154.85465972610825,248.0,4.342926279080551,False
-48.0,-66.0,11.197988413636288,4.727123213724185,0.0,1.0641943332423744,False
-45.0,-72.0,12.297099262755925,65.30823986084731,860.0,6.186885897310306,False
-45.0,-69.0,11.341741793989724,150.6582125203582,383.0,4.960938526026465,False
-45.0,-66.0,10.538913486734264,4.31306032392608,0.0,1.058571359198916,False
-45.0,168.0,9.89678949872637,37.96314188450404,163.0,2.330539466791565,False
-45.0,171.0,9.137254908745035,7.231011688131422,0.0,1.0981971387248246,False
-42.0,-72.0,9.730624728798173,40.96385521599831,797.0,5.541289153833256,False
-42.0,-69.0,9.35110990773507,280.83800597940944,881.0,9.21878012120038,False
-42.0,-66.0,9.691969216621642,77.84161631214836,163.0,2.872089149518975,False
-42.0,147.0,7.683926680119418,89.13937435455965,141.0,2.91551270373492,False
-42.0,174.0,7.989481024995695,3.920131495285741,0.0,1.0532353857059804,False
-39.0,-72.0,9.072832224680266,108.71781434234467,1279.0,8.871387918769042,False
-39.0,-69.0,10.57684945548172,365.4680303841729,840.0,10.163055852617068,False
-39.0,-66.0,9.027000048960664,213.55548256438027,197.0,4.885083453224285,False
-39.0,-63.0,7.627008170232284,56.52874604930889,33.0,1.9326603713496149,False
-39.0,177.0,7.264724133268014,23.489386384866812,0.0,1.3189858671064913,False
-36.0,-72.0,7.129379525962557,59.28271343736568,300.0,3.305059248479426,False
-36.0,-69.0,8.358336898212794,308.4691422141323,1349.0,11.934010951267917,True
-36.0,-66.0,7.386807767287414,449.10790519695803,275.0,8.47388535257469,True
-36.0,-63.0,6.867747769751273,316.85042327998514,133.0,5.967828748142198,False
-36.0,-60.0,6.7575828006264,213.70717231589967,171.0,4.757143400049918,False
-36.0,141.0,7.060383645293159,121.31118340018567,99.0,3.1424058705745215,False
-36.0,144.0,7.1801226227438235,225.60514135942188,218.0,5.153717819660949,False
-36.0,147.0,7.264079118079185,228.73853444222283,794.0,8.076269297725386,True
-36.0,150.0,6.551899898696187,14.630513444527956,0.0,1.1986823725766897,False
-36.0,174.0,6.595042176921575,3.5856680467020787,0.0,1.0486933720742142,False
-33.0,-69.0,8.069620445136767,232.2267009846029,1169.0,9.998638599370906,True
-33.0,-66.0,6.335476986684325,510.7792873858179,594.0,10.906382722699407,True
-33.0,-63.0,6.201113012007035,420.1708832814803,129.0,7.350920594962503,True
3.0,-57.0,4.019394334109566,281.9257164130121,219.0,5.923551228888703,True
3.0,-54.0,3.9109292931273583,262.8765939943488,191.0,5.524864146443257,True
3.0,-51.0,4.120462578696033,8.646463443804572,15.0,1.192418973566866,False
3.0,12.0,4.324937334614633,227.97189647502813,683.0,7.510858354130882,True
3.0,15.0,4.152391810834186,560.9862231573762,541.0,11.323192910477168,True
3.0,18.0,3.981726660381777,894.0744653580525,355.0,14.916531239562353,True
3.0,21.0,4.355953058427461,1227.174902937904,455.0,19.940035181896736,True
3.0,24.0,4.600260935263272,1560.2779536106123,442.0,24.398574610032114,True
3.0,27.0,4.451363791711912,1599.9944174104737,707.0,26.262924188434233,True
3.0,30.0,4.721060229409619,1300.4088221702084,1473.0,26.024551805071432,True
3.0,33.0,4.556541785562741,1022.0159396692579,1050.0,20.12897646070852,True
3.0,36.0,4.826222782637727,779.3841309892383,410.0,13.634036498833858,True
3.0,39.0,5.4038811411801175,541.3338606975533,555.0,11.126313828272774,True
3.0,42.0,4.550044502456693,305.23251701021724,414.0,7.215057580998749,True
3.0,45.0,3.988554970127442,111.65131718533327,111.0,3.071224887376826,False
3.0,99.0,4.441213064238546,62.5536740518238,445.0,4.074478893623767,False
3.0,102.0,4.419973458684,53.277206694461995,567.0,4.558504466910794,True
3.0,114.0,4.085395322971582,97.95110254906204,266.0,3.660175972616263,False
3.0,117.0,4.174541153197317,44.67094082451501,359.0,3.4016313763969137,False
6.0,-75.0,4.123688087272548,249.98429697855053,1156.0,10.174786752968716,True
6.0,-72.0,4.397386961911792,341.5012110094726,833.0,9.802586445508638,True
6.0,-69.0,4.273828064029708,429.55780609202236,83.0,7.248395006729663,True
6.0,-66.0,4.361922569854871,462.61325798545033,360.0,9.082288043442414,True
6.0,-63.0,3.9905651895851424,326.4229943220209,424.0,7.5528242628930435,True
6.0,-60.0,3.6926896883889544,152.9990421974582,119.0,3.6727269930414828,False
6.0,-9.0,4.299753843940884,89.42225971894088,162.0,3.0243542869832174,False
6.0,-6.0,4.207743014234887,109.48514701795277,200.0,3.4868082965037983,False
6.0,-3.0,4.17115377538287,74.37827219896147,146.0,2.7400569364618965,False
6.0,0.0,4.118977664655838,36.95250498258326,78.0,1.8918150176634807,False
6.0,6.0,4.323988661336677,74.00767063588597,79.0,2.4000241672353315,False
6.0,9.0,4.5577041564929495,145.45556551935638,102.0,3.4852865797528594,False
6.0,12.0,4.884300891759843,335.0156198509414,917.0,10.134512117575785,True
6.0,15.0,5.144909244447691,626.7107784611678,891.0,13.965732371502659,True
6.0,18.0,4.95710087488991,945.2887406032153,640.0,17.037021097391662,True
6.0,21.0,4.916234796563881,1266.2177554729064,485.0,20.62023711932207,True
6.0,24.0,5.483355166669468,1590.799887995808,644.0,25.823062478983076,True
6.0,27.0,5.494984767343303,1725.6116948879885,611.0,27.488806816578883,True
6.0,30.0,5.490219048777844,1473.3998910117425,513.0,23.573770519939465,True
6.0,33.0,5.535216842633995,1213.5994055816964,430.0,19.630679927799434,True
6.0,36.0,4.70622121037563,943.781475459195,447.0,16.051552436735868,True
6.0,39.0,4.576558825012024,725.1308470711089,1413.0,17.91227690322566,True
6.0,42.0,5.484854107980879,556.9022554313376,1299.0,15.057732628757565,True
6.0,45.0,4.789090257997689,357.67203772720916,542.0,8.567186272335501,True
6.0,48.0,4.023401569547101,90.88877018689229,121.0,2.8392694991379974,False
6.0,102.0,4.082526191859171,29.161548248597512,14.0,1.4660138252159542,False
6.0,117.0,4.197761534095179,56.89254094563567,803.0,5.787600706041732,True
9.0,-78.0,4.103086438744953,17.5761489246558,330.0,2.888684102396826,False
9.0,-75.0,3.874368354697046,86.21464143010957,32.0,2.3307948306208877,False
9.0,-72.0,3.7648989984337686,32.18464572839824,3.0,1.452067488991648,False
9.0,-69.0,4.252935051987976,190.8762059313945,86.0,4.022098876548338,False
9.0,-66.0,4.01737892346922,140.55453057447517,164.0,3.7287305252013727,False
9.0,-63.0,3.9916307911593214,114.62867738779367,74.0,2.926657438926238,False
9.0,-12.0,4.893904924593241,106.43020826682651,111.0,3.0003222282635043,False
9.0,-9.0,4.798326300847169,347.7787364093186,572.0,8.582835240438547,True
9.0,-6.0,4.892817852586831,428.77276035746576,330.0,8.472734085654386,True
9.0,-3.0,5.047144048968589,405.96154054060196,274.0,7.882957720541374,True
9.0,0.0,5.157323352290675,348.5904032615459,204.0,6.753857676291792,True
9.0,3.0,5.223023041291165,278.52900601512005,340.0,6.48242390168533,True
9.0,6.0,5.555795971096748,341.7564375057483,132.0,6.301052421328062,True
9.0,9.0,5.934401269728956,460.6737800094902,628.0,10.395949932528877,True
9.0,12.0,6.004006637589991,600.1332142229747,303.0,10.664809049147998,True
9.0,15.0,5.882277764205378,803.874845994018,372.0,13.776620408598763,True
9.0,18.0,6.18160482208742,1069.876394318492,368.0,17.36892143484512,True
9.0,21.0,5.630691122182407,1364.757998406884,433.0,21.698413618365485,True
9.0,24.0,6.209985905718981,1673.3126797477037,638.0,26.913586190973817,True
9.0,27.0,6.735827898857495,1540.00217232009,449.0,24.158229500106824,True
9.0,30.0,6.681903995872387,1262.131469282039,394.0,20.109745352850087,True
9.0,33.0,6.185617955816506,1003.8181823724857,398.0,16.621850916618357,True
9.0,36.0,5.1736826626026975,767.7793583432592,1717.0,20.01144368630146,True
9.0,39.0,5.229035318224671,477.00102199031096,2437.0,19.662673878628425,True
9.0,42.0,5.243104286319846,283.812070304877,1412.0,11.91416791474023,True
9.0,45.0,4.893853486959733,159.87806187013467,960.0,7.971144080196429,True
9.0,48.0,4.922712112140747,234.08264445975203,654.0,7.448842311763432,True
9.0,78.0,4.2577760555147215,24.3774397757356,54.0,1.6010456321544895,False
9.0,81.0,4.054822733026432,5.3058157004024675,0.0,1.0720529772114655,False
9.0,99.0,3.994905558142331,40.58134078619577,44.0,1.7710946078765386,False
9.0,105.0,4.103486531496935,20.15434847709272,1.0,1.278696052318919,False
9.0,126.0,4.240842291947134,24.645904668672557,156.0,2.1146913854005733,False
12.0,-84.0,4.1969573463370375,23.36158347288976,17.0,1.4022503035618428,False
12.0,-72.0,3.857198845475431,19.17620815719335,44.0,1.4804129067746856,False
12.0,-15.0,4.8846355297724315,9.185288908585976,30.0,1.2747362233785975,False
12.0,-12.0,5.848204429783702,295.1562775200028,263.0,6.323222248721638,True
12.0,-9.0,6.3100728300396,561.3931979930707,337.0,10.3087196287459,True
12.0,-6.0,6.1799931009950875,759.0915421700167,451.0,13.563463142668827,True
12.0,-3.0,6.091766997006026,739.27315972609,281.0,12.444329509080301,True
12.0,0.0,6.248367936368184,666.5444500031477,306.0,11.581673631042747,True
12.0,3.0,6.530143830622861,605.8073380817233,195.0,10.201863651149802,True
12.0,6.0,6.042846376053958,650.7903570982412,385.0,11.762733049394114,True
12.0,9.0,5.983001241104226,791.0931668011805,404.0,13.763045205160031,True
12.0,12.0,6.875500581090467,888.0941477240228,369.0,14.90531852609223,True
12.0,15.0,7.431695567258811,1058.340525718863,294.0,16.84226433926216,True
12.0,18.0,7.459840388079631,1271.2341953396224,379.0,20.15836037271207,True
12.0,21.0,7.447207107633035,1525.9489624946486,515.0,24.29738691067733,True
12.0,24.0,7.558007987110886,1629.9658306131666,755.0,26.909935979726804,True
12.0,27.0,7.771815662037956,1353.894261852323,479.0,21.780884075954546,True
12.0,30.0,7.536959097300237,1093.8100874314964,646.0,19.08394098731972,True
12.0,33.0,7.348530704832818,804.8890963074754,397.0,13.915393927855515,True
12.0,36.0,5.820233417519151,536.7709592277412,695.0,11.764349626312725,True
12.0,39.0,6.116054226633116,357.6898679384172,2130.0,16.507428406603708,True
12.0,42.0,4.939407668077648,74.08717495082777,558.0,4.796103835832241,False
12.0,51.0,4.35848431651285,10.76851706779191,0.0,1.1462364617806142,False
12.0,78.0,4.552341696549361,195.82740924892644,458.0,5.949336217600421,True
12.0,99.0,4.273054389701157,32.4610344423913,181.0,2.345820847727674,False
12.0,105.0,4.328444540442605,180.1422739846602,9.0,3.491332080711685,False
12.0,108.0,4.079248161419909,111.4203828527372,674.0,5.883088799140172,True
15.0,-90.0,4.57196537621125,132.65309754086442,1248.0,9.04142906460494,True
15.0,-87.0,4.639733195553086,85.35136970436677,1569.0,10.0040716005853,True
15.0,-84.0,4.1864760907988945,35.52050686868845,74.0,1.8523684832767893,False
15.0,-15.0,6.388740044466702,175.14540087845094,49.0,3.623474543929364,False
15.0,-12.0,7.59872188813413,406.7723578892218,129.0,7.168968620135631,False
15.0,-9.0,7.702845748551468,713.3445278604411,297.0,12.172218688344792,True
15.0,-6.0,7.999873848985323,1007.2794838437542,323.0,16.293855390598182,True
15.0,-3.0,8.199394071378713,1072.7541876710518,348.0,17.308001868572884,True
15.0,0.0,8.285197805149048,991.8357055227103,297.0,15.954128880998407,True
15.0,3.0,8.025558758829874,937.5354704631701,282.0,15.14173168888985,True
15.0,6.0,7.934618176518446,966.9074059888013,505.0,16.655602573327922,True
15.0,9.0,8.075104406073306,1083.569897150558,546.0,18.444879203304577,True
15.0,12.0,8.329508477272505,1193.0004094675535,354.0,18.970945560569376,True
15.0,15.0,8.393604029098526,1338.3978614128894,351.0,20.930442957987037,True
15.0,18.0,8.858219518158895,1518.8804796289946,286.0,23.05639691336175,True
15.0,21.0,8.617176464105054,1708.303502689929,487.0,26.633761566529234,True
15.0,24.0,8.365828813621665,1490.926928771127,971.0,26.101787692711905,True
15.0,27.0,8.521336832090329,1191.412932166572,689.0,20.62438761882205,True
15.0,30.0,8.961115515310272,901.0250606209215,502.0,15.745920323232115,True
15.0,33.0,8.58913913048808,637.6187306149737,396.0,11.638862361751343,True
15.0,36.0,6.00505090935054,368.07865730325403,438.0,8.18850816617819,True
15.0,39.0,4.7740816856039325,80.33448446033144,1862.0,11.400942298971302,True
15.0,45.0,6.322830317969312,197.8519680944836,1435.0,10.861829726723087,True
15.0,48.0,4.918265425862759,105.852465809953,1418.0,9.527476485699161,True
15.0,75.0,4.566693898375707,85.67002399495743,530.0,4.813398925851522,True
15.0,78.0,5.0531977700899375,220.66404915599955,252.0,5.256617787538474,True
15.0,99.0,4.733681272529988,112.32861851924854,813.0,6.590422639491395,True
15.0,102.0,4.458198299243116,207.12457737143347,186.0,4.742751760704067,True
15.0,105.0,4.514334568354056,314.44262382580126,137.0,5.955130831554381,True
15.0,108.0,5.567508036849391,89.82419196077088,2075.0,12.594812526827269,True
18.0,-102.0,3.996696037517129,3.0720168703515194,31.0,1.1967179890993735,False
18.0,-99.0,4.544102055090669,153.00041714132317,836.0,7.2577456647791685,True
18.0,-96.0,4.207300985103603,85.46847971130586,28.0,2.3006619544795335,False
18.0,-93.0,4.177277482291461,48.96766602238066,6.0,1.6949809045839295,False
18.0,-90.0,4.13673882643149,151.47162993417098,213.0,4.121984734506041,False
18.0,-66.0,3.9012233819886593,4.202568263183051,35.0,1.2320708770140258,False
18.0,-15.0,6.980285720841283,109.70368310096029,31.0,2.6447760165110408,False
18.0,-12.0,9.812208692958668,426.52613669310847,314.0,8.362224936292414,False
18.0,-9.0,9.57204216726612,743.7710411724208,262.0,12.410410739121476,True
18.0,-6.0,9.261254955414858,1061.013778252676,306.0,16.93856710867134,True
18.0,-3.0,10.30305265460805,1378.2011975783955,270.0,21.065972263114613,True
18.0,0.0,10.9753952447419,1320.1774496220064,370.0,20.778009765866848,True
18.0,3.0,10.400146375515485,1270.2318809577373,394.0,20.21974894340607,True
18.0,6.0,10.823657334712236,1291.7940041454308,344.0,20.26256257629495,True
18.0,9.0,10.331480011550427,1387.1357624209866,1031.0,24.992303653677,True
18.0,12.0,9.457761358735857,1509.9759276353982,445.0,23.73047309728871,True
18.0,15.0,9.35847853994792,1423.4560337420312,448.0,22.570532938216786,True
18.0,18.0,9.640261686172966,1368.6589691794463,371.0,21.44138880145688,True
18.0,21.0,9.26601346418749,1377.0737281211625,480.0,22.100661227885386,True
18.0,24.0,9.091882407836833,1336.222640612277,804.0,23.165903459514723,True
18.0,27.0,9.451872403662971,1059.4965130766536,593.0,18.352962647580956,True
18.0,30.0,10.231773111155682,782.9590060289318,323.0,13.247583301872893,True
18.0,33.0,9.073747259112396,475.5366228859082,528.0,10.097787338790633,True
18.0,36.0,5.7924009747532885,180.03016450541892,536.0,6.124809633983589,True
18.0,42.0,4.900689303467799,26.858361676580298,138.0,2.0547365515679603,False
18.0,45.0,8.238178051089902,281.70885047690837,999.0,9.820606189476415,True
18.0,48.0,8.766180398853633,400.1437844917283,623.0,9.54895259339767,True
18.0,51.0,6.3141634649523555,235.94511369432007,481.0,6.609134643968867,True
18.0,54.0,5.108937125047939,110.81740280845321,340.0,4.204900330138795,False
18.0,75.0,5.417821592938449,199.68442787019518,478.0,6.101714530477251,True
18.0,78.0,5.289499745627559,352.6395105037662,515.0,8.363844552641144,True
18.0,81.0,4.711951351931023,175.7166734336262,136.0,4.066232425228645,False
18.0,96.0,5.00077223726903,112.12147830612243,184.0,3.4426096753971427,False
18.0,99.0,4.531271801924001,208.88027397578566,589.0,6.781594120591169,True
18.0,102.0,4.707462399389928,396.7633612173786,365.0,8.213046445332001,True
18.0,105.0,4.555485593239035,109.18297878314742,683.0,5.897704851875142,True
21.0,-105.0,4.207583945730921,27.942314061035965,581.0,4.284456624948868,True
21.0,-102.0,5.828269867897498,313.4853378519784,1968.0,15.097130888029866,True
21.0,-99.0,4.391675104206768,156.2940045862108,826.0,7.252472582280743,True
21.0,-90.0,4.1966248559441155,21.087639590210163,8.0,1.326370145635054,False
21.0,-87.0,4.116088328387555,18.994332701762854,12.0,1.3179430380899397,False
21.0,-78.0,4.089018660753314,28.239440782409403,64.0,1.7034916058251197,False
21.0,-15.0,7.929283398238773,152.32305242873352,141.0,3.7735470519822014,False
21.0,-12.0,9.941376697377844,446.5185525583548,562.0,9.873721943742458,False
21.0,-9.0,10.202793986198245,732.676785947503,374.0,12.819750753167092,True
21.0,-6.0,11.8804830684515,986.930439196176,282.0,15.81251536428407,True
21.0,-3.0,12.066657085109751,1171.0799175709342,309.0,18.448265280613285,True
21.0,0.0,12.452991993529762,1384.4808736698528,356.0,21.5812502644366,True
21.0,3.0,12.4488043851549,1584.1191382639931,553.0,25.277337897625028,True
21.0,6.0,12.45341993000681,1454.9785277480466,559.0,23.553608406818476,True
21.0,9.0,11.493489441870455,1337.6941037659535,657.0,22.45088592914165,True
21.0,12.0,11.854307579862615,1212.9751414969255,477.0,19.85720242152825,True
21.0,15.0,10.76198044322378,1105.5782762476522,512.0,18.573752991443115,True
21.0,18.0,10.006700716346096,1036.462624299826,1493.0,22.54016243799164,True
21.0,21.0,9.262230645841091,1046.8363980342572,564.0,18.03603828530521,True
21.0,24.0,9.428357258293676,1135.146573487488,745.0,20.140290467960085,True
21.0,27.0,8.660160271445182,917.3632347673207,465.0,15.782792728140215,True
21.0,30.0,9.58830202833222,625.8342491180144,290.0,10.948829103022636,True
21.0,33.0,9.74153785904694,352.43705549381303,351.0,7.541095213605981,False
21.0,36.0,6.050244339229962,115.77790221248428,430.0,4.722263912045537,False
21.0,42.0,7.667696480885327,189.41469950847218,1427.0,10.707251619325053,True
21.0,45.0,9.650335957055283,457.6375098017881,707.0,10.749717383108283,True
21.0,48.0,9.156333047410625,503.22920487875365,348.0,9.573852602253474,True
21.0,51.0,7.98750834836982,344.75570228777224,179.0,6.576782437067948,False
21.0,54.0,7.103302568034856,341.9174009440729,153.0,6.408238304820509,False
21.0,57.0,5.334076805374191,122.51401686290785,130.0,3.3137403489982886,False
21.0,75.0,5.563394642972715,212.50877771324178,224.0,5.005869201345824,False
21.0,78.0,5.382532780305365,512.8900828295,338.0,9.65504732482461,True
21.0,81.0,5.440003883885434,428.370285520034,307.0,8.352268477362061,True
21.0,84.0,5.2448864311215715,189.79312175271224,128.0,4.2173905934018325,False
21.0,87.0,4.532725843224414,11.47532640657924,0.0,1.1558349326013462,False
21.0,93.0,4.682329539990504,55.855000152468214,1.0,1.7635109020705184,False
21.0,96.0,5.024371521781638,267.7615181754999,165.0,5.461201416823288,True
21.0,99.0,4.758674447398533,459.3796017026998,767.0,11.073374991122662,True
21.0,102.0,5.509379083571951,427.6354570122313,1019.0,11.9022895062261,True
21.0,105.0,5.4353952663266965,156.28860193996107,357.0,4.907399214344672,False
24.0,-105.0,6.237274952887429,163.5364379162933,2466.0,15.550824826903263,True
24.0,-102.0,6.331953195779318,415.94659163885996,1857.0,15.933554714455719,True
24.0,-99.0,4.523732527660551,130.35223752281354,178.0,3.660183385559808,False
24.0,-15.0,5.2834184771110495,50.201634777433036,202.0,2.6917382002775403,False
24.0,-12.0,7.391120918650528,304.87667152796286,244.0,6.360225199349736,False
24.0,-9.0,9.414981337887072,542.7252622907082,248.0,9.610209061907817,True
24.0,-6.0,12.001723092116794,718.4393307229042,317.0,12.34140611121704,True
24.0,-3.0,11.950828746845472,932.1285094759298,249.0,14.903305158683128,True
24.0,0.0,12.525512447844308,1170.127745894835,318.0,18.48033478925186,True
24.0,3.0,13.23307948730237,1293.7319501679974,529.0,21.213879883281404,True
24.0,6.0,12.50235303356031,1146.344231860615,1155.0,22.342354668667156,True
24.0,9.0,11.0315251254124,1035.7351037483936,871.0,19.420282708903187,True
24.0,12.0,9.118072422869789,901.0975767798398,916.0,17.816905092670225,True
24.0,15.0,9.907475614215995,800.1857211895275,576.0,14.746522093753782,True
24.0,18.0,8.940191069113862,705.5623747789377,468.0,12.921537049497974,True
24.0,21.0,8.428078689214118,719.30916084934,441.0,12.973218404334036,True
24.0,24.0,8.582106420850721,835.7381614454594,427.0,14.484324232429337,True
24.0,27.0,8.068595193260213,758.7752181496354,688.0,14.74416746247205,True
24.0,30.0,8.721752892185906,490.85064634769435,258.0,8.955751777401689,True
24.0,33.0,9.134441699323933,223.72192225164645,224.0,5.158143704177359,False
24.0,39.0,6.973928505980592,63.21310485249722,558.0,4.648433963896912,False
24.0,42.0,9.46503354219062,334.63419873269993,957.0,10.329332418790065,True
24.0,45.0,9.969423890379202,556.5323878476645,931.0,13.212709826971285,True
24.0,48.0,9.402331398151988,285.5440078196699,479.0,7.272687626191117,False
24.0,51.0,5.784140497632874,49.200105751818576,23.0,1.7831374361096963,False
24.0,54.0,4.599343151180827,13.808778942358252,4.0,1.207523218037225,False
24.0,57.0,5.054275820759427,7.498645103546918,26.0,1.2318316005061671,False
24.0,69.0,4.7221678381411305,28.023442200985077,0.0,1.3805583450893772,False
24.0,72.0,5.919434148909833,184.29762036607585,79.0,3.89776168457131,False
24.0,75.0,5.957060873379929,297.963601667863,465.0,7.371345710649579,True
24.0,78.0,5.830939421692163,559.6620657085354,395.0,10.575210852321911,True
24.0,81.0,5.249055327258438,643.876483565691,349.0,11.488842646822086,True
24.0,84.0,5.484187136349388,421.4891715468415,244.0,7.943822949606107,True
24.0,87.0,5.103493954758641,204.78046976197325,189.0,4.725918779367597,False
24.0,90.0,4.715933575771493,66.41939623607344,11.0,1.9569754008858773,False
24.0,93.0,4.534369684981286,198.54028435091882,310.0,5.2461770614854775,True
24.0,96.0,4.801735287808973,460.8864726342852,175.0,8.133838298373593,True
24.0,99.0,5.958197525833665,710.1852457649921,1926.0,20.274315637488595,True
24.0,102.0,5.66025274304158,585.3567993007905,1899.0,18.444145334504736,True
24.0,105.0,5.797599568493334,375.70394856869297,1183.0,12.01705962156285,True
24.0,108.0,6.050602623378237,238.11745194157362,226.0,5.363634997366569,False
24.0,111.0,6.12529626942006,257.90677048710097,428.0,6.642373943214832,True
24.0,114.0,6.126531414718193,104.4444286422651,865.0,6.74335534096196,True
24.0,117.0,5.240276728409833,40.325136652983836,103.0,2.0626153557475204,False
27.0,-114.0,4.825770992996834,1.411863043286015,70.0,1.3691731001278242,False
27.0,-108.0,6.787935254290939,136.89741295311643,636.0,6.039066867903321,False
27.0,-105.0,7.945493047814072,373.0011463294526,1439.0,13.260355567153965,True
27.0,-102.0,6.196605895952355,421.44553546242514,767.0,10.558230371579732,True
27.0,-99.0,4.824849781434918,131.96571620265556,139.0,3.4870944260320624,False
27.0,-81.0,4.712776442183749,79.98570588731046,4.0,2.106205885949676,False
27.0,-12.0,5.271058063703918,120.5725432035079,224.0,3.7573751367036374,False
27.0,-9.0,6.911343018146318,271.1318994371622,454.0,6.951971194356663,True
27.0,-6.0,10.186818305450627,489.3635318029813,379.0,9.540556761884487,False
27.0,-3.0,11.799241234824612,736.4224619457004,418.0,13.090617033222612,True
27.0,0.0,13.228614713450316,918.2455096804448,274.0,14.839774021460439,True
27.0,3.0,12.53579192720814,1012.5561853186874,357.0,16.535512996627773,True
27.0,6.0,11.322237410611356,854.3571034174149,443.0,14.817169464408494,True
27.0,9.0,10.819591673984233,723.9435992479098,535.0,13.506154077786615,True
27.0,12.0,9.30021508590135,609.4943217657806,493.0,11.7419328895793,True
27.0,15.0,8.509182717000304,486.5590151593823,471.0,9.962471425864411,True
27.0,18.0,7.901571368342828,377.1122623080773,503.0,8.63618452214369,True
27.0,21.0,7.761431648283523,401.81225091429485,191.0,7.411610367416124,False
27.0,24.0,7.668420647735128,517.9458869083417,231.0,9.18870514421528,True
27.0,27.0,7.22547183181267,465.21066149499177,177.0,8.202560783101989,True
27.0,30.0,7.1114018035357125,334.02404100814664,198.0,6.526046476890632,False
27.0,33.0,7.720888344912583,78.71753256416068,430.0,4.2189840922213016,False
27.0,36.0,5.573217785576665,6.362815923634596,136.0,1.766407040242958,False
27.0,39.0,8.2900579393829,254.79643608983514,1036.0,9.64013560209996,True
27.0,42.0,9.529892370065715,506.6992187370004,1056.0,13.160975390448467,True
27.0,45.0,9.699009541269554,376.7956743209434,588.0,9.056885257278411,False
27.0,48.0,8.36387900474759,112.62330109487353,206.0,3.5594244288683825,False
27.0,54.0,6.159180397172867,30.543175472263105,357.0,3.199776322913333,False
27.0,57.0,4.918963633314925,8.892938219787588,3.0,1.1357661010247153,False
27.0,60.0,7.383067658481324,177.35053504014599,580.0,6.308420265845182,False
27.0,63.0,7.188201656373501,191.35730899278425,1005.0,8.623632256122011,True
27.0,66.0,6.373499646862356,158.30985857350123,1379.0,10.044847879428147,True
27.0,69.0,6.167733508045581,298.14240065400105,47.0,5.283773800881335,False
27.0,72.0,6.809543511571536,460.6759893346664,238.0,8.44597993516477,True
27.0,75.0,6.470311557795667,574.4001802779717,362.0,10.610354448174856,True
27.0,78.0,5.889961918639598,745.6471396296804,157.0,11.91088815617106,True
27.0,81.0,5.705048416175657,869.3925548177176,123.0,13.421350894424606,True
27.0,84.0,5.580699318354561,650.3662907835095,90.0,10.281974228840058,True
27.0,87.0,6.258927830155266,513.205769904258,1892.0,17.429334355299822,True
27.0,90.0,6.530554096313113,383.85464435356675,2088.0,16.652746070321435,True
27.0,93.0,5.779242772016034,449.05503904039375,389.0,9.043167430168548,True
27.0,96.0,6.043135357699044,645.676240291207,1279.0,16.163283343154593,True
27.0,99.0,7.958275822333872,885.258161211045,3531.0,30.676805829245993,True
27.0,102.0,6.263673883489099,819.179939748351,1881.0,21.529463581782608,True
27.0,105.0,6.7418334953885335,667.0412231814323,1748.0,18.79841981080385,True
27.0,108.0,7.005531697016626,568.6545121578854,829.0,12.867328275104084,True
27.0,111.0,6.673629202879177,502.23758416048463,369.0,9.665386392899382,True
27.0,114.0,6.262676692510893,432.29559984368166,141.0,7.575574245877197,True
27.0,117.0,6.215688139493429,234.1211291418081,467.0,6.514364933745754,True
27.0,120.0,6.0824538053366775,18.68145074160406,649.0,4.498694101070983,False
30.0,-111.0,6.800484648674576,143.46033144511793,640.0,6.148191301024702,False
30.0,-108.0,8.71005882786036,342.05287959673956,1648.0,13.885078104923723,True
30.0,-105.0,8.711225566540714,569.0487280496139,1222.0,14.837681726913758,True
30.0,-102.0,5.977252610064092,500.09873751666794,573.0,10.656340855476351,True
30.0,-99.0,5.7094385252301745,270.04082590985206,520.0,7.267154415855791,True
30.0,-96.0,5.189209805066365,99.88069597289454,61.0,2.661379851311908,False
30.0,-93.0,4.908833424016103,28.850001769069046,0.0,1.3917830240239577,False
30.0,-90.0,5.534469710241933,6.615032997570535,0.0,1.089832148107008,False
30.0,-9.0,7.113409759605621,65.3433953498974,1164.0,7.707363308851607,True
30.0,-6.0,11.368261009441056,350.5286926736166,889.0,10.205179646507712,False
30.0,-3.0,11.255310333629405,569.5223594784508,625.0,11.85911364171736,True
30.0,0.0,10.60715853697358,594.1234047532564,462.0,11.378195836549223,True
30.0,3.0,8.570897745259193,708.1326862522186,356.0,12.39644187930513,True
30.0,6.0,8.80797388817903,580.5387105477099,300.0,10.383715689237901,True
30.0,9.0,7.862004035362207,417.1362080660387,335.0,8.339709705536805,True
30.0,12.0,6.955207339086357,317.1801766407645,629.0,8.452306798781581,True
30.0,15.0,6.379546685529343,170.9840548914913,359.0,5.116963465426451,False
30.0,18.0,5.546507528943524,77.18303382883671,234.0,3.2181455993956023,False
30.0,21.0,6.060661953965335,129.90226652160348,-19.0,2.7640727793633753,False
30.0,24.0,5.804483382019235,206.86997667086672,79.0,4.20429428319037,False
30.0,27.0,6.051370371811599,144.41030296153932,-78.0,2.961091914217704,False
30.0,30.0,5.241344582398859,116.76961979395718,137.0,3.2707314368019382,False
30.0,33.0,5.823495493413727,40.732031481079396,476.0,3.933140987513058,False
30.0,36.0,6.7640170110496065,110.74337079754136,936.0,7.183894975430611,True
30.0,39.0,8.406012599140935,391.73044926534914,584.0,9.239699501023441,True
30.0,42.0,10.538860520831586,556.671643432624,494.0,11.029600917815035,True
30.0,45.0,8.620415475879005,271.06593867971037,291.0,6.136075447270467,False
30.0,48.0,7.006659716852055,2.1023645191414064,0.0,1.0285501101699404,False
30.0,51.0,7.350956298034665,66.83460397317823,843.0,6.12261392195576,False
30.0,54.0,10.029607252198112,303.78968313345007,2420.0,17.225463896952252,True
30.0,57.0,9.657771972073723,317.59849853963567,2012.0,15.372987610168252,True
30.0,60.0,11.418642735500365,448.9684931748429,1497.0,14.581992137314366,True
30.0,63.0,11.216960210800492,517.9472631501015,583.0,10.948723833578379,False
30.0,66.0,9.63992774686503,490.09449011767066,970.0,12.505483175797968,True
30.0,69.0,6.822347381185403,553.1617746789964,1061.0,13.816936900140771,True
30.0,72.0,6.511057730850766,735.6454241514601,130.0,11.640064859976828,True
30.0,75.0,6.102827971403488,889.5730347846583,206.0,14.11040181237566,True
30.0,78.0,5.840333488484064,1006.8196948591903,317.0,16.257611456187806,True
30.0,81.0,17.597338380738844,1094.2525799016669,5972.0,45.719950035064635,True
30.0,84.0,12.215138747294782,934.4840640131713,4667.0,37.02529358929887,True
30.0,87.0,13.572752083860369,796.6900901031568,5203.0,37.83405142360087,True
30.0,90.0,14.4535662038029,715.1212099903067,5599.0,38.70634603166837,True
30.0,93.0,8.046170444107368,751.172856663872,3904.0,30.72092739349538,True
30.0,96.0,9.249810505212563,891.1138260044653,4416.0,35.18132575714064,True
30.0,99.0,9.431576581125748,1088.617111602897,3726.0,34.41342037556734,True
30.0,102.0,10.03016212522115,1105.2567932359216,4312.0,37.56938725214381,True
30.0,105.0,7.444378687640006,964.8801001462444,383.0,16.018071759986,True
30.0,108.0,7.698728774221328,901.4372432037978,1175.0,19.116517762707574,True
30.0,111.0,7.245754919595456,806.8384198430274,837.0,16.14186574146831,True
30.0,114.0,6.61501703125464,596.3314641342822,27.0,9.233181282943553,True
30.0,117.0,6.67337727511916,308.41942543842447,173.0,6.053335797453805,False
30.0,120.0,6.648372771973164,32.71680691667708,24.0,1.5642942379284748,False
33.0,-117.0,6.636949542397048,25.45801283417458,400.0,3.3457198142880906,False
33.0,-114.0,9.811731656591196,149.03072777326267,468.0,5.3638372831609065,False
33.0,-111.0,9.338648686374626,279.56935321730896,1018.0,9.886551816691055,True
-33.0,-60.0,5.941608197835004,147.33189676099818,56.0,3.2807671580143554,False
-33.0,-57.0,6.077107878593336,101.68339962896744,133.0,3.0458605669613776,False
-33.0,-54.0,6.140134426031887,100.65885275601175,119.0,2.9619472204266395,False
-33.0,21.0,5.912930304566171,151.84402496017648,437.0,5.2470418589591965,False
-33.0,24.0,5.746476938359571,113.68755620470536,203.0,3.558877013259899,False
-33.0,27.0,5.655631019216445,52.4726825676163,0.0,1.7125790292682295,False
-33.0,117.0,6.380934834902376,123.94447538446369,320.0,4.283165975721017,False
-33.0,120.0,6.136318744897692,105.8146807576236,0.0,2.4369633646885287,False
-33.0,123.0,6.184505619592014,98.35892044306567,0.0,2.3357141396168317,False
-33.0,135.0,6.373336763650574,38.59527357468013,0.0,1.524123815144156,False
-33.0,138.0,6.8308069511827565,8.700978664219399,112.0,1.6781592902600995,False
-33.0,141.0,7.240732610129776,280.4961527214948,22.0,4.9191377539579,False
-33.0,144.0,6.97913245687638,507.44349871184966,74.0,8.26108271250692,True
-33.0,147.0,6.601780438577703,393.9015374478942,256.0,7.629182878542403,True
-33.0,150.0,6.4767739697181606,136.36662100856392,934.0,7.521858713296298,True
-30.0,-69.0,7.875667361036239,225.9793884196221,2268.0,15.408800094738467,True
-30.0,-66.0,6.682261868936713,514.2227578077581,379.0,9.878145051029355,True
-30.0,-63.0,6.004389814933055,532.5439513641235,99.0,8.726946859524798,True
-30.0,-60.0,5.674447542833354,323.6906293489628,16.0,5.475718746558915,False
-30.0,-57.0,5.739346197645634,297.6137519255526,137.0,5.726594751149005,False
-30.0,-54.0,5.949529704080332,247.50262553119842,302.0,5.871085654713674,False
-30.0,-51.0,5.579452905795735,24.959997737915426,0.0,1.3389567692808915,False
-30.0,18.0,6.070233415214984,76.62317398987408,405.0,4.06554270278249,False
-30.0,21.0,8.408086544868357,327.42226160105935,1122.0,11.056394312542388,True
-30.0,24.0,7.648944160029834,444.8480519821883,1323.0,13.656036545918116,True
-30.0,27.0,6.510368575216667,300.35480124539214,1499.0,12.573818200912427,True
-30.0,30.0,4.89693411470081,78.77355582816104,310.0,3.6197448881464265,False
-30.0,117.0,6.531249242779157,193.60885471286565,334.0,5.299208247000715,False
-30.0,120.0,6.968325808623184,437.2708080862215,386.0,8.868137573810888,True
-30.0,123.0,6.742593717156817,353.7856516547636,347.0,7.53940914947169,True
-30.0,126.0,6.502538485916868,251.28484594712404,165.0,5.237448207961945,False
-30.0,129.0,6.36235246844028,185.44710710080847,145.0,4.243371714428979,False
-30.0,132.0,6.496899827372936,181.68621391179693,63.0,3.7822987849222023,False
-30.0,135.0,7.393858695905677,276.3694283205124,138.0,5.443096836592558,False
-30.0,138.0,7.287478404080653,287.41338901174316,31.0,5.058073822779472,False
-30.0,141.0,7.312067257978509,419.01714175188437,73.0,7.05525278499059,False
33.0,-108.0,10.437218122205158,516.666310009494,2000.0,18.01632848992893,True
33.0,-105.0,8.927635861913307,778.9594576305601,1531.0,19.233269434623008,True
33.0,-102.0,6.685972648402803,699.4033473488076,945.0,15.222897456996808,True
33.0,-99.0,5.87880988148792,526.2999372547742,373.0,10.012153147919834,True
33.0,-96.0,5.839934600775956,377.718658450435,139.0,6.824419381756908,True
33.0,-93.0,5.901265302138045,344.4394888118986,90.0,6.127488258065584,True
33.0,-90.0,5.783962721743291,292.18720343075586,105.0,5.492902222589665,False
33.0,-87.0,5.804339988942458,270.16902184892575,116.0,5.248895316708412,False
33.0,-84.0,6.0264793589720655,298.2049388027759,197.0,6.034623068941697,True
33.0,-81.0,5.579460353340654,64.09380853653431,45.0,2.0953939199261358,False
33.0,-6.0,6.834402388800821,136.35239223206847,952.0,7.611665486511489,True
33.0,-3.0,7.521165992085063,237.06293395309032,1528.0,11.859314643082968,True
33.0,0.0,8.274513307182195,287.5280394367219,1088.0,10.344630775550684,True
33.0,3.0,7.951895610600645,402.0942774902444,728.0,10.100440288317518,True
33.0,6.0,7.57210845852615,393.23391298793985,77.0,6.725116538376223,False
33.0,9.0,6.899865870406312,143.18681718970927,123.0,3.559476977436252,False
33.0,36.0,6.013537295152476,79.56196294661102,672.0,5.440451456814977,False
33.0,39.0,7.798278977643559,328.04582073000967,774.0,9.324862245513533,True
33.0,42.0,8.479166856698702,582.4922047999894,351.0,10.665244141183855,True
33.0,45.0,7.792976823076851,436.2865562280422,27.0,7.059771433576812,False
33.0,48.0,8.417354031363843,292.99286265894636,914.0,9.548843074908492,True
33.0,51.0,9.445096521016383,323.67550962360707,1957.0,15.180513420688584,True
33.0,54.0,11.402515085877202,424.0384845033042,1235.0,12.93344261955487,True
33.0,57.0,12.815277143869537,506.4812259420762,1072.0,13.238015048293395,True
33.0,60.0,9.06314522043461,693.1691757495712,1699.0,18.908237406679177,True
33.0,63.0,11.223650013198585,849.5293739169391,1266.0,18.866608897792034,True
33.0,66.0,10.908548375717482,823.2404832276775,2213.0,23.24460576223186,True
33.0,69.0,7.396077940692694,862.32615001535,2499.0,25.205389117208455,True
33.0,72.0,6.789944172335453,986.2484825776095,287.0,15.828254393403938,True
33.0,75.0,6.87150845436312,1170.6409388966797,1371.0,23.752303950216913,True
33.0,78.0,13.674349830609652,1301.312461947183,4877.0,43.056823233242746,True
33.0,81.0,21.120083110109515,1364.0212216525008,5059.0,44.81840819004096,True
33.0,84.0,15.185706613439605,1225.4765239745286,4582.0,40.5519711955741,True
33.0,87.0,15.68933375265506,1103.856747678912,5108.0,41.530374633479624,True
33.0,90.0,14.47685706694447,1047.8563608118402,5054.0,40.49988937982479,True
33.0,93.0,13.947527634600451,1072.0629582096565,4838.0,39.74861497248713,True
33.0,96.0,13.512117331471218,1171.501565702812,4923.0,41.52399126224419,True
33.0,99.0,12.358556887315933,1329.3437564222977,4737.0,42.7374882122148,True
33.0,102.0,9.903631179681794,1388.722448482882,3809.0,38.90385085039754,True
33.0,105.0,7.701762637691731,1280.3762484960403,1583.0,26.302509454576224,True
33.0,108.0,8.528421988205457,1049.8981626514967,1471.0,22.612617048807326,True
33.0,111.0,7.747914434597114,780.6674470033537,433.0,13.766463930305544,True
33.0,114.0,7.318378066069249,517.9383104153966,85.0,8.458602255441086,True
33.0,117.0,6.947511989586412,281.2077694439014,22.0,4.9288015090481805,False
33.0,120.0,6.790861703203643,73.28752300175398,3.0,2.0102445623638188,False
36.0,-120.0,8.5885209586631,103.36012375999444,185.0,3.3286304806607245,False
36.0,-117.0,16.575425831796316,259.64253151007546,1243.0,10.740945577906825,False
36.0,-114.0,13.93968102212057,437.0216613244934,916.0,11.51475416078662,False
36.0,-111.0,11.173641408820716,555.836665206096,1769.0,17.393261913498783,True
36.0,-108.0,9.510335366580913,710.872314560852,1903.0,20.168646031736372,True
36.0,-105.0,9.420985357727552,917.5226548891601,2156.0,24.239957653394793,True
36.0,-102.0,7.102542018647023,953.9322945341632,1108.0,19.494400559773936,True
36.0,-99.0,6.639783724416734,792.5086943354052,559.0,14.557268069074802,True
36.0,-96.0,6.32604364306011,698.9783761925232,195.0,11.467126348694466,True
36.0,-93.0,6.548608652549962,673.7731203751475,303.0,11.664838974694504,True
36.0,-90.0,6.447261727717393,618.1753144303857,73.0,9.759820769964637,True
36.0,-87.0,6.909031649520745,597.3989796678752,236.0,10.292678143889745,True
36.0,-84.0,6.534939351271583,492.2828055763132,323.0,9.300200499726333,True
36.0,-81.0,6.819961109873507,320.6522027561354,429.0,7.499456913428318,True
36.0,-78.0,6.064358532796035,101.31325615170091,66.0,2.7058340185400986,False
36.0,3.0,7.543675767315428,76.08687748836641,936.0,6.713259796292015,False
36.0,6.0,6.989763035773533,90.4052096501338,1001.0,7.232702747048817,True
36.0,9.0,6.872374327321139,110.86280918773822,608.0,5.545516948769485,False
36.0,39.0,7.112592516249435,262.290613382371,259.0,5.856906529732599,False
36.0,42.0,8.466257505289416,525.6499563338214,308.0,9.678326407013294,True
36.0,45.0,7.820950702961796,407.7374551863907,485.0,8.962074641431187,True
36.0,48.0,8.318621632224039,206.27157700887795,1483.0,11.216168015780562,True
36.0,51.0,10.51295577878791,82.87803576582093,2328.0,13.765483725699848,True
36.0,54.0,8.94691435039094,90.75621459910339,1376.0,9.112469394255823,True
36.0,57.0,9.403961086787843,283.17263380530454,887.0,9.280484367076037,False
36.0,60.0,8.483297937274592,543.5536262816817,955.0,13.156458244905238,True
36.0,63.0,10.10576932833843,808.7660197554441,597.0,14.96804254827893,True
36.0,66.0,9.852588695858538,1075.1316816142596,1291.0,22.055288236321644,True
36.0,69.0,8.963418861911666,1183.9761822662151,1114.0,22.6483965551752,True
36.0,72.0,10.152946090225626,1274.8480033855974,2408.0,30.352435885976412,True
36.0,75.0,15.85618177198293,1417.7132421599113,4749.0,43.9975458285316,True
36.0,78.0,15.55072185325723,1599.1871223190972,4633.0,45.88196112109334,True
36.0,81.0,14.986144944465275,1655.26378850867,4415.0,45.55348224794774,True
36.0,84.0,17.003010446500507,1518.754130275837,5133.0,47.289681089145866,True
36.0,87.0,16.091111303514687,1422.5966887459972,4833.0,44.48386303317064,True
36.0,90.0,15.383623554750368,1380.9989758535362,5021.0,44.85896609209102,True
36.0,93.0,14.871720243726909,1398.8655299335953,4663.0,43.31159389649822,True
36.0,96.0,12.680307746042224,1474.0240877863246,3817.0,40.102247112138286,True
36.0,99.0,13.307600315395268,1598.3667566835327,4467.0,45.04082055576237,True
36.0,102.0,9.142962678997344,1404.6732439452585,2005.0,30.100462652776613,True
36.0,105.0,8.30353692113621,1147.2563548138867,1620.0,24.67974129837258,True
36.0,108.0,8.690968879180103,893.72245445196,1172.0,18.996750931457616,True
36.0,111.0,8.569677842415373,647.9270603434796,1305.0,16.323849479464453,True
36.0,114.0,8.398472727210448,421.22581344445166,349.0,8.465246546575653,True
36.0,117.0,7.58831086367947,227.9175326586555,87.0,4.530120093504541,False
36.0,120.0,6.937402286158134,15.69707452379675,99.0,1.70816627203316,False
36.0,129.0,6.912693233069196,36.74804082581643,150.0,2.2490383944145873,False
36.0,138.0,7.494689981567764,103.92746669445624,899.0,6.906334997710716,False
39.0,-123.0,10.257507033555385,51.52302733479187,852.0,5.959682711206473,False
39.0,-120.0,12.908389401855263,169.1882593141501,1897.0,12.782576561486158,False
39.0,-117.0,14.684772546507876,407.3581048097304,1766.0,15.361923063316139,True
39.0,-114.0,11.662975616096157,662.7788665578155,1556.0,17.780537007855138,True
39.0,-111.0,12.133219691574112,859.1408031156616,1791.0,21.622132106310687,True
39.0,-108.0,13.607267816914366,978.3188414453659,2994.0,29.25556986682807,True
39.0,-105.0,12.049332178865948,1135.4561648687645,2798.0,30.40949471891782,True
39.0,-102.0,7.8696518525893,1215.2299412933617,1201.0,23.507822602763852,True
39.0,-99.0,7.318723943657321,1096.0999336899445,552.0,18.645037099509448,True
39.0,-96.0,7.248380488158994,1022.2347516497953,331.0,16.53694792740422,True
39.0,-93.0,6.875535649998511,991.4288583270732,184.0,15.383603896081654,True
39.0,-90.0,7.272243471197931,941.1490847558815,181.0,14.685804570984871,True
39.0,-87.0,7.183848404282388,842.8695572661196,149.0,13.191168587673904,True
39.0,-84.0,7.29245966136358,583.9826678733028,279.0,10.325484629719453,True
39.0,-81.0,7.670153043604944,326.4016494669758,333.0,7.097534399761532,False
39.0,-78.0,7.978424658005336,78.01328118277053,393.0,4.024420358462024,False
39.0,-9.0,6.430074081969664,4.3341899995294675,21.0,1.1638583001936103,False
39.0,-6.0,7.154383074198308,205.74354934665456,247.0,5.028997400127569,False
39.0,-3.0,8.214354742822538,215.1124184516745,829.0,8.06622664257374,False
39.0,21.0,6.1163486747990214,4.147695534207729,0.0,1.056325705354541,False
39.0,27.0,6.818328868511343,9.365477851006471,4.0,1.147183189216668,False
39.0,30.0,7.955631742079618,176.33961184057426,1325.0,10.019691928794998,True
39.0,33.0,8.378812147015013,277.44598535115074,1059.0,10.062716481068627,True
39.0,36.0,8.325991968175988,232.3707423107139,1416.0,11.235594680579496,True
39.0,39.0,8.982363159749692,218.61595404120368,969.0,8.813804655879546,False
39.0,42.0,7.837698649242437,259.5909608063147,1478.0,11.915245247749754,True
39.0,45.0,8.724365954316943,333.81332720647987,1329.0,12.178184983463996,True
39.0,48.0,8.784270226404098,76.06596395970182,1176.0,7.912975790572751,False
39.0,54.0,8.209602530502021,12.67857031549295,-24.0,1.1721749848843943,False
39.0,57.0,10.030223678794444,269.82017663972096,53.0,4.92915799876741,False
39.0,60.0,9.6570857489692,497.4580404674956,119.0,8.350480189548591,False
39.0,63.0,10.031994222446093,736.9844659311689,180.0,11.908249047345274,True
39.0,66.0,9.119736229090517,984.3246799727532,446.0,16.59712915402999,True
39.0,69.0,11.301327559523632,1234.2656645399086,3468.0,35.10132772445196,True
39.0,72.0,20.322727715614462,1485.5588801983963,4871.0,45.52888959309422,True
39.0,75.0,13.154239704282771,1694.2877967533075,3774.0,42.87842827990991,True
39.0,78.0,13.22560369156748,1843.469673239299,1163.0,31.849318162589682,True
39.0,81.0,14.713184481443513,1937.4534578303392,1129.0,32.95561795733601,True
39.0,84.0,15.536567651758906,1823.2411452195165,1124.0,31.379614752081036,True
39.0,87.0,17.792691602924126,1746.8169237028471,979.0,29.616773823884664,True
39.0,90.0,13.92401643773634,1714.3115072799117,3061.0,39.585350268861205,True
39.0,93.0,15.770731824403656,1728.2294786676232,2733.0,38.134356320306324,True
39.0,96.0,14.264677857206475,1787.4766263450456,3199.0,41.268932585765725,True
39.0,99.0,12.215722859180902,1604.3945812465117,3810.0,41.83767841332763,True
39.0,102.0,11.989194426565303,1345.8019738947403,1362.0,26.085990805490574,True
39.0,105.0,11.513240314414949,1086.8747923553826,1319.0,22.354759680186095,True
39.0,108.0,10.494189392534182,827.7172244456541,1334.0,18.910399907971982,True
39.0,111.0,10.20579296465086,568.4905002617337,805.0,12.745100993554345,True
39.0,114.0,9.329676622798276,309.65573958192357,852.0,9.465124943522522,True
39.0,117.0,8.865028636569939,55.798972309490004,1.0,1.7627500439628743,False
39.0,126.0,7.851018687384671,52.018900011158046,133.0,2.3714166621515265,False
39.0,141.0,8.113162697061156,54.1424727899407,137.0,2.4202547804873946,False
42.0,-123.0,10.759120669579776,100.1509204532933,1440.0,9.560049499755722,False
42.0,-120.0,11.934987182823246,343.1719397892362,1586.0,13.590274942337828,True
42.0,-117.0,11.640645034793971,583.5992469090686,1583.0,16.84027777302515,True
42.0,-114.0,10.79029450841151,775.9805495495413,1533.0,19.20281586288277,True
42.0,-111.0,11.715516783344068,996.7743597367382,2004.0,24.556195805224903,True
42.0,-108.0,10.292589632680706,1230.6015126006596,1981.0,27.616568541116955,True
42.0,-105.0,10.571357225791306,1397.092593024167,1506.0,27.502517413268187,True
42.0,-102.0,8.078095044613335,1503.7436886587575,1173.0,27.28583929198593,True
42.0,-99.0,7.868020510624446,1412.1740419765722,688.0,23.617323490041848,True
42.0,-96.0,7.891774220512683,1350.49428650656,316.0,20.919712410759082,True
42.0,-93.0,7.945311770662755,1315.7244886687668,314.0,20.437538556121854,True
42.0,-90.0,7.9700121744501695,1143.2646439378825,209.0,17.570533864676445,True
42.0,-87.0,8.478776920781405,907.6506257017386,174.0,14.19589549702961,True
42.0,-84.0,8.417433628445742,683.4084915264856,262.0,11.590687314929674,True
42.0,-81.0,8.65626555572049,481.45041743227904,170.0,8.38809666873035,False
42.0,-78.0,9.28476211217138,316.4322115766219,656.0,8.577149433210526,False
42.0,-75.0,9.038712580983432,119.54330105252919,594.0,5.593398028293347,False
42.0,-72.0,8.488084507288763,55.3703136524641,175.0,2.6269288594004623,False
42.0,-9.0,7.281729715112853,11.665340445632001,0.0,1.1584153232516825,False
42.0,-6.0,8.115646350752451,177.4676504824505,754.0,7.180010693551678,False
42.0,-3.0,9.005984986857968,152.5585041859023,1294.0,9.541744486844554,True
42.0,0.0,7.654319444111694,135.1632803469685,363.0,4.650517347111832,False
42.0,3.0,7.497701554329025,19.656926267020058,109.0,1.8119410587061324,False
42.0,9.0,9.511474071570452,23.01937416620641,949.0,6.057603101177083,False
42.0,12.0,7.611661052913468,5.025524725193754,5.0,1.093246625768131,False
42.0,15.0,7.486397808492997,1.6224779522253099,3.0,1.0370332505912196,False
42.0,21.0,8.688430192933332,120.08567403320546,441.0,4.83576345337093,False
42.0,24.0,8.185536550270452,123.56996552960896,934.0,7.34808013189209,False
42.0,27.0,8.2399805439332,65.58701816501424,342.0,3.6006717066808935,False
42.0,42.0,7.491734058514469,19.8714448348223,60.0,1.5698542208568869,False
42.0,45.0,8.468827989453617,232.34562191440025,1045.0,9.380253545597556,True
42.0,48.0,9.959645041891106,26.56696640469094,745.0,5.085779403775702,False
42.0,54.0,10.414120292972624,8.552526765530606,186.0,2.046143313475906,False
42.0,57.0,9.769340621994225,216.92551420655005,76.0,4.3258484829249495,False
42.0,60.0,9.360472163590142,452.6877850423953,83.0,7.562500120875728,False
42.0,63.0,12.417932208700762,697.9297095947318,90.0,10.927885456296456,False
42.0,66.0,11.83369025191733,945.1610597029842,209.0,14.880287190766525,True
42.0,69.0,9.97459979547277,1192.9428337352554,432.0,19.360163682124767,True
42.0,72.0,12.118541436628009,1440.823966846605,3293.0,37.0313894697769,True
42.0,75.0,10.617092669440582,1688.5228265485994,2274.0,35.30013998452998,True
42.0,78.0,13.908951171347088,1935.814479927867,3896.0,46.768360637420436,True
42.0,81.0,18.02251215160531,2182.5813408040917,4432.0,52.79945460811956,True
42.0,84.0,13.016267976748658,2136.236946978004,1345.0,36.7350977399613,True
42.0,87.0,10.372952809891569,2073.948221964612,1045.0,34.38921685427943,True
42.0,90.0,14.01266153922504,2047.7109655583236,802.0,32.817914912282035,True
42.0,93.0,16.732737331009186,2058.9256732742133,824.0,33.080210643063815,True
42.0,96.0,13.61511243463539,1857.6928242719762,2208.0,37.26746855361344,True
42.0,99.0,16.31416590463287,1610.7389731237454,1422.0,29.983835255020463,True
42.0,102.0,15.431597894369649,1365.244945873447,1003.0,24.55502636496141,True
42.0,105.0,15.082348181435457,1122.554776761647,1170.0,22.094293868423165,True
42.0,108.0,12.67522014699582,885.1042005460001,1302.0,19.529715043414683,True
42.0,111.0,12.020561438689796,655.4218716804379,1276.0,16.280629017420345,True
42.0,114.0,11.484500132485106,451.26616068620245,1497.0,14.613194462118628,True
42.0,117.0,10.679590956372625,318.93828965296683,1425.0,12.45618197348729,True
42.0,120.0,10.444599580273898,156.547841709488,866.0,7.455919690414847,False
42.0,123.0,9.407284613761782,149.75621196172852,31.0,3.188689358440273,False
42.0,126.0,9.528427745711344,260.8633281648303,530.0,7.192523996478395,False
42.0,129.0,10.701207852597394,70.33901745492781,1172.0,7.81520385703792,False
42.0,141.0,9.114096888196968,7.657317851966206,0.0,1.103986376429701,False
45.0,-123.0,9.685402685586586,79.49221311216752,50.0,2.329504254063235,False
45.0,-120.0,11.861044955065458,281.5487664565354,1375.0,11.698432248479751,False
45.0,-117.0,12.93986933961114,489.1240929811546,1583.0,15.557305182684079,True
45.0,-114.0,13.5340475779816,694.6112305593542,2088.0,20.87282051099603,True
45.0,-111.0,13.937444406960022,911.9935796141417,2389.0,25.329872811160044,True
45.0,-108.0,13.68299079299525,1134.232098388139,1675.0,24.77787189611093,True
45.0,-105.0,10.082419064537731,1358.2149203878143,1211.0,25.49955861886652,True
45.0,-102.0,8.965552072261909,1470.9921857799718,759.0,24.77107388289202,True
45.0,-99.0,8.639707235985576,1393.6057361171675,444.0,22.145165896471134,True
45.0,-96.0,8.890779816107472,1311.756864760068,317.0,20.398658223441725,True
45.0,-93.0,9.12700841457664,1128.5334669509716,311.0,17.880484481194195,True
45.0,-90.0,9.185173876217272,960.9739047146682,420.0,16.150025626025194,True
45.0,-87.0,8.972104785720038,819.5112044649142,174.0,12.998962156633535,True
45.0,-84.0,9.318193607524185,719.9694385452564,262.0,12.087184975444583,True
45.0,-81.0,9.609178208653454,494.5086160068197,174.0,8.585427005372612,False
45.0,-78.0,9.707078690781051,258.7431865883208,355.0,6.288732473869397,False
45.0,-75.0,8.971018773613734,22.89250853939011,90.0,1.7608802659649176,False
45.0,-72.0,9.881652270851289,129.42362064051858,415.0,4.832572768298243,False
45.0,-69.0,9.453929776015828,51.27292486569601,105.0,2.221286319676152,False
45.0,-63.0,9.8858109091022,28.900224624907565,111.0,1.947465050406245,False
45.0,0.0,8.426296086619113,43.12540902777792,37.0,1.7706430545972243,False
45.0,3.0,9.308494737987452,175.4572926650138,1014.0,8.452710034390888,False
45.0,6.0,12.317130118409128,176.23710476351937,2444.0,15.613299882688594,True
45.0,9.0,8.470187608462705,66.08318613551488,87.0,2.332409667720292,False
45.0,12.0,7.845451875689695,28.81558443661191,0.0,1.3913156366491897,False
45.0,15.0,9.341984142763309,8.009129260507022,861.0,5.413763975357685,False
45.0,18.0,8.033280328691422,198.99091783578118,111.0,4.257296664209909,False
45.0,21.0,8.620173942469783,341.5004730560057,156.0,6.417576424100558,False
45.0,24.0,9.388167101772291,372.93455239212284,425.0,8.18945122148503,False
45.0,27.0,9.44456246748934,149.09943403751208,59.0,3.319770314229414,False
45.0,39.0,9.23218372216694,81.11838128008213,21.0,2.2065876177835153,False
45.0,42.0,10.359891388877196,234.55149517419164,505.0,6.710209304465522,False
45.0,45.0,9.983171906137256,143.59269013813392,46.0,3.1799887320758584,False
45.0,54.0,10.71837349445784,72.74913977751832,-28.0,1.987933318178699,False
45.0,57.0,11.904327184338424,300.1336036690735,137.0,5.760814337826018,False
45.0,60.0,9.314867655993416,534.1962076409808,30.0,8.40438449976452,False
45.0,63.0,11.82393369025071,768.6863701525692,90.0,11.88876090667189,True
45.0,66.0,11.670758596506378,1003.093232156124,127.0,15.257006092680164,True
45.0,69.0,11.704936463104865,1237.2304077630652,216.0,18.88158893742243,True
45.0,72.0,11.626056044128072,1466.9808140508082,306.0,22.451599454809976,True
45.0,75.0,11.302203016214904,1695.8622892407884,361.0,25.834809887889907,True
45.0,78.0,10.290568301234604,1924.5198719270716,469.0,29.47997986076963,True
45.0,81.0,10.945456165762955,2152.7424229729877,1379.0,37.129242103973176,True
45.0,84.0,12.060757467105237,2380.3647577879474,257.0,34.610353410760325,True
45.0,87.0,12.391163601544145,2402.8012313695012,446.0,35.86004072199783,True
45.0,90.0,13.37090390224814,2371.313533275824,1012.0,38.26243778188569,True
45.0,93.0,15.172651158640631,2137.5076362594314,1660.0,38.32735370040308,True
45.0,96.0,17.44343791918372,1905.7204841973721,1267.0,33.214684175400315,True
45.0,99.0,15.103068696308302,1677.1504450991165,1963.0,33.590703044446,True
45.0,102.0,13.170419353138517,1453.6762336321433,1338.0,27.430923252724508,True
45.0,105.0,13.225803659835227,1238.4180415852604,1362.0,24.627717004727835,True
45.0,108.0,12.731066274240607,1036.8584408324411,1082.0,20.49053762650455,True
45.0,111.0,12.647753240888033,858.4741001671891,1024.0,17.778078280270428,True
45.0,114.0,12.628314553171077,720.14373686105,1473.0,18.14455194657306,True
45.0,117.0,12.333036202692185,568.2854451259427,1069.0,14.062316344810302,True
45.0,120.0,12.233963093722872,465.6596433700346,1018.0,12.41365795696507,True
45.0,123.0,10.413422581102523,457.5486315516233,147.0,7.948510416471045,False
45.0,126.0,10.048596766809034,458.8170857710205,201.0,8.235736024770459,False
45.0,129.0,11.58316575633559,294.45351531800065,936.0,9.678678738018448,False
45.0,132.0,9.712163638707418,188.87696358834006,83.0,3.979949165529658,False
45.0,135.0,10.568082609725828,98.1475178567782,497.0,4.817843292495048,False
48.0,-120.0,14.546496828194488,166.79405659137944,1248.0,9.505063288510932,False
48.0,-117.0,12.268940231514348,389.91087959808436,713.0,9.859989744941984,False
48.0,-114.0,13.719896187534546,612.8816627586602,1158.0,15.112932980262606,True
48.0,-111.0,11.995190218452704,835.6200197196594,1076.0,17.727719867792974,True
48.0,-108.0,10.822353910382846,1058.0402832801526,759.0,19.163187046944472,True
48.0,-105.0,10.768890559959724,1280.0562831260795,676.0,21.76316432485216,True
48.0,-102.0,9.9315454759565,1169.4384322815372,628.0,20.020973910383276,True
48.0,-99.0,9.799101849140817,1076.3326895407522,440.0,17.816597923963414,True
48.0,-96.0,9.944850982889411,1015.2292987807024,352.0,16.546813877441938,True
48.0,-93.0,10.820182077886235,923.3583059026664,408.0,15.57920579415821,True
48.0,-90.0,10.885058209868696,745.0110279458356,425.0,13.242249759504448,True
48.0,-87.0,10.562819857013116,563.0721384534846,181.0,9.551519640198322,False
48.0,-84.0,11.189860679377318,415.0256837724298,437.0,8.821048785629596,False
48.0,-81.0,11.53986532957219,329.62956501229706,441.0,7.681369492866994,False
48.0,-78.0,11.514002102558576,322.3016239154179,294.0,6.846856052771375,False
48.0,-75.0,12.016333916488868,250.93799168381457,598.0,7.397737927066203,False
48.0,-72.0,11.92009704428322,88.62810796573653,529.0,4.848569706174702,False
48.0,-69.0,10.806658505335172,20.95974732299633,198.0,2.27463336864629,False
48.0,-66.0,10.120162639207477,6.0063986595540655,0.0,1.0815668937967442,False
48.0,-57.0,11.672303107935312,46.18939424026783,280.0,3.0272519737828376,False
48.0,-54.0,11.858639074029387,9.945578669192344,140.0,1.8350609583276323,False
48.0,-3.0,9.465199405919618,35.959924853287426,88.0,1.9283357795076432,False
48.0,0.0,10.465523055306363,124.98359441957633,113.0,3.2622772122178465,False
48.0,3.0,10.380262051531789,248.6525460682567,169.0,5.221701575606926,False
48.0,6.0,10.70329414952408,397.5559505473121,345.0,8.123809808432497,False
48.0,9.0,10.518157658337625,378.008126269807,746.0,9.863350354743979,False
48.0,12.0,9.892529864202126,264.21611610854495,485.0,7.0130548567540405,False
48.0,15.0,10.464949290138774,268.87670568117085,402.0,6.6613456631503,False
48.0,18.0,9.126741814024736,399.4403739356196,110.0,6.974400278045715,False
48.0,21.0,9.667133976209875,570.927571022422,104.0,9.27319641448449,False
48.0,24.0,11.115672121183438,497.0725738537889,653.0,11.015245552934454,False
48.0,27.0,10.398164863617415,322.4251437374506,164.0,6.198533451954579,False
48.0,30.0,10.84276570737561,158.28105755702853,188.0,4.089456761624447,False
48.0,33.0,11.093399085952743,127.7255436454144,111.0,3.2895128827047277,False
48.0,36.0,11.166819542218136,143.86994586138243,125.0,3.5787538647975734,False
48.0,39.0,11.141992207882954,80.94532959568144,106.0,2.629237575909354,False
48.0,42.0,11.402198562157466,224.94455649946806,75.0,4.4297470772627765,False
48.0,45.0,11.880039707529718,318.82269207493175,11.0,5.384612158377573,False
48.0,48.0,11.534476859141453,193.52420639423147,-7.0,3.6280587228336634,False
48.0,51.0,11.745369059463911,99.84387667251137,-15.0,2.355879845212704,False
48.0,54.0,11.840778437182674,141.9635708065682,37.0,3.1128652915531965,False
48.0,57.0,11.661394972776396,321.82813106348743,225.0,6.495426019842159,False
48.0,60.0,11.454321640885931,535.180028278401,195.0,9.242744784020685,False
48.0,63.0,11.594116746811451,754.8425114701807,53.0,11.515761305765055,False
48.0,66.0,12.093903062424284,976.9177716763978,378.0,16.15654333936548,True
48.0,69.0,12.066701814796144,1199.894167627117,346.0,19.024562796376248,True
48.0,72.0,11.96763832901461,1423.091708571489,699.0,23.820585402400823,True
48.0,75.0,12.13861653276965,1646.1511732120125,764.0,27.17473293221913,True
48.0,78.0,11.644259496825034,1868.8424281288233,668.0,29.71888017398942,True
48.0,81.0,11.886742962964082,2090.9948148733947,837.0,33.5807095859807,True
48.0,84.0,11.494209865091392,2144.949813900036,390.0,32.07841847276249,True
48.0,87.0,11.652126965254029,2207.279320180948,796.0,34.95485316805728,True
48.0,90.0,14.877350462489003,2266.8018340147914,2953.0,46.54816890592087,True
48.0,93.0,13.850657202473071,2213.577606920098,1211.0,37.11538390197493,True
48.0,96.0,15.212531906408524,2002.944013618416,1887.0,37.63497970493809,True
48.0,99.0,15.970712553902592,1798.761923199889,2643.0,38.64218691705449,True
48.0,102.0,13.7170358526495,1603.8256038095817,1733.0,31.44495169973412,True
48.0,105.0,12.576145039701217,1422.2558183363603,1092.0,25.774234013007774,True
48.0,108.0,12.83235265862517,1259.0600032096622,1809.0,27.143034843587216,True
48.0,111.0,12.911839551584306,1123.6874569372633,1327.0,22.894675665208034,True
48.0,114.0,12.131776084183398,972.3990464606552,778.0,18.0951790509357,True
48.0,117.0,12.575430877573188,855.7401572967108,591.0,15.575951336089332,True
48.0,120.0,12.371338442073482,794.6040381379256,891.0,16.24572283791303,True
48.0,123.0,11.384192512590644,786.6477380645109,271.0,13.037676282916058,True
48.0,126.0,11.151649224577104,693.4150402172943,234.0,11.586576246150857,True
48.0,129.0,10.845423551723911,570.0516883018606,281.0,10.146301927139268,False
48.0,132.0,10.924402899284177,483.25815972121734,68.0,7.902645809014131,False
48.0,135.0,11.521583298897935,288.58144344657546,58.0,5.208936002004495,False
48.0,138.0,11.71173184039587,96.1292124718186,349.0,4.050434705367296,False
51.0,-126.0,14.751866208231904,31.885264949306595,1510.0,8.983001898011585,False
51.0,-123.0,13.475377208634471,110.92255144365822,1576.0,10.386328248604878,False
51.0,-120.0,15.968534571608,269.5544973154549,1574.0,12.530550073543878,False
51.0,-117.0,15.242511785488215,454.5917097379392,1816.0,16.253355418241213,True
51.0,-114.0,12.411600119152633,656.1264177849947,1041.0,15.115196753520229,True
51.0,-111.0,12.46160739364069,862.7854297091105,728.0,16.356626135449723,True
51.0,-108.0,12.574685616663416,1069.5353289501486,606.0,18.55428976714302,True
51.0,-105.0,11.805833863641908,1032.207972449905,535.0,17.69238426586971,True
51.0,-102.0,11.33265517772262,890.6959124614332,537.0,15.780650491226263,True
51.0,-99.0,11.226308158935078,772.7508411205561,263.0,12.80895642241715,True
51.0,-96.0,11.207772526264794,690.8119157223252,268.0,11.721225815509177,True
51.0,-93.0,11.998933322830576,658.6249252573587,387.0,11.87912648499493,False
51.0,-90.0,12.114378738517884,549.0697000694689,381.0,10.361366526943389,False
51.0,-87.0,12.761610314209149,382.0926484241342,282.0,7.598818165599742,False
51.0,-84.0,12.44019866036205,202.53252615028296,102.0,4.260391705120843,False
51.0,-81.0,12.784554315225758,17.35777837804355,29.0,1.3807186303738315,False
51.0,-78.0,13.334823368669577,66.88165486743402,204.0,2.928252873099754,False
51.0,-75.0,13.281892920600432,265.50079894378575,377.0,6.490500849656611,False
51.0,-72.0,13.676924246029287,291.5827231801268,589.0,7.904693380786121,False
51.0,-69.0,13.43750113887358,183.640780565159,590.0,6.443841800074859,False
51.0,-66.0,13.33782811657576,78.55102983965489,632.0,5.226722985222514,False
51.0,-63.0,13.416701011051654,78.59036146633663,548.0,4.807257108712852,False
51.0,-60.0,12.664834988433489,56.65688854993558,249.0,3.014400546508125,False
51.0,-57.0,12.365888680524488,2.6549462837222535,0.0,1.0360541705329482,False
51.0,-3.0,14.442826019878249,24.69638457401725,25.0,1.4603769025151543,False
51.0,0.0,12.592932134900437,23.03758647276674,30.0,1.4628504243001723,False
-30.0,144.0,7.042768719544795,654.1294516346526,143.0,10.598077953198581,True
-30.0,147.0,6.4582366948750565,558.8997431399085,151.0,9.34485851183996,True
-30.0,150.0,6.083234777843336,297.66017468763175,329.0,6.687225172258039,True
-30.0,153.0,5.286805571034591,21.55479940152482,2.0,1.302714175872707,False
-27.0,-69.0,19.60474653510203,175.38289825690072,4845.0,27.606699758328713,True
-27.0,-66.0,8.564740988885516,467.67960456955143,2385.0,19.276089030054507,True
-27.0,-63.0,6.088651832457648,763.3636224653281,125.0,11.991477993079156,True
-27.0,-60.0,5.455395488236844,632.6911253226723,59.0,9.88694548188189,True
-27.0,-57.0,5.284553000487018,619.3616084983653,66.0,9.7409306434078,True
-27.0,-54.0,5.292392807645419,428.41323246507073,395.0,8.79285169687566,True
-27.0,-51.0,5.1304231257713955,232.7350112410435,668.0,7.500541452653371,True
-27.0,18.0,7.894600340810441,235.87046300849698,716.0,7.7831208876553895,False
-27.0,21.0,8.586040673065709,474.160963642195,901.0,11.944105886261008,True
-27.0,24.0,7.160033979721366,740.5738144159993,1410.0,18.106992399769272,True
-27.0,27.0,6.32865728150967,499.6099822193783,1379.0,14.679703558539158,True
-27.0,30.0,5.2782597176071215,271.0714115344947,1276.0,11.061149768638439,True
-27.0,114.0,5.393019541380098,18.33454149417206,0.0,1.2489830734908567,False
-27.0,117.0,6.796258332589895,287.76979586934726,464.0,7.227913827905736,True
-27.0,120.0,6.999448683560705,557.9660053913072,435.0,10.752178353213953,True
-27.0,123.0,6.860610757031687,652.8959341825122,464.0,12.186326786198515,True
-27.0,126.0,7.157012867564308,584.6822093957549,413.0,11.004984403594351,True
-27.0,129.0,7.23579181626263,517.4707720695211,321.0,9.632253084704097,True
-27.0,132.0,7.36610770394136,506.7495681835463,409.0,9.926659135932558,True
-27.0,135.0,7.674738691988735,592.2731457098457,120.0,9.643069318739705,True
-27.0,138.0,7.264582824285059,620.6113827877372,18.0,9.517902578257472,True
-27.0,141.0,7.330851905141862,693.4902021114108,86.0,10.847596944672958,True
-27.0,144.0,6.5305558098206475,767.2174496791397,158.0,12.208812966642718,True
-27.0,147.0,5.772801730171153,549.4455520207182,186.0,9.391470596441353,True
-27.0,150.0,5.357442812293589,309.27893722475216,269.0,6.545007967512134,True
-27.0,153.0,4.886445015276371,16.17687136936231,59.0,1.5146819131959401,False
-24.0,-69.0,18.029632520671026,148.4420514801915,3894.0,22.485843059101,True
-24.0,-66.0,7.086534468784863,449.5091880207985,2777.0,20.989334773322444,True
-24.0,-63.0,5.930714462183722,753.6458008335484,245.0,12.459509975319587,True
-24.0,-60.0,5.682902087937069,958.2932031355186,113.0,14.578621698580342,True
-24.0,-57.0,5.229339581508614,848.971778638384,63.0,12.844036753909254,True
-24.0,-54.0,5.150323686269143,553.5553022098394,432.0,10.677281004009618,True
51.0,3.0,11.415088252382803,26.617285922533313,11.0,1.4164627428280023,False
51.0,6.0,11.324063976370772,130.8629360530954,81.0,3.1821186716010357,False
51.0,9.0,12.032022358597676,268.4390511584441,436.0,6.8254023147316705,False
51.0,12.0,10.712024111474618,321.5538483552916,166.0,6.19670126066486,False
51.0,15.0,11.576841061242868,294.8436624990811,304.0,6.523976936737522,False
51.0,18.0,11.111551149391438,374.15016602824807,183.0,6.9959592546636085,False
51.0,21.0,11.174702785607089,391.49269004264306,309.0,7.861470730779093,False
51.0,24.0,10.942783908124024,476.25744917645335,202.0,8.477576159816238,False
51.0,27.0,11.285390385241312,545.0687405246891,192.0,9.362033496325278,False
51.0,30.0,11.058408720287924,440.1185671978354,123.0,7.5918101425466045,False
51.0,33.0,11.314974597258836,430.67331741708057,150.0,7.598543650523954,False
51.0,36.0,11.984373672395582,450.7269154128032,174.0,7.990871511305867,False
51.0,39.0,12.058077228964253,414.5141686524855,171.0,7.484102410300753,False
51.0,42.0,12.007051429185235,462.2513079070721,138.0,7.967372761378039,False
51.0,45.0,12.263743893531664,591.2069901489834,161.0,9.833590926223195,False
51.0,48.0,12.084751567365554,488.947725283811,84.0,8.059910109354153,False
51.0,51.0,11.28836818302713,432.72501937744704,34.0,7.046405763145731,False
51.0,54.0,11.604734972553628,456.7402390902355,91.0,7.657532446845398,False
51.0,57.0,11.90075620288346,539.4475899060993,336.0,10.005698270924828,False
51.0,60.0,11.8716564631095,683.0699863920055,344.0,11.996090415203433,True
51.0,63.0,11.76554958934482,858.0903127114324,287.0,14.087866446621252,True
51.0,66.0,11.835216870911594,1049.1008610817432,278.0,16.636789693490073,True
51.0,69.0,11.766305726779551,1248.5642151633126,353.0,19.720502041917786,True
51.0,72.0,11.772591113487245,1452.9082844533027,391.0,22.685494502875848,True
51.0,75.0,11.825067633451498,1660.0672826594434,330.0,25.19371369851524,True
51.0,78.0,11.585344903967645,1728.653479023752,166.0,25.305114245142555,True
51.0,81.0,11.78752625528464,1768.9922288474716,238.0,26.212914467748664,True
51.0,84.0,13.05442271252362,1823.9990802462585,1129.0,31.41490750974419,True
51.0,87.0,13.81765665438991,1892.2886366757791,1677.0,35.08227968605708,True
51.0,90.0,13.458676958595756,1941.8898693068818,1078.0,32.76086442518746,True
51.0,93.0,16.441817184478264,1999.1416368328858,2274.0,39.51834342819059,True
51.0,96.0,14.782133936238756,2067.632781103769,1662.0,37.38845316738919,True
51.0,99.0,15.543024499750269,1968.730103901722,2153.0,38.500354810985385,True
51.0,102.0,14.20347295661422,1802.2319042374772,1810.0,34.52430925954494,True
51.0,105.0,13.418259588857106,1651.4699710412474,1416.0,30.50696220674014,True
51.0,108.0,13.61079518422164,1511.5260421498917,1155.0,27.30152365239553,True
51.0,111.0,12.915173361037777,1368.2560800558576,1073.0,24.945917567158546,True
51.0,114.0,13.707559474116266,1251.0245815260814,907.0,22.523913817124185,True
51.0,117.0,13.949643864623104,1167.889311723632,1113.0,22.424936853206923,True
51.0,120.0,13.036747115222472,1102.2228353907258,818.0,20.058186104606058,True
51.0,123.0,12.971640652923371,919.8158234439218,773.0,17.356098882368457,True
51.0,126.0,12.325485084354913,746.300162998191,404.0,13.154756213515434,True
51.0,129.0,12.567970441884544,590.0094688626342,259.0,10.307328587154572,False
51.0,132.0,13.698274246491913,446.7066819175369,764.0,10.886276740440152,False
51.0,135.0,14.29467546543235,321.93891887286264,707.0,8.906930518293475,False
51.0,138.0,13.733348473092397,178.16665137243547,224.0,4.539503125637674,False
54.0,-132.0,13.935959658226857,6.062026285512275,56.0,1.3623223169572567,False
54.0,-129.0,16.06635315370667,17.828974698462748,882.0,5.652117476405124,False
54.0,-126.0,14.247517547841676,145.00406187766632,805.0,6.994155160298709,False
54.0,-123.0,14.55998137379683,295.0837041754902,712.0,8.567236702703157,False
54.0,-120.0,15.890184588120436,478.8278539973838,1665.0,15.827482257284471,False
54.0,-117.0,14.188770921618936,633.0864996123792,964.0,14.417314664736109,True
54.0,-114.0,13.39266014220287,792.1489049495166,710.0,15.307382129214435,True
54.0,-111.0,13.509380889947586,963.40467615981,688.0,17.52303550225022,True
54.0,-108.0,13.285261956785066,969.5972713865116,551.0,16.922130945428826,True
54.0,-105.0,13.583849226159275,813.9431636180037,603.0,15.06834816193249,True
54.0,-102.0,13.115354745392924,664.1386423554899,288.0,11.459002763187552,False
54.0,-99.0,13.274919069825376,508.0293316511692,234.0,9.069038323822877,False
54.0,-96.0,14.033745521725267,382.4134030344631,254.0,7.463174013208009,False
54.0,-93.0,14.092773024524565,325.15725960883975,257.0,6.700635585488044,False
54.0,-90.0,14.15508932853814,276.1564006168221,224.0,5.8702039203764445,False
54.0,-87.0,14.820490441608715,159.751592767081,112.0,3.72942662977696,False
54.0,-84.0,15.252830800845194,106.22908507456285,119.0,3.0375909753125634,False
54.0,-78.0,15.07782984885558,64.34269418663297,151.0,2.6287737870544756,False
54.0,-75.0,15.027939011375112,228.0370409439617,222.0,5.206743016019001,False
54.0,-72.0,15.814362674543936,376.0620992990876,450.0,8.35692330848161,False
54.0,-69.0,15.648463447263534,433.94453539367095,546.0,9.622966790646052,False
54.0,-66.0,15.833040263901855,365.2314284362127,519.0,8.554842798163769,False
54.0,-63.0,15.153359814049857,175.22245610066568,486.0,5.80952095384704,False
54.0,-60.0,15.384881943221515,21.75463697315535,339.0,2.9904279700954497,False
54.0,-9.0,17.27761489623565,25.174632179454044,152.0,2.101871504996986,False
54.0,9.0,12.36135784874149,6.306158453012155,1.0,1.0906376317919049,False
54.0,12.0,11.799657897592777,17.703128503149856,23.0,1.355408485072775,False
54.0,15.0,12.015323556047152,8.944822578195836,18.0,1.2114706906118995,False
54.0,18.0,12.38543845081348,64.74119207514985,159.0,2.674185388380535,False
54.0,21.0,12.16173880974548,100.37440335154403,131.0,3.018084397513968,False
54.0,24.0,12.239468686357794,209.29797328207692,108.0,4.382266477170605,False
54.0,27.0,12.00846806659546,386.25141706827577,232.0,7.405294243787185,False
54.0,30.0,12.23063949476043,503.26074765765344,193.0,8.799280953190934,False
54.0,33.0,12.1358689555788,649.8752791802267,193.0,10.790306291267479,False
54.0,36.0,12.486249203274554,743.44139968452,242.0,12.305934207715783,False
54.0,39.0,12.184716576823108,748.097220006169,222.0,12.269160247683775,True
54.0,42.0,11.9280172626538,773.9983847487587,136.0,12.190898064888142,True
54.0,45.0,12.47157999197206,852.434861779011,194.0,13.546065422958971,True
54.0,48.0,12.000520084380192,798.1243102521606,156.0,12.618528133224341,True
54.0,51.0,12.714900104809614,766.2182218252817,243.0,12.620243452387326,False
54.0,54.0,13.075974755670726,786.7019793251839,250.0,12.933412879235997,False
54.0,57.0,14.07591877174667,834.6845317458863,591.0,15.290015941109136,True
54.0,60.0,13.080203811912911,929.0594599458801,363.0,15.431627466065052,True
54.0,63.0,12.699581355846432,1057.4791882909599,184.0,16.280567376991236,True
54.0,66.0,12.440817262174416,1208.0567143939502,163.0,18.220410181469845,True
54.0,69.0,12.829710831915229,1370.9572188969885,147.0,20.352599032621104,True
54.0,72.0,12.220306332817344,1361.781541538198,56.0,19.77299333408873,True
54.0,75.0,12.863222843653968,1371.779955080591,106.0,20.158771789994425,True
54.0,78.0,12.852012646739738,1400.050696178292,109.0,20.557688454101203,True
54.0,81.0,13.22823589626547,1446.1536893942416,187.0,21.5737671019738,True
54.0,84.0,13.055397158146237,1508.3638890924165,192.0,22.443581613875015,True
54.0,87.0,12.623258356559106,1570.1897309156343,299.0,23.818176545834316,True
54.0,90.0,13.985641166209849,1620.3784468477027,1041.0,28.2097393081918,True
54.0,93.0,13.091294242677328,1683.854110831667,475.0,26.24173882509404,True
54.0,96.0,16.482864239297932,1759.052004489776,1679.0,33.282926220971156,True
54.0,99.0,15.815075238444862,1844.3890371015368,1353.0,32.81180312383887,True
54.0,102.0,13.221365701743329,1938.3565539440121,502.0,29.832882002559685,True
54.0,105.0,14.963552392665092,1888.3305300919722,1015.0,31.71852859864898,True
54.0,108.0,15.639585644285074,1751.882259864863,1316.0,31.37056108896484,True
54.0,111.0,17.337405565324183,1561.3718480906134,1884.0,31.623429697070527,True
54.0,114.0,14.928508928784352,1370.2269935972677,970.0,24.457682573050896,True
54.0,117.0,13.987815143004124,1178.5817671660634,718.0,20.59514039811514,True
54.0,120.0,15.011538928221407,986.6026623526498,832.0,18.558064154748983,True
54.0,123.0,14.19338066168699,794.5290343971042,558.0,14.579704287112676,True
54.0,126.0,15.08217813854713,602.790413600862,469.0,11.530893816699708,False
54.0,129.0,14.44300736794648,412.44801343601415,413.0,8.666044022461072,False
54.0,132.0,15.349554329145434,226.1501646726935,254.0,5.341119236255178,False
54.0,135.0,18.54736161758178,81.4386098914989,1554.0,9.875936322326554,False
54.0,156.0,15.38899853566608,10.12861190669598,49.0,1.3825465496929314,False
54.0,159.0,15.38614451483201,58.91360713776829,293.0,3.265046784930893,False
57.0,-132.0,18.994176127983824,39.374728108564824,1433.0,8.699708807714309,False
57.0,-129.0,19.95237095359021,138.7489839543722,1491.0,10.339211202100374,False
57.0,-126.0,19.771931938840364,276.5035476671484,1681.0,13.159918177319874,False
57.0,-123.0,16.076778416646,439.8297032140766,1059.0,12.267887369647159,False
57.0,-120.0,15.54451055869969,614.5590779749336,754.0,13.115712278899599,False
57.0,-117.0,15.29098902323332,787.8984782806416,534.0,14.369661335051113,False
57.0,-114.0,15.621901667937257,948.9969031844068,572.0,16.747377945244246,True
57.0,-111.0,15.953186353932542,969.4156166664744,500.0,16.664664074330723,True
57.0,-108.0,15.690214469222893,800.0227126767844,479.0,14.259308438150732,False
57.0,-105.0,16.395444055764038,633.6015649327175,536.0,12.284309251786302,False
57.0,-102.0,15.83284879957413,473.79753699875187,335.0,9.10917055244305,False
57.0,-99.0,16.486790770843502,312.8764727980057,291.0,6.703862500596918,False
57.0,-96.0,16.992711215316216,175.08430216007255,208.0,4.417644823333785,False
57.0,-93.0,17.025324582555676,14.38819256150251,48.0,1.4353916549852042,False
57.0,-90.0,17.14233936033786,4.4576507829099095,4.0,1.0805348976319167,False
57.0,-75.0,17.313624743132635,93.30243534806576,274.0,3.637047072026733,False
57.0,-72.0,18.537895114953475,203.47146590352492,388.0,5.7031425069698685,False
57.0,-69.0,19.794663139416627,100.38203960826279,244.0,3.5831880978802086,False
57.0,-66.0,19.895640496737432,148.99362201954497,346.0,4.753333387025421,False
57.0,-63.0,19.699671224243065,37.65708834461948,504.0,4.031383259719933,False
57.0,-6.0,20.213123130555747,5.000181983033742,0.0,1.0679024713295981,False
57.0,-3.0,20.905087215761323,45.814328750782174,658.0,4.9121585844356215,False
57.0,9.0,15.829338909284496,1.8443688358706862,0.0,1.025046528791124,False
57.0,15.0,15.027412466196186,86.98158038599558,201.0,3.18620986164182,False
57.0,24.0,14.098688348866698,4.274713230150467,19.0,1.1530506056654433,False
57.0,27.0,14.29411622716313,160.39612813842723,98.0,3.6681794201198414,False
57.0,30.0,13.094149742048652,295.44086817173707,118.0,5.602086989772189,False
57.0,33.0,13.434800539881891,360.6799861589588,255.0,7.173034212038661,False
57.0,36.0,13.043083903793631,467.79171898149633,145.0,8.07761154376872,False
57.0,39.0,13.250896779038412,606.7071976406145,132.0,9.899083743959546,False
57.0,42.0,13.414387432501686,759.5379327003675,144.0,12.03452512607099,False
57.0,45.0,13.956143355518355,862.2861540816333,153.0,13.47484597242858,False
57.0,48.0,13.973524843508782,945.9734205113158,135.0,14.521319050543669,True
57.0,51.0,14.62166394592424,1032.50846777772,94.0,15.491464992421438,True
57.0,54.0,14.582920059520529,1116.2510589257163,78.0,16.548689380211226,True
57.0,57.0,14.874773739521144,1150.9882225965544,226.0,17.760420062861208,True
57.0,60.0,15.56903868854439,1164.8387223140912,376.0,18.69850984902536,True
57.0,63.0,14.54649070556376,1106.678395184991,129.0,16.67369260661218,True
57.0,66.0,14.680562759310222,1063.1322677732455,57.0,15.722336196360674,True
57.0,69.0,14.801484040894422,1039.3988264785603,84.0,15.535036063578849,True
57.0,72.0,14.999964082691834,1028.1984272315117,100.0,15.462934641803928,True
57.0,75.0,15.204567671958564,1040.2391787280028,90.0,15.576448047126277,True
57.0,78.0,15.334564495034014,1074.4615477949565,135.0,16.26618781905551,True
57.0,81.0,14.934595415051094,1129.446304063153,111.0,16.89288080917762,True
57.0,84.0,14.640680798117192,1202.2404703900156,120.0,17.926425587896414,True
57.0,87.0,15.073471715574216,1246.8555386738228,110.0,18.482298215190514,True
57.0,90.0,15.465378477081291,1304.7855619140003,238.0,19.908987930792126,True
57.0,93.0,15.685765778956284,1376.9762023053725,181.0,20.60433682730696,True
57.0,96.0,15.469495154958246,1461.171185791147,259.0,22.13770470304378,True
57.0,99.0,16.0594477979449,1555.2545334188972,408.0,24.16035656382862,True
57.0,102.0,15.630133736396868,1657.3556584585115,478.0,25.896889841866585,True
57.0,105.0,16.09934994585113,1754.3399292851095,427.0,26.958936239691788,True
57.0,108.0,16.51811830173143,1699.8960841934236,366.0,25.91458882334669,True
57.0,111.0,16.682902026384923,1518.4068874198738,862.0,25.929965531161884,True
57.0,114.0,18.154560191756065,1336.7391644457732,1147.0,24.8879178531736,True
57.0,117.0,18.46744523725615,1155.2419560554501,1186.0,22.618185763233015,True
57.0,120.0,20.626237355737583,974.455847954664,1516.0,21.813110415224337,True
57.0,123.0,18.17306956571556,795.312310052454,902.0,16.310341170512324,False
57.0,126.0,19.698777682665018,619.4541131475818,1060.0,14.712186856544161,False
57.0,129.0,19.274338805590908,451.5827762509882,1314.0,13.70249410148842,False
57.0,132.0,19.903910848672812,303.7628354326081,1121.0,10.730099305174818,False
57.0,135.0,17.157154563348023,181.88906212296249,368.0,5.31005346362983,False
57.0,138.0,21.547638712100262,35.19487490786267,1092.0,6.937946401248775,False
57.0,159.0,18.4955197092478,120.2571563929901,554.0,5.403092183816805,False
57.0,162.0,17.154180072109114,49.40053056241401,346.0,3.400859205037582,False
60.0,-162.0,21.630187290837533,7.996771087702744,3.0,1.123596151371003,False
60.0,-159.0,22.754672437094115,106.30360871695345,463.0,4.7586030063762275,False
60.0,-156.0,21.073737042714136,106.49876587185032,123.0,3.0612532405397275,False
60.0,-153.0,21.334708675445505,12.654628061470275,1023.0,6.286849849074766,False
60.0,-150.0,20.561907504780688,18.266140108993085,1338.0,7.938054182680126,False
60.0,-141.0,18.90235460643792,16.125587776514514,290.0,2.668985482005067,False
60.0,-138.0,23.037594289248545,58.046774824363084,1320.0,8.388275202114851,False
60.0,-135.0,18.23312015925107,67.70125184938088,668.0,5.2593830001145925,False
60.0,-132.0,20.166561282527763,196.27025456874503,1125.0,9.290350057043558,False
60.0,-129.0,19.57465965583818,322.34593905980057,806.0,9.407457852432092,False
60.0,-126.0,18.762944488712087,475.08761473586617,1070.0,12.801689808113064,False
60.0,-123.0,16.628145374451957,616.5511543978275,368.0,11.212764676722498,False
60.0,-120.0,17.38451679601654,746.4191007940991,471.0,13.491371388783866,False
60.0,-117.0,16.875631330410506,860.2559293573852,300.0,14.18227552067329,False
60.0,-114.0,16.98848291388775,786.2828925440124,292.0,13.137721680747688,False
60.0,-111.0,17.06641256392297,735.4105153733101,282.0,12.39687479876955,False
60.0,-108.0,18.88645748377926,712.4398546417405,481.0,13.079933226034836,False
60.0,-105.0,19.28015407108837,567.0582990221333,479.0,11.09565170072057,False
60.0,-102.0,20.50722130155424,401.20933919055545,354.0,8.218422826207743,False
60.0,-99.0,20.108598239821344,234.48239177502688,311.0,5.739270880304865,False
60.0,-96.0,20.382129492728513,67.75271472780356,160.0,2.7200818660035724,False
60.0,-75.0,21.37187675643357,127.24905229883225,178.0,3.618042130218142,False
60.0,-72.0,22.2123284832963,74.81371587936118,216.0,3.0959702616417246,False
60.0,6.0,21.100979450064376,3.507433922290162,382.0,2.9576309526647004,False
60.0,9.0,18.251262691477912,92.10513562545029,918.0,6.840787741793615,False
60.0,12.0,17.59798878793362,82.63008003661916,340.0,3.822116486897288,False
60.0,15.0,17.049244104205233,146.28788519103867,271.0,4.341589480894305,False
60.0,18.0,16.13549877745271,34.22152890549405,38.0,1.6547283625366092,False
60.0,24.0,16.485370276967483,1.733084720643771,0.0,1.0235352905063424,False
60.0,30.0,16.512960078276507,3.203824246991088,0.0,1.043507933274139,False
60.0,33.0,15.023750275942906,157.35521358708556,58.0,3.426883800512622,False
60.0,36.0,15.436183649483713,324.1256613554927,178.0,6.29162648120759,False
60.0,39.0,15.41219105334001,431.76995734148096,143.0,7.578436020697311,False
60.0,42.0,16.310456275510237,486.3049911736652,222.0,8.714021780138374,False
60.0,45.0,16.601442827782165,571.8907216739605,178.0,9.656276000332383,False
60.0,48.0,16.92001376612441,656.9036504797933,173.0,10.785751573515594,False
60.0,51.0,17.451038029974143,752.3420548133714,206.0,12.246805104365585,False
60.0,54.0,17.813828667008853,832.1660690668922,177.0,13.185815217928395,False
60.0,57.0,17.87610961026862,901.4942138799532,148.0,13.982291424489766,False
60.0,60.0,17.95533968131204,861.6721350752815,250.0,13.951507594322322,False
60.0,63.0,16.47031946572903,790.9242570709206,81.0,12.1457514110231,False
60.0,66.0,16.956233445878915,737.6694610986997,49.0,11.262551281720341,False
60.0,69.0,16.795639271128287,708.3955480639183,39.0,10.815011542708012,False
60.0,72.0,17.96133732522985,694.6168943543013,62.0,10.742897425331412,False
60.0,75.0,18.42383948725482,710.5917499061383,87.0,11.084835963725357,False
60.0,78.0,18.77811031590638,755.7915637740728,89.0,11.708649436051909,False
60.0,81.0,18.617433311303135,825.954760611474,73.0,12.581465649103816,False
60.0,84.0,18.792735209580297,879.2202727954993,150.0,13.68981130456288,False
60.0,87.0,18.31744553757798,930.6680722373845,156.0,14.418472420983681,False
60.0,90.0,18.431315805449323,1000.7283030184653,130.0,15.23989035499076,False
60.0,93.0,20.09434725236799,1085.665577160443,526.0,18.373338537838816,False
60.0,96.0,19.944246463511032,1182.1109202098987,464.0,19.373066296450425,False
60.0,99.0,18.87837165027059,1287.2910710404321,415.0,20.55641274472907,True
60.0,102.0,18.617698880608433,1399.0298083335092,375.0,21.873824797169053,True
60.0,105.0,18.585475528834067,1420.7566834977667,366.0,22.123875761899676,True
60.0,108.0,18.44483727106209,1425.9252403100775,322.0,21.97406476341085,True
60.0,111.0,18.804225918089045,1409.586528903799,396.0,22.12218506251359,True
60.0,114.0,18.674018526696543,1382.1923982584767,405.0,21.795172768350113,True
60.0,117.0,17.7034119831427,1222.6402221743485,197.0,18.58845421712765,True
60.0,120.0,18.341394036487596,1068.13552601688,277.0,16.89028044330923,False
60.0,123.0,19.57582966756337,921.601193639591,412.0,15.575344209625646,False
60.0,126.0,21.223675213172154,785.434940522148,621.0,14.771206492290771,False
60.0,129.0,20.25323916688442,654.2466555494963,353.0,11.64966958236216,False
60.0,132.0,20.613153056836502,513.2041352591932,218.0,9.059312156819843,False
60.0,135.0,21.091372125214217,380.0495055217779,329.0,7.806072284985744,False
60.0,138.0,21.469445456199175,244.72485286235948,635.0,7.498363501870843,False
60.0,141.0,21.805066456433952,120.36732340641369,840.0,6.834588251859098,False
60.0,144.0,18.850349644975097,65.62328964140646,310.0,3.4411642733302994,False
60.0,147.0,19.7740690492188,65.71700613574482,340.0,3.592436943323415,False
60.0,150.0,22.41399934481843,31.425908215432504,704.0,4.946763833565573,False
60.0,153.0,20.654657064332497,74.41498540526133,174.0,2.8805555018034488,False
60.0,162.0,19.955585641519622,21.764798596434925,269.0,2.640565964939586,False
60.0,165.0,20.005314023484974,7.305465280243932,45.0,1.3242082185057127,False
63.0,-162.0,26.452556383942664,42.999796683446895,268.0,2.9239372389612086,False
63.0,-159.0,24.11599153808312,120.99487802204465,32.0,2.8031104435393663,False
63.0,-156.0,24.03161917842918,253.82765072088839,126.0,5.076979496789664,False
63.0,-153.0,26.50584341731093,225.9519341440806,363.0,5.883427265676614,False
63.0,-150.0,26.015761194483243,169.2637916187018,664.0,6.61860229018197,False
63.0,-147.0,26.48244897349135,201.8650316714553,820.0,7.841327130098363,False
63.0,-144.0,25.61093782367331,241.2497339775258,1322.0,10.886171387414802,False
63.0,-141.0,23.34953791133804,321.2282195000818,699.0,8.857279220811112,False
63.0,-48.0,37.82446100883248,90.58291888233832,2088.0,12.670116038422155,False
63.0,-45.0,46.35209378833952,108.93715163155913,2833.0,16.644366519156574,False
63.0,9.0,18.552251585891455,23.81596456184148,26.0,1.4534207987498071,False
63.0,12.0,21.156171835480645,80.53666248719695,730.0,5.743687876576135,False
63.0,15.0,19.198958524712364,134.3116780493497,356.0,4.603952587910169,False
63.0,18.0,18.399840131115752,13.447219846480095,121.0,1.7876132455151996,False
63.0,24.0,19.63498309230746,91.15671175886126,124.0,2.857908145685336,False
63.0,27.0,18.93069703934604,204.4840320581436,107.0,4.3118931553495905,False
63.0,30.0,18.7703488934327,269.7897446658268,109.0,5.208744732561928,False
66.0,-165.0,34.87760439046931,31.118049688010405,24.0,1.5425831147631814,False
66.0,-162.0,30.77724380802741,5.630567011343146,2.0,1.08646310001404,False
66.0,-159.0,29.576591945435297,72.35779182548983,123.0,2.597618812990152,False
66.0,-156.0,27.675503644142257,195.43517820121147,62.0,3.9640097199724518,False
66.0,-153.0,28.755632936921053,327.5302748824689,401.0,7.452861132903927,False
66.0,-150.0,29.53381840808714,460.7824500229761,347.0,8.992425671312017,False
66.0,-147.0,29.672168402829875,451.9742067015682,323.0,8.752809727007296,False
66.0,-144.0,29.56891404362941,420.4552730914871,178.0,7.5997826085823945,False
66.0,-141.0,28.95625264638093,365.9051286669012,688.0,9.408991647296517,False
66.0,-51.0,40.56667737788776,24.745093714367734,1627.0,9.471038372641114,False
66.0,-48.0,43.68589064113709,142.63188146278074,1762.0,11.746940950264563,False
66.0,-45.0,54.25468222245736,206.03361044794264,2391.0,15.75293642988306,False
66.0,-42.0,52.72326320749417,96.83784304043907,2112.0,12.875057908489163,False
66.0,-39.0,42.170689227356704,21.71510529930249,1512.0,8.854891129964528,False
66.0,-18.0,28.850751037259535,10.49806215221015,434.0,3.3125636840270136,False
66.0,-15.0,32.55643813526786,6.378226243438133,212.0,2.14661631238589,False
66.0,15.0,25.38155375475844,54.59383346675342,728.0,5.381384258478512,False
66.0,18.0,25.808469090547188,173.72389588224192,435.0,5.534170506080846,False
66.0,21.0,24.17499442576275,64.40441056772387,225.0,2.99961189550969,False
66.0,24.0,22.0793681326352,22.773954705233944,26.0,1.439270304897077,False
66.0,27.0,24.998872346384836,94.76452687881272,198.0,3.276902275014277,False
66.0,30.0,25.32023189723417,149.49319365067987,277.0,4.415117569776232,False
69.0,-162.0,33.79642613333376,62.184194666542794,415.0,3.919461363571651,False
69.0,-159.0,33.48464864336731,146.08936400644905,477.0,5.368893563207578,False
69.0,-156.0,32.276097204886014,204.06398733274304,325.0,5.396188947978651,False
69.0,-153.0,32.030495523225355,166.50104427888826,256.0,4.541084181307303,False
69.0,-150.0,30.911362266075024,157.88423075537622,369.0,4.989067853658009,False
69.0,-147.0,36.351478666103986,130.16654695168873,1374.0,9.637661707603932,False
69.0,-144.0,27.74683449193516,111.83864960642337,1922.0,12.128768861655228,False
69.0,-141.0,30.891139153037905,70.36121347746854,795.0,5.930505279024023,False
69.0,-51.0,24.25637652091951,9.254933680615418,122.0,1.7356819993827572,False
69.0,-48.0,26.533248209005393,93.1381385632617,1427.0,9.399815921689093,False
69.0,-45.0,32.04900336577251,211.06132186724378,2139.0,14.561212750957171,False
69.0,-42.0,36.34385094275764,329.64892561860165,2611.0,18.53163240990061,False
69.0,-39.0,38.48309923391598,276.3135900678656,2900.0,19.252338553121614,False
69.0,-36.0,35.941776108938875,160.85068366520855,2747.0,16.91935228417353,False
69.0,-33.0,28.89730652887945,68.20176005453956,1383.0,8.841179901540647,False
69.0,-30.0,27.82420246987909,76.7343893672269,1617.0,10.127053007606943,False
69.0,-27.0,28.770980743405897,38.942918489513595,1045.0,6.753844833087595,False
69.0,18.0,22.17205272984781,14.71468652238907,630.0,4.349825442974044,False
69.0,21.0,23.38475885711977,51.82165024459216,863.0,6.018738010321562,False
69.0,24.0,28.265041098192587,112.20665285059097,404.0,4.543766345711026,False
69.0,27.0,27.190524641292985,134.13390007292182,255.0,4.0965383629902785,False
72.0,-54.0,24.029020785310543,13.525452809351163,1045.0,6.4086756491509895,False
72.0,-51.0,27.7726876723374,44.39745285486191,1722.0,10.212917409769025,False
72.0,-48.0,31.582352102409487,135.58127105958116,2304.0,14.361193660989112,False
72.0,-45.0,35.413813868097954,237.3630743771526,2717.0,17.808390550041732,False
72.0,-42.0,37.92567533708167,336.63757984193427,2970.0,20.421538334253466,False
72.0,-39.0,39.39304415691133,389.9325302926242,3150.0,22.045283761373838,False
72.0,-36.0,38.6426557009171,290.43646722610885,3104.0,20.464127224930557,False
72.0,-33.0,36.40505724625927,197.17358929771407,2823.0,17.792617342662957,False
72.0,-30.0,31.129810665530343,108.00614373599964,2018.0,12.556723431934875,False
72.0,-27.0,32.52019465870752,41.08080192112392,1658.0,9.847877290088864,False
72.0,-24.0,26.375716263173302,21.00952879480621,823.0,5.400309401033469,False
-24.0,-51.0,4.839440226830246,275.0977037054637,518.0,7.3258268163201965,True
-24.0,-48.0,4.4324672278099575,94.95118295601287,7.0,2.3244370645426544,False
-24.0,15.0,5.477891509907734,52.76525865655026,378.0,3.6065522125559526,False
-24.0,18.0,9.15658741724554,338.81612555478256,1172.0,11.461122985033947,True
-24.0,21.0,7.78914781290582,633.9297213507429,1021.0,14.713765615943089,True
-24.0,24.0,7.316060972421908,893.712692505689,1068.0,18.476618364227257,True
-24.0,27.0,6.55428510999274,605.7678910291977,1024.0,14.346327960176506,True
-24.0,30.0,5.203439116618213,335.89745073718495,1101.0,11.066487381010973,True
-24.0,33.0,4.880119337930336,142.6463795501175,45.0,3.1621378342905957,False
-24.0,45.0,4.349489111373748,130.9045194627529,222.0,3.8876833743041845,False
-24.0,114.0,5.056069422741117,53.83712476392199,27.0,1.8661081542940607,False
-24.0,117.0,6.919281643498482,320.7007505749603,391.0,7.3101161928079605,True
-24.0,120.0,7.006346284821004,435.08595444119936,626.0,10.038467261311487,True
-24.0,123.0,6.937367655897935,529.4053903620959,429.0,10.334325201117263,True
-24.0,126.0,7.240114634199452,707.459151552944,441.0,12.81229527808898,True
-24.0,129.0,7.3311250034881885,849.5764828794122,750.0,16.287248637502415,True
-24.0,132.0,6.903056945727082,837.7224787536516,539.0,15.071271261474589,True
-24.0,135.0,7.077211230443007,863.3375849092213,265.0,14.049124403067225,True
-24.0,138.0,7.119679839620554,731.4482837401791,72.0,11.293067693191633,True
-24.0,141.0,6.652023898566691,704.8332298726394,116.0,11.151635261670444,True
-24.0,144.0,6.195521723634864,603.0116893423675,204.0,10.20889874126935,True
-24.0,147.0,5.44411404082243,326.1976337611774,603.0,8.44476386647679,True
-24.0,150.0,4.889269957518122,104.8744899424988,172.0,3.2841955734191335,False
-21.0,-69.0,10.518634284201934,116.3460723372803,2979.0,17.474979662340267,True
-21.0,-66.0,7.643272291985964,424.88119992713524,3718.0,25.359886695010495,True
-21.0,-63.0,5.436421247299551,735.1004097913055,299.0,12.47766356496593,True
-21.0,-60.0,5.689679773688212,1045.720183466508,143.0,15.915880091475177,True
-21.0,-57.0,5.220481244758447,974.4330297475857,237.0,15.417800543972215,True
-21.0,-54.0,4.860423666648817,725.060949973433,347.0,12.581327700639221,True
-21.0,-51.0,4.75050514153132,538.2362117943143,402.0,10.319247756166789,True
-21.0,-48.0,5.168849890501495,371.83758440016373,802.0,10.059554396154223,True
-21.0,-45.0,4.960288584640535,231.50003341293265,881.0,8.548770453747625,True
-21.0,-42.0,4.673713752844426,111.52994322289999,604.0,5.534576628966981,True
-21.0,15.0,6.4243271786807705,131.29927562683633,865.0,7.108044163012438,True
-21.0,18.0,8.386262877340503,399.3160277179584,1661.0,14.727711656409873,True
-21.0,21.0,7.92973035138165,694.1153254653926,1195.0,16.401086119820032,True
-21.0,24.0,7.0016279270636,995.729610787773,959.0,19.31700811449796,True
-21.0,27.0,6.142842643838261,784.9520680476727,1055.0,16.934649084087397,True
-21.0,30.0,5.238738199088562,492.76480610472083,574.0,10.56174606690211,True
-21.0,33.0,4.439983061255258,186.74278073793852,121.0,4.140966962421205,False
-21.0,45.0,4.712510940097457,104.24450439043756,357.0,4.200640369622143,False
-21.0,48.0,4.525097497077317,44.89867471154011,18.0,1.6997240025827147,False
-21.0,117.0,5.696082898661401,38.07434846473824,469.0,3.8620496521511454,False
-21.0,120.0,6.178921535905489,115.3044088708819,449.0,4.810833872466576,False
-21.0,123.0,6.45929860795188,254.369526462813,241.0,5.659338169365,False
-21.0,126.0,6.6243374589396895,463.75374644368657,338.0,8.987775876705264,True
-21.0,129.0,6.127817142005031,638.1641611578175,363.0,11.481269308523162,True
-21.0,132.0,6.462647271596219,697.900273352925,615.0,13.552485712132722,True
-21.0,135.0,6.241917857531663,584.7935268761079,452.0,11.201496094977545,True
-21.0,138.0,6.220026680316619,423.5561456400304,208.0,7.791892457791613,True
-21.0,141.0,5.839429828075748,375.7144744953612,291.0,7.557202563647005,True
-21.0,144.0,5.388603956877263,335.5863538409892,281.0,6.962262685160634,True
-21.0,147.0,4.735213675963883,157.12936183492238,215.0,4.208816733718246,False
-21.0,165.0,4.540256836705146,26.976740412534586,0.0,1.3663441348022196,False
-18.0,-69.0,10.364869667878953,150.48707673756093,4671.0,26.398614502096077,True
-18.0,-66.0,7.014472095764579,462.5187302988067,3821.0,26.386004357457796,True
-18.0,-63.0,4.98877708430609,776.603672066309,396.0,13.526277866660475,True
-18.0,-60.0,4.820299036716393,1085.3634298196114,240.0,16.93923537695032,True
-18.0,-57.0,4.881207519450826,1183.0381975302294,90.0,17.515658722460515,True
-18.0,-54.0,4.904021526425162,983.3857429270489,461.0,16.659378388949325,True
-18.0,-51.0,4.594435386388842,815.081960933171,475.0,14.443813029472462,True
-18.0,-48.0,4.936220431408957,662.20147361212,695.0,13.46769601165259,True
-18.0,-45.0,5.005134821569963,547.047054036401,667.0,11.763898993814326,True
-18.0,-42.0,4.583318938303127,248.4195265915373,212.0,5.433537171113077,True
-18.0,12.0,4.445694209719474,20.903990041120814,0.0,1.2838761847584206,False
-18.0,15.0,7.136824734250227,285.80147624078427,1156.0,10.66118404734985,True
-18.0,18.0,7.211402376566085,562.7731221694615,1185.0,14.567458999061287,True
-18.0,21.0,6.898427671723582,838.4614481235026,1065.0,17.711306465517165,True
-18.0,24.0,6.272048319439059,1110.8581823516884,919.0,20.680454116335927,True
-18.0,27.0,5.904539429688619,826.7871548375075,1027.0,17.36276956269335,True
-18.0,30.0,5.812887384439323,524.5283776232179,1219.0,14.218095368123299,True
-18.0,33.0,4.280834820191406,256.73612676168403,680.0,7.88647660142367,True
-18.0,36.0,4.110036889539508,81.07318368096239,0.0,2.100973834387469,False
-18.0,45.0,4.232964413907939,103.98348669046861,533.0,5.077095749256564,True
-18.0,48.0,4.516227429458939,148.74517988760047,899.0,7.514959542873615,True
-18.0,123.0,4.932479530978742,67.69999409027183,160.0,2.7193659197458917,False
-18.0,126.0,5.46590918297759,220.36839184989847,173.0,4.857602761321621,False
-18.0,129.0,5.567641041558971,310.7034335236069,454.0,7.489352627250582,True
-18.0,132.0,5.603744786211818,405.80797903958864,247.0,7.745872355357614,True
-18.0,135.0,5.309097333406069,300.97669411385067,223.0,6.2022635060660924,True
-18.0,138.0,5.0283297131645215,144.16527240220512,245.0,4.182764399221946,False
-18.0,141.0,4.858075840273565,62.925396888254475,47.0,2.089526889742496,False
-18.0,144.0,4.804576250435744,214.705424483852,716.0,7.49569966449071,True
-15.0,-75.0,3.971873213509868,35.51341191207596,0.0,1.4822721337659917,False
-15.0,-72.0,5.774827385245283,196.40948696463678,3586.0,21.597240832979768,True
-15.0,-69.0,6.96019181166085,369.9574592914381,3809.0,25.06902229717773,True
-15.0,-66.0,4.545206711088678,598.7259766076162,222.0,10.240698762331427,True
-15.0,-63.0,4.640812494132719,870.1771452452138,293.0,14.282005632430003,True
-15.0,-60.0,4.586044110468651,1166.149954014389,223.0,17.951316375515404,True
-15.0,-57.0,4.456500487481832,1439.0713625787782,167.0,21.37758910381981,True
-15.0,-54.0,4.586789306564127,1269.320638339754,368.0,20.07737426865386,True
-15.0,-51.0,5.000624360171738,1110.3982406475463,526.0,18.70920810799368,True
-15.0,-48.0,5.235353216262081,960.0774096169038,1236.0,20.217851222597552,True
-15.0,-45.0,4.5968281273848905,639.6830937333202,460.0,11.986896412898489,True
-15.0,-42.0,4.793961235018665,318.39301994879816,894.0,9.793777210904679,True
-15.0,-39.0,4.0928971386749256,7.298895700102887,40.0,1.2991190036073972,False
-15.0,15.0,5.301116642526036,295.1036579744236,1141.0,10.712507675292672,True
-15.0,18.0,5.875957645331239,563.2709931904885,1237.0,14.834220087526834,True
-15.0,21.0,5.8403816791857714,852.7671340816302,1110.0,18.130577680828537,True
-15.0,24.0,5.664871356084422,1159.6858867399112,1089.0,22.193534341927993,True
-15.0,27.0,5.236556116563937,965.3279471682214,996.0,19.089153522544446,True
-15.0,30.0,5.558504495328101,718.7540982415048,693.0,14.225680654119635,True
-15.0,33.0,5.182906780025159,535.8561685855242,353.0,10.041926769391418,True
-15.0,36.0,4.557041319212141,328.26581274280863,519.0,8.05284973704734,True
-15.0,39.0,3.977821270150907,161.1641090623296,194.0,4.158608601066436,True
-15.0,48.0,4.352092059703803,36.61305444272437,258.0,2.787205279332197,False
-15.0,126.0,4.4380535724594745,44.07713882161601,600.0,4.598567545197545,True
-15.0,129.0,4.597303379246528,14.296884279666424,103.0,1.7091516885178701,False
-15.0,132.0,4.786823561847967,231.93213530856414,241.0,5.354638397490302,True
-15.0,135.0,4.119341949693195,48.708285868932535,146.0,2.3914585221001037,False
-15.0,144.0,4.494441836801555,59.86483066460966,224.0,2.932964400425399,False
-12.0,-75.0,7.934718775785216,192.11262033774472,4729.0,27.25388938418657,True
-12.0,-72.0,7.478056880627551,482.8684162086608,3486.0,24.987353092113615,True
-12.0,-69.0,4.251891439376973,642.63947036771,219.0,10.822044007593501,True
-12.0,-66.0,4.363565985396192,835.2126747678973,146.0,13.072188123348045,True
-12.0,-63.0,4.3249452601514715,1062.6804730686806,153.0,16.196200824272683,True
-12.0,-60.0,4.543908052875904,1319.3024623044464,582.0,21.82612743809438,True
-12.0,-57.0,4.59154761519318,1256.305162157278,370.0,19.910624102095834,True
-12.0,-54.0,4.401009216108647,1144.7099550456192,317.0,18.13016118951951,True
-12.0,-51.0,4.68841424095131,1049.7027952232413,219.0,16.349963959131617,True
-12.0,-48.0,5.145419197192769,982.1424090782972,758.0,18.127493915283274,True
-12.0,-45.0,4.680531486615207,664.1270834721231,757.0,13.803845793551432,True
-12.0,-42.0,4.6745563615750045,353.0118104272299,1299.0,12.288900385601782,True
-12.0,-39.0,4.167611329499619,77.07352734657074,49.0,2.291658501366431,False
-12.0,15.0,5.066154006646548,133.78621860198257,1976.0,12.696816848614924,True
-12.0,18.0,5.383315174327123,459.0326288542672,1382.0,14.14366309984095,True
-12.0,21.0,5.373020883807278,785.2265136444375,1197.0,17.64837605529146,True
-12.0,24.0,4.97068144038805,1111.055113085345,1172.0,21.948128435698987,True
-12.0,27.0,4.959530633400659,1183.858372883244,1238.0,23.266796703754455,True
-12.0,30.0,4.99402850453523,990.0546309734498,1224.0,20.564941888619447,True
-12.0,33.0,5.174707865893614,766.9452190694101,1095.0,16.890116074962588,True
-12.0,36.0,4.936023023280624,463.40656983809487,761.0,11.098061218401327,True
-12.0,39.0,4.271547628154028,160.55671409458782,476.0,5.560360177404503,True
-9.0,-78.0,4.109613213192977,63.481258905614055,343.0,3.5770754959382387,False
-9.0,-75.0,4.027943654482427,362.31306742289854,275.0,7.295211455602963,True
-9.0,-72.0,3.995368593420358,643.2305559547019,361.0,11.540070949864852,True
-9.0,-69.0,4.011370115207164,925.6256074651355,172.0,14.42999574937654,True
-9.0,-66.0,4.1524962462782655,1099.41351870828,151.0,16.685035584058443,True
-9.0,-63.0,4.209700401051153,1302.9603913725266,158.0,19.48420211483891,True
-9.0,-60.0,4.085839290477388,1159.6203428804854,182.0,17.657644256316992,True
-9.0,-57.0,4.292656705247034,957.1155191382506,218.0,15.087628749897444,True
-9.0,-54.0,4.43975048169172,841.2918427659058,332.0,14.084743224761,True
-9.0,-51.0,4.332737565392761,721.246748136069,220.0,11.894530839687816,True
-9.0,-48.0,4.572097567382843,728.1551779396754,314.0,12.458347316420792,True
-9.0,-45.0,4.69931892123462,645.1249870332047,438.0,11.950797323910919,True
-9.0,-42.0,4.998453742305291,541.2489130452998,670.0,11.70016023915517,True
-9.0,-39.0,4.506538565010109,303.3040922946308,535.0,7.793869573361086,True
-9.0,-36.0,3.9974454809893167,72.36903778670572,0.0,1.9827715331434637,False
-9.0,15.0,4.3235603565315825,183.01461276577635,1069.0,8.830338441359242,True
-9.0,18.0,5.081268875034505,502.7368728338739,1242.0,14.037166733084007,True
-9.0,21.0,5.020611394644679,813.5952996151826,1096.0,17.52862416877418,True
-9.0,24.0,5.029658483599743,1133.786692904926,1056.0,21.676823289648894,True
-9.0,27.0,4.836067158496368,1341.2653166059226,896.0,23.69438299950843,True
-9.0,30.0,5.302186010298236,1021.8554581852255,1463.0,22.191797122155364,True
-9.0,33.0,4.475655303241609,695.6105618267281,991.0,15.401391429606969,True
-9.0,36.0,4.595151645954993,368.3653566588567,826.0,10.132401543427275,True
-9.0,39.0,4.124359183501256,49.96903220725986,367.0,3.513579457374589,False
-9.0,117.0,3.58546657078481,9.652727567758655,0.0,1.1310840403701625,False
-9.0,126.0,3.798242493562081,9.370540738291002,0.0,1.1272519432259918,False
-9.0,141.0,4.229316640683588,12.569607366428043,0.0,1.170695268036093,False
-9.0,147.0,4.197066534631843,7.726995308600774,0.0,1.1049325962907985,False
-6.0,-81.0,3.728017504939503,15.490594965948416,0.0,1.2103622796375795,False
-6.0,-78.0,4.187031792528637,227.92676738458732,973.0,8.960245501082696,True
-6.0,-75.0,3.925834279531475,506.32831244753305,171.0,8.730938483037498,True
-6.0,-72.0,3.951761459871789,800.5083878796206,203.0,12.885903907405249,True
-6.0,-69.0,3.979387827654538,1100.74116826611,152.0,16.708065065053773,True
-6.0,-66.0,3.997113592345567,1382.23685737763,103.0,20.285776523188215,True
-6.0,-63.0,3.9845280187529206,1248.6439598901566,67.0,18.29158497530833,True
-6.0,-60.0,4.088182909489271,952.2625531719201,144.0,14.651725472074675,True
-6.0,-57.0,4.253736019569361,689.9040102321925,250.0,11.618896458953174,True
-6.0,-54.0,4.318753551598349,516.340719264071,236.0,9.191906967606084,True
-6.0,-51.0,4.308148481640995,401.2894952148795,294.0,7.919511345018063,True
-6.0,-48.0,4.603440428178017,413.30673169629546,281.0,8.017705416435692,True
-6.0,-45.0,4.597091827287027,312.3255441068305,260.0,6.541380888970758,True
-6.0,-42.0,4.874776482047337,347.68146320100465,254.0,6.991514270269644,True
-6.0,-39.0,4.240727071709728,218.26627640559784,327.0,5.599056033588019,True
-6.0,-36.0,4.307757626708565,94.22585141538951,511.0,4.83458706222099,True
-6.0,15.0,4.309937029000112,214.18767919928553,843.0,8.123668683526297,True
-6.0,18.0,4.552654919392046,545.6632691620007,980.0,13.31010719521997,True
-6.0,21.0,4.584517918830568,877.3774797200524,656.0,16.194786174598313,True
-6.0,24.0,4.758948118027025,1200.9319307007538,729.0,20.953655618916237,True
-6.0,27.0,4.904415942909685,1305.3440565760038,577.0,21.611572288302135,True
-6.0,30.0,4.439787239843392,973.6310555647112,770.0,18.071909734568777,True
-6.0,33.0,4.946707557219539,641.9188169064852,1166.0,15.547257533590068,True
-6.0,36.0,4.328631151478844,310.23619953604174,784.0,9.133007589699446,True
-6.0,141.0,4.223954905387542,235.06384067230974,10.0,4.242166956329966,True
-6.0,144.0,3.8449928153650865,166.79572886883784,212.0,4.325085998038817,True
-6.0,147.0,4.256447232080411,9.747632493920527,0.0,1.1323728492674408,False
-6.0,150.0,4.996933519838263,32.45808521144152,0.0,1.4407807971713757,False
-3.0,-78.0,4.825387615651168,197.74410511459794,955.0,8.46036494745624,True
-3.0,-75.0,4.013704223816459,527.3949391332284,128.0,8.802023273429242,True
-3.0,-72.0,3.931441480417236,859.7765202592038,139.0,13.370765145119988,True
-3.0,-69.0,3.833725453410638,1164.4404419285258,100.0,17.31310120138938,True
-3.0,-66.0,3.81907601314207,1323.662126250935,90.0,19.425331674487698,True
-3.0,-63.0,3.8486436686849137,1147.5767520763395,31.0,16.73909229319669,True
-3.0,-60.0,3.944097694079214,830.7987301371882,44.0,12.502246755263016,True
-3.0,-57.0,4.058095745391658,507.9338475919602,67.0,8.23274165029882,True
-3.0,-54.0,4.1737982907841635,218.9993614293644,277.0,5.3590113282107685,True
-3.0,-51.0,4.128091493781977,127.97753410119223,191.0,3.6929349130941906,False
-3.0,-48.0,4.100343454183269,162.47586570672902,117.0,3.79142225629738,False
-3.0,-45.0,3.9579505038101823,34.74687056576632,18.0,1.5618625022831067,False
-3.0,-42.0,3.8500681212660193,21.56574093188612,69.0,1.6378627618550134,False
-3.0,12.0,4.8555033372174785,138.11843569539323,210.0,3.92564835674344,False
-3.0,15.0,4.259888555393432,383.84386880972113,370.0,8.062599738436013,True
-3.0,18.0,4.285451070642575,632.7357085006696,364.0,11.412550921439093,True
-3.0,21.0,4.4068991158657616,935.1732505363663,360.0,15.499652742283853,True
-3.0,24.0,4.50543510605654,1252.9612246158488,563.0,20.830213430283226,True
-3.0,27.0,4.143643891441393,1348.6515766455339,648.0,22.554688410846353,True
-3.0,30.0,4.56193135329321,1028.636604362868,1325.0,21.59388508724775,True
-3.0,33.0,4.53233037671101,713.996576835832,1120.0,16.2960735134306,True
-3.0,36.0,5.141565186120551,403.18638979969495,1234.0,12.645271173479857,True
-3.0,39.0,4.111052553895556,115.05523376007271,368.0,4.402450074461787,True
-3.0,102.0,4.064446168559558,45.51904764618897,0.0,1.6181486670352463,False
-3.0,105.0,4.126024175675453,55.84922632800634,39.0,1.9534324935343261,False
-3.0,111.0,4.148446798874185,7.917172434285954,0.0,1.1075152016576033,False
-3.0,114.0,4.049588562148435,32.328786882400756,0.0,1.4390249258630023,False
-3.0,120.0,3.6659530387000534,28.82048159447834,7.0,1.4263821400530157,False
-3.0,129.0,4.149176463932463,14.287023818854157,0.0,1.1940177834600394,False
-3.0,138.0,5.959786392092429,142.20006904727657,2789.0,16.876076937662017,True
-3.0,141.0,4.288950351166634,44.21967501134957,93.0,2.0655031866541274,False
0.0,-78.0,8.350777644002996,167.32174064964974,4698.0,26.762229238022247,True
0.0,-75.0,4.041372424515108,434.7830370886082,196.0,7.8843536436632995,True
0.0,-72.0,3.8496201697175287,702.1400328656645,197.0,11.520061646315723,True
0.0,-69.0,3.8509760845193854,997.3321659704758,121.0,15.14877081387906,True
0.0,-66.0,3.815836384010604,1070.1812864118679,87.0,15.968061869473166,True
0.0,-63.0,3.950682301361086,857.6264212790978,55.0,12.92156680097015,True
0.0,-60.0,3.9446960482778426,689.8077996312666,129.0,11.0125899189926,True
0.0,-57.0,4.003591008521086,512.0144355834849,212.0,9.013156035223725,True
0.0,-54.0,4.0085807242505265,227.66422104035883,274.0,5.461680121728072,True
0.0,-51.0,3.857401834551349,6.711553783041491,0.0,1.0911429003737034,False
0.0,12.0,4.650166923578805,223.28154266546042,299.0,5.527163349396952,True
0.0,15.0,4.055119213757384,556.2333324607279,389.0,10.498648654816684,True
0.0,18.0,4.069479850653313,851.4536617284427,323.0,14.177740726272253,True
0.0,21.0,4.250012338475758,1095.6523525360294,364.0,17.69895894743928,True
0.0,24.0,4.300670420890615,1377.573397161754,426.0,21.83744673345662,True
0.0,27.0,4.203757151481587,1453.903096526018,757.0,24.529004050823325,True
0.0,30.0,4.932519678463226,1148.7937921443465,942.0,21.310619697320227,True
0.0,33.0,5.434135469039948,856.6556722879433,1133.0,18.29838402967027,True
0.0,36.0,4.492058037415409,556.4577509418983,1545.0,16.28169625779098,True
0.0,39.0,4.562425205100625,307.8382857981302,243.0,6.395443921138607,True
0.0,42.0,3.9023688128113383,71.87190589366392,23.0,2.091020482035956,False
0.0,102.0,4.042126637326798,65.72282049025695,15.0,1.9675159022576894,False
0.0,111.0,3.96785648816296,155.06607121957936,25.0,3.2307972471618878,False
0.0,114.0,4.045732842597433,320.91397260330746,425.0,7.483011747952915,True
0.0,117.0,3.956488449561192,54.080629829257845,25.0,1.8594149530813215,False
0.0,120.0,3.8935835688882703,9.766069006068411,497.0,3.617623217102409,False
3.0,-75.0,5.316054369504275,251.88621809100357,1766.0,13.250614841675828,True
3.0,-72.0,4.016583789774958,572.5593184548806,190.0,9.725355544617278,True
3.0,-69.0,3.945817200504688,726.9454054842058,122.0,11.481918606475514,True
3.0,-66.0,3.6493745654643623,788.7453735464728,117.0,12.2961621727611,True
3.0,-63.0,4.200664995658797,609.9489302479703,456.0,11.563106472767437,True
3.0,-60.0,4.236964325421501,404.69565971741423,103.0,7.010767058962486,True
