lat,lon,sawh_lcow,coast_km,elev_m,desal_lcow,sawh_cheaper
-54.0,-72.0,17.724481909097292,9.846117356389328,0.0,1.0668551368498835,False
-54.0,-69.0,14.697908404601687,41.04308856564036,0.0,1.2786825713606982,False
-51.0,-75.0,21.473813712675696,7.731015725647026,300.0,1.8024935967771434,False
-51.0,-72.0,12.26049007269353,82.85759897471715,173.0,1.9951030970383297,False
-48.0,-75.0,16.46393649207582,8.611003361062542,427.0,2.1259687128216145,False
-48.0,-72.0,13.527377331541032,104.6182049250791,1115.0,4.497857611441287,False
-48.0,-69.0,11.654346499571773,154.85465972610825,248.0,2.6714631395402755,False
-48.0,-66.0,11.197988413636288,4.727123213724185,0.0,1.0320971666211871,False
-45.0,-72.0,12.297099262755925,65.30823986084731,860.0,3.593442948655153,False
-45.0,-69.0,11.341741793989724,150.6582125203582,383.0,2.9804692630132323,False
-45.0,-66.0,10.538913486734264,4.31306032392608,0.0,1.029285679599458,False
-45.0,168.0,9.89678949872637,37.96314188450404,163.0,1.6652697333957824,False
-45.0,171.0,9.137254908745035,7.231011688131422,0.0,1.0490985693624124,False
-42.0,-72.0,9.730624728798173,40.96385521599831,797.0,3.270644576916628,False
-42.0,-69.0,9.35110990773507,280.83800597940944,881.0,5.10939006060019,False
-42.0,-66.0,9.691969216621642,77.84161631214836,163.0,1.9360445747594874,False
-42.0,147.0,7.683926680119418,89.13937435455965,141.0,1.95775635186746,False
-42.0,174.0,7.989481024995695,3.920131495285741,0.0,1.0266176928529902,False
-39.0,-72.0,9.072832224680266,108.71781434234467,1279.0,4.93569395938452,False
-39.0,-69.0,10.57684945548172,365.4680303841729,840.0,5.581527926308534,False
-39.0,-66.0,9.027000048960664,213.55548256438027,197.0,2.9425417266121423,False
-39.0,-63.0,7.627008170232284,56.52874604930889,33.0,1.4663301856748074,False
-39.0,177.0,7.264724133268014,23.489386384866812,0.0,1.1594929335532456,False
-36.0,-72.0,7.129379525962557,59.28271343736568,300.0,2.1525296242397127,False
-36.0,-69.0,8.358336898212794,308.4691422141323,1349.0,6.467005475633959,False
-36.0,-66.0,7.386807767287414,449.10790519695803,275.0,4.736942676287345,False
-36.0,-63.0,6.867747769751273,316.85042327998514,133.0,3.483914374071099,False
-36.0,-60.0,6.7575828006264,213.70717231589967,171.0,2.878571700024959,False
-36.0,141.0,7.060383645293159,121.31118340018567,99.0,2.0712029352872605,False
-36.0,144.0,7.1801226227438235,225.60514135942188,218.0,3.0768589098304746,False
-36.0,147.0,7.264079118079185,228.73853444222283,794.0,4.538134648862693,False
-36.0,150.0,6.551899898696187,14.630513444527956,0.0,1.0993411862883449,False
-36.0,174.0,6.595042176921575,3.5856680467020787,0.0,1.024346686037107,False
-33.0,-69.0,8.069620445136767,232.2267009846029,1169.0,5.499319299685453,False
-33.0,-66.0,6.335476986684325,510.7792873858179,594.0,5.953191361349704,False
-33.0,-63.0,6.201113012007035,420.1708832814803,129.0,4.175460297481251,False
3.0,-57.0,4.019394334109566,281.9257164130121,219.0,3.4617756144443517,False
3.0,-54.0,3.9109292931273583,262.8765939943488,191.0,3.2624320732216283,False
3.0,-51.0,4.120462578696033,8.646463443804572,15.0,1.096209486783433,False
3.0,12.0,4.324937334614633,227.97189647502813,683.0,4.255429177065441,False
3.0,15.0,4.152391810834186,560.9862231573762,541.0,6.161596455238584,True
3.0,18.0,3.981726660381777,894.0744653580525,355.0,7.9582656197811765,True
3.0,21.0,4.355953058427461,1227.174902937904,455.0,10.47001759094837,True
3.0,24.0,4.600260935263272,1560.2779536106123,442.0,12.699287305016057,True
3.0,27.0,4.451363791711912,1599.9944174104737,707.0,13.631462094217117,True
3.0,30.0,4.721060229409619,1300.4088221702084,1473.0,13.512275902535716,True
3.0,33.0,4.556541785562741,1022.0159396692579,1050.0,10.56448823035426,True
3.0,36.0,4.826222782637727,779.3841309892383,410.0,7.317018249416929,True
3.0,39.0,5.4038811411801175,541.3338606975533,555.0,6.063156914136387,True
3.0,42.0,4.550044502456693,305.23251701021724,414.0,4.107528790499375,False
3.0,45.0,3.988554970127442,111.65131718533327,111.0,2.035612443688413,False
3.0,99.0,4.441213064238546,62.5536740518238,445.0,2.5372394468118835,False
3.0,102.0,4.419973458684,53.277206694461995,567.0,2.779252233455397,False
3.0,114.0,4.085395322971582,97.95110254906204,266.0,2.3300879863081314,False
3.0,117.0,4.174541153197317,44.67094082451501,359.0,2.200815688198457,False
6.0,-75.0,4.123688087272548,249.98429697855053,1156.0,5.587393376484358,True
6.0,-72.0,4.397386961911792,341.5012110094726,833.0,5.401293222754319,True
6.0,-69.0,4.273828064029708,429.55780609202236,83.0,4.124197503364831,False
6.0,-66.0,4.361922569854871,462.61325798545033,360.0,5.041144021721207,True
6.0,-63.0,3.9905651895851424,326.4229943220209,424.0,4.276412131446522,True
6.0,-60.0,3.6926896883889544,152.9990421974582,119.0,2.3363634965207414,False
6.0,-9.0,4.299753843940884,89.42225971894088,162.0,2.0121771434916087,False
6.0,-6.0,4.207743014234887,109.48514701795277,200.0,2.243404148251899,False
6.0,-3.0,4.17115377538287,74.37827219896147,146.0,1.8700284682309483,False
6.0,0.0,4.118977664655838,36.95250498258326,78.0,1.4459075088317404,False
6.0,6.0,4.323988661336677,74.00767063588597,79.0,1.7000120836176658,False
6.0,9.0,4.5577041564929495,145.45556551935638,102.0,2.2426432898764297,False
6.0,12.0,4.884300891759843,335.0156198509414,917.0,5.567256058787892,True
6.0,15.0,5.144909244447691,626.7107784611678,891.0,7.4828661857513294,True
6.0,18.0,4.95710087488991,945.2887406032153,640.0,9.018510548695831,True
6.0,21.0,4.916234796563881,1266.2177554729064,485.0,10.810118559661035,True
6.0,24.0,5.483355166669468,1590.799887995808,644.0,13.411531239491538,True
6.0,27.0,5.494984767343303,1725.6116948879885,611.0,14.244403408289442,True
6.0,30.0,5.490219048777844,1473.3998910117425,513.0,12.286885259969733,True
6.0,33.0,5.535216842633995,1213.5994055816964,430.0,10.315339963899717,True
6.0,36.0,4.70622121037563,943.781475459195,447.0,8.525776218367934,True
6.0,39.0,4.576558825012024,725.1308470711089,1413.0,9.45613845161283,True
6.0,42.0,5.484854107980879,556.9022554313376,1299.0,8.028866314378783,True
6.0,45.0,4.789090257997689,357.67203772720916,542.0,4.783593136167751,False
6.0,48.0,4.023401569547101,90.88877018689229,121.0,1.9196347495689987,False
6.0,102.0,4.082526191859171,29.161548248597512,14.0,1.233006912607977,False
6.0,117.0,4.197761534095179,56.89254094563567,803.0,3.393800353020866,False
9.0,-78.0,4.103086438744953,17.5761489246558,330.0,1.944342051198413,False
9.0,-75.0,3.874368354697046,86.21464143010957,32.0,1.665397415310444,False
9.0,-72.0,3.7648989984337686,32.18464572839824,3.0,1.226033744495824,False
9.0,-69.0,4.252935051987976,190.8762059313945,86.0,2.511049438274169,False
9.0,-66.0,4.01737892346922,140.55453057447517,164.0,2.3643652626006864,False
9.0,-63.0,3.9916307911593214,114.62867738779367,74.0,1.963328719463119,False
9.0,-12.0,4.893904924593241,106.43020826682651,111.0,2.0001611141317523,False
9.0,-9.0,4.798326300847169,347.7787364093186,572.0,4.791417620219272,False
9.0,-6.0,4.892817852586831,428.77276035746576,330.0,4.736367042827193,False
9.0,-3.0,5.047144048968589,405.96154054060196,274.0,4.441478860270687,False
9.0,0.0,5.157323352290675,348.5904032615459,204.0,3.876928838145896,False
9.0,3.0,5.223023041291165,278.52900601512005,340.0,3.741211950842665,False
9.0,6.0,5.555795971096748,341.7564375057483,132.0,3.650526210664031,False
9.0,9.0,5.934401269728956,460.6737800094902,628.0,5.697974966264439,False
9.0,12.0,6.004006637589991,600.1332142229747,303.0,5.832404524573999,False
9.0,15.0,5.882277764205378,803.874845994018,372.0,7.388310204299382,True
9.0,18.0,6.18160482208742,1069.876394318492,368.0,9.18446071742256,True
9.0,21.0,5.630691122182407,1364.757998406884,433.0,11.349206809182743,True
9.0,24.0,6.209985905718981,1673.3126797477037,638.0,13.956793095486908,True
9.0,27.0,6.735827898857495,1540.00217232009,449.0,12.579114750053412,True
9.0,30.0,6.681903995872387,1262.131469282039,394.0,10.554872676425044,True
9.0,33.0,6.185617955816506,1003.8181823724857,398.0,8.810925458309178,True
9.0,36.0,5.1736826626026975,767.7793583432592,1717.0,10.50572184315073,True
9.0,39.0,5.229035318224671,477.00102199031096,2437.0,10.331336939314212,True
9.0,42.0,5.243104286319846,283.812070304877,1412.0,6.457083957370115,True
9.0,45.0,4.893853486959733,159.87806187013467,960.0,4.485572040098214,False
9.0,48.0,4.922712112140747,234.08264445975203,654.0,4.224421155881716,False
9.0,78.0,4.2577760555147215,24.3774397757356,54.0,1.3005228160772448,False
9.0,81.0,4.054822733026432,5.3058157004024675,0.0,1.0360264886057327,False
9.0,99.0,3.994905558142331,40.58134078619577,44.0,1.3855473039382693,False
9.0,105.0,4.103486531496935,20.15434847709272,1.0,1.1393480261594595,False
9.0,126.0,4.240842291947134,24.645904668672557,156.0,1.5573456927002867,False
12.0,-84.0,4.1969573463370375,23.36158347288976,17.0,1.2011251517809214,False
12.0,-72.0,3.857198845475431,19.17620815719335,44.0,1.240206453387343,False
12.0,-15.0,4.8846355297724315,9.185288908585976,30.0,1.1373681116892986,False
12.0,-12.0,5.848204429783702,295.1562775200028,263.0,3.661611124360819,False
12.0,-9.0,6.3100728300396,561.3931979930707,337.0,5.65435981437295,False
12.0,-6.0,6.1799931009950875,759.0915421700167,451.0,7.281731571334413,True
12.0,-3.0,6.091766997006026,739.27315972609,281.0,6.722164754540151,True
12.0,0.0,6.248367936368184,666.5444500031477,306.0,6.290836815521374,True
12.0,3.0,6.530143830622861,605.8073380817233,195.0,5.600931825574901,False
12.0,6.0,6.042846376053958,650.7903570982412,385.0,6.381366524697057,True
12.0,9.0,5.983001241104226,791.0931668011805,404.0,7.381522602580016,True
12.0,12.0,6.875500581090467,888.0941477240228,369.0,7.952659263046115,True
12.0,15.0,7.431695567258811,1058.340525718863,294.0,8.92113216963108,True
12.0,18.0,7.459840388079631,1271.2341953396224,379.0,10.579180186356036,True
12.0,21.0,7.447207107633035,1525.9489624946486,515.0,12.648693455338664,True
12.0,24.0,7.558007987110886,1629.9658306131666,755.0,13.954967989863402,True
12.0,27.0,7.771815662037956,1353.894261852323,479.0,11.390442037977273,True
12.0,30.0,7.536959097300237,1093.8100874314964,646.0,10.04197049365986,True
12.0,33.0,7.348530704832818,804.8890963074754,397.0,7.4576969639277575,True
12.0,36.0,5.820233417519151,536.7709592277412,695.0,6.382174813156363,True
12.0,39.0,6.116054226633116,357.6898679384172,2130.0,8.753714203301854,True
12.0,42.0,4.939407668077648,74.08717495082777,558.0,2.8980519179161206,False
12.0,51.0,4.35848431651285,10.76851706779191,0.0,1.0731182308903071,False
12.0,78.0,4.552341696549361,195.82740924892644,458.0,3.4746681088002105,False
12.0,99.0,4.273054389701157,32.4610344423913,181.0,1.672910423863837,False
12.0,105.0,4.328444540442605,180.1422739846602,9.0,2.2456660403558426,False
12.0,108.0,4.079248161419909,111.4203828527372,674.0,3.441544399570086,False
15.0,-90.0,4.57196537621125,132.65309754086442,1248.0,5.02071453230247,True
15.0,-87.0,4.639733195553086,85.35136970436677,1569.0,5.50203580029265,True
15.0,-84.0,4.1864760907988945,35.52050686868845,74.0,1.4261842416383947,False
15.0,-15.0,6.388740044466702,175.14540087845094,49.0,2.311737271964682,False
15.0,-12.0,7.59872188813413,406.7723578892218,129.0,4.084484310067816,False
15.0,-9.0,7.702845748551468,713.3445278604411,297.0,6.586109344172396,False
15.0,-6.0,7.999873848985323,1007.2794838437542,323.0,8.646927695299091,True
15.0,-3.0,8.199394071378713,1072.7541876710518,348.0,9.154000934286442,True
15.0,0.0,8.285197805149048,991.8357055227103,297.0,8.477064440499204,True
15.0,3.0,8.025558758829874,937.5354704631701,282.0,8.070865844444924,True
15.0,6.0,7.934618176518446,966.9074059888013,505.0,8.827801286663961,True
15.0,9.0,8.075104406073306,1083.569897150558,546.0,9.72243960165229,True
15.0,12.0,8.329508477272505,1193.0004094675535,354.0,9.985472780284688,True
15.0,15.0,8.393604029098526,1338.3978614128894,351.0,10.965221478993518,True
15.0,18.0,8.858219518158895,1518.8804796289946,286.0,12.028198456680874,True
15.0,21.0,8.617176464105054,1708.303502689929,487.0,13.816880783264619,True
15.0,24.0,8.365828813621665,1490.926928771127,971.0,13.550893846355953,True
15.0,27.0,8.521336832090329,1191.412932166572,689.0,10.812193809411024,True
15.0,30.0,8.961115515310272,901.0250606209215,502.0,8.372960161616056,False
15.0,33.0,8.58913913048808,637.6187306149737,396.0,6.319431180875672,False
15.0,36.0,6.00505090935054,368.07865730325403,438.0,4.594254083089094,False
15.0,39.0,4.7740816856039325,80.33448446033144,1862.0,6.200471149485651,True
15.0,45.0,6.322830317969312,197.8519680944836,1435.0,5.930914863361544,False
15.0,48.0,4.918265425862759,105.852465809953,1418.0,5.2637382428495805,True
15.0,75.0,4.566693898375707,85.67002399495743,530.0,2.9066994629257614,False
15.0,78.0,5.0531977700899375,220.66404915599955,252.0,3.128308893769237,False
15.0,99.0,4.733681272529988,112.32861851924854,813.0,3.7952113197456976,False
15.0,102.0,4.458198299243116,207.12457737143347,186.0,2.8713758803520335,False
15.0,105.0,4.514334568354056,314.44262382580126,137.0,3.4775654157771907,False
15.0,108.0,5.567508036849391,89.82419196077088,2075.0,6.7974062634136345,True
18.0,-102.0,3.996696037517129,3.0720168703515194,31.0,1.0983589945496868,False
18.0,-99.0,4.544102055090669,153.00041714132317,836.0,4.128872832389584,False
18.0,-96.0,4.207300985103603,85.46847971130586,28.0,1.6503309772397667,False
18.0,-93.0,4.177277482291461,48.96766602238066,6.0,1.3474904522919646,False
18.0,-90.0,4.13673882643149,151.47162993417098,213.0,2.5609923672530206,False
18.0,-66.0,3.9012233819886593,4.202568263183051,35.0,1.1160354385070128,False
18.0,-15.0,6.980285720841283,109.70368310096029,31.0,1.8223880082555204,False
18.0,-12.0,9.812208692958668,426.52613669310847,314.0,4.681112468146207,False
18.0,-9.0,9.57204216726612,743.7710411724208,262.0,6.705205369560738,False
18.0,-6.0,9.261254955414858,1061.013778252676,306.0,8.96928355433567,False
18.0,-3.0,10.30305265460805,1378.2011975783955,270.0,11.032986131557307,True
18.0,0.0,10.9753952447419,1320.1774496220064,370.0,10.889004882933424,False
18.0,3.0,10.400146375515485,1270.2318809577373,394.0,10.609874471703035,True
18.0,6.0,10.823657334712236,1291.7940041454308,344.0,10.631281288147475,False
18.0,9.0,10.331480011550427,1387.1357624209866,1031.0,12.9961518268385,True
18.0,12.0,9.457761358735857,1509.9759276353982,445.0,12.365236548644354,True
18.0,15.0,9.35847853994792,1423.4560337420312,448.0,11.785266469108393,True
18.0,18.0,9.640261686172966,1368.6589691794463,371.0,11.22069440072844,True
18.0,21.0,9.26601346418749,1377.0737281211625,480.0,11.550330613942695,True
18.0,24.0,9.091882407836833,1336.222640612277,804.0,12.082951729757362,True
18.0,27.0,9.451872403662971,1059.4965130766536,593.0,9.676481323790478,True
18.0,30.0,10.231773111155682,782.9590060289318,323.0,7.123791650936447,False
18.0,33.0,9.073747259112396,475.5366228859082,528.0,5.548893669395317,False
18.0,36.0,5.7924009747532885,180.03016450541892,536.0,3.562404816991794,False
18.0,42.0,4.900689303467799,26.858361676580298,138.0,1.5273682757839802,False
18.0,45.0,8.238178051089902,281.70885047690837,999.0,5.410303094738207,False
18.0,48.0,8.766180398853633,400.1437844917283,623.0,5.274476296698835,False
18.0,51.0,6.3141634649523555,235.94511369432007,481.0,3.8045673219844334,False
18.0,54.0,5.108937125047939,110.81740280845321,340.0,2.6024501650693974,False
18.0,75.0,5.417821592938449,199.68442787019518,478.0,3.5508572652386254,False
18.0,78.0,5.289499745627559,352.6395105037662,515.0,4.681922276320572,False
18.0,81.0,4.711951351931023,175.7166734336262,136.0,2.5331162126143223,False
18.0,96.0,5.00077223726903,112.12147830612243,184.0,2.2213048376985713,False
18.0,99.0,4.531271801924001,208.88027397578566,589.0,3.8907970602955846,False
18.0,102.0,4.707462399389928,396.7633612173786,365.0,4.6065232226660004,False
18.0,105.0,4.555485593239035,109.18297878314742,683.0,3.448852425937571,False
21.0,-105.0,4.207583945730921,27.942314061035965,581.0,2.642228312474434,False
21.0,-102.0,5.828269867897498,313.4853378519784,1968.0,8.048565444014933,True
21.0,-99.0,4.391675104206768,156.2940045862108,826.0,4.126236291140371,False
21.0,-90.0,4.1966248559441155,21.087639590210163,8.0,1.163185072817527,False
21.0,-87.0,4.116088328387555,18.994332701762854,12.0,1.1589715190449699,False
21.0,-78.0,4.089018660753314,28.239440782409403,64.0,1.3517458029125597,False
21.0,-15.0,7.929283398238773,152.32305242873352,141.0,2.3867735259911007,False
21.0,-12.0,9.941376697377844,446.5185525583548,562.0,5.43686097187123,False
21.0,-9.0,10.202793986198245,732.676785947503,374.0,6.909875376583546,False
21.0,-6.0,11.8804830684515,986.930439196176,282.0,8.406257682142035,False
21.0,-3.0,12.066657085109751,1171.0799175709342,309.0,9.724132640306642,False
21.0,0.0,12.452991993529762,1384.4808736698528,356.0,11.2906251322183,False
21.0,3.0,12.4488043851549,1584.1191382639931,553.0,13.138668948812514,True
21.0,6.0,12.45341993000681,1454.9785277480466,559.0,12.276804203409238,False
21.0,9.0,11.493489441870455,1337.6941037659535,657.0,11.725442964570824,True
21.0,12.0,11.854307579862615,1212.9751414969255,477.0,10.428601210764125,False
21.0,15.0,10.76198044322378,1105.5782762476522,512.0,9.786876495721557,False
21.0,18.0,10.006700716346096,1036.462624299826,1493.0,11.77008121899582,True
21.0,21.0,9.262230645841091,1046.8363980342572,564.0,9.518019142652605,True
21.0,24.0,9.428357258293676,1135.146573487488,745.0,10.570145233980043,True
21.0,27.0,8.660160271445182,917.3632347673207,465.0,8.391396364070108,False
21.0,30.0,9.58830202833222,625.8342491180144,290.0,5.974414551511318,False
21.0,33.0,9.74153785904694,352.43705549381303,351.0,4.270547606802991,False
21.0,36.0,6.050244339229962,115.77790221248428,430.0,2.8611319560227684,False
21.0,42.0,7.667696480885327,189.41469950847218,1427.0,5.853625809662526,False
21.0,45.0,9.650335957055283,457.6375098017881,707.0,5.874858691554142,False
21.0,48.0,9.156333047410625,503.22920487875365,348.0,5.286926301126737,False
21.0,51.0,7.98750834836982,344.75570228777224,179.0,3.788391218533974,False
21.0,54.0,7.103302568034856,341.9174009440729,153.0,3.7041191524102546,False
21.0,57.0,5.334076805374191,122.51401686290785,130.0,2.1568701744991445,False
21.0,75.0,5.563394642972715,212.50877771324178,224.0,3.002934600672912,False
21.0,78.0,5.382532780305365,512.8900828295,338.0,5.327523662412305,False
21.0,81.0,5.440003883885434,428.370285520034,307.0,4.676134238681031,False
21.0,84.0,5.2448864311215715,189.79312175271224,128.0,2.6086952967009163,False
21.0,87.0,4.532725843224414,11.47532640657924,0.0,1.077917466300673,False
21.0,93.0,4.682329539990504,55.855000152468214,1.0,1.3817554510352592,False
21.0,96.0,5.024371521781638,267.7615181754999,165.0,3.230600708411644,False
21.0,99.0,4.758674447398533,459.3796017026998,767.0,6.036687495561331,True
21.0,102.0,5.509379083571951,427.6354570122313,1019.0,6.45114475311305,True
21.0,105.0,5.4353952663266965,156.28860193996107,357.0,2.953699607172336,False
24.0,-105.0,6.237274952887429,163.5364379162933,2466.0,8.275412413451631,True
24.0,-102.0,6.331953195779318,415.94659163885996,1857.0,8.466777357227858,True
24.0,-99.0,4.523732527660551,130.35223752281354,178.0,2.330091692779904,False
24.0,-15.0,5.2834184771110495,50.201634777433036,202.0,1.8458691001387701,False
24.0,-12.0,7.391120918650528,304.87667152796286,244.0,3.680112599674868,False
24.0,-9.0,9.414981337887072,542.7252622907082,248.0,5.305104530953908,False
24.0,-6.0,12.001723092116794,718.4393307229042,317.0,6.67070305560852,False
24.0,-3.0,11.950828746845472,932.1285094759298,249.0,7.951652579341564,False
24.0,0.0,12.525512447844308,1170.127745894835,318.0,9.74016739462593,False
24.0,3.0,13.23307948730237,1293.7319501679974,529.0,11.106939941640702,False
24.0,6.0,12.50235303356031,1146.344231860615,1155.0,11.671177334333578,False
24.0,9.0,11.0315251254124,1035.7351037483936,871.0,10.210141354451594,False
24.0,12.0,9.118072422869789,901.0975767798398,916.0,9.408452546335113,True
24.0,15.0,9.907475614215995,800.1857211895275,576.0,7.873261046876891,False
24.0,18.0,8.940191069113862,705.5623747789377,468.0,6.960768524748987,False
24.0,21.0,8.428078689214118,719.30916084934,441.0,6.986609202167018,False
24.0,24.0,8.582106420850721,835.7381614454594,427.0,7.7421621162146685,False
24.0,27.0,8.068595193260213,758.7752181496354,688.0,7.872083731236025,False
24.0,30.0,8.721752892185906,490.85064634769435,258.0,4.9778758887008445,False
24.0,33.0,9.134441699323933,223.72192225164645,224.0,3.0790718520886795,False
24.0,39.0,6.973928505980592,63.21310485249722,558.0,2.824216981948456,False
24.0,42.0,9.46503354219062,334.63419873269993,957.0,5.664666209395032,False
24.0,45.0,9.969423890379202,556.5323878476645,931.0,7.106354913485642,False
24.0,48.0,9.402331398151988,285.5440078196699,479.0,4.136343813095558,False
24.0,51.0,5.784140497632874,49.200105751818576,23.0,1.3915687180548482,False
24.0,54.0,4.599343151180827,13.808778942358252,4.0,1.1037616090186126,False
24.0,57.0,5.054275820759427,7.498645103546918,26.0,1.1159158002530836,False
24.0,69.0,4.7221678381411305,28.023442200985077,0.0,1.1902791725446886,False
24.0,72.0,5.919434148909833,184.29762036607585,79.0,2.448880842285655,False
24.0,75.0,5.957060873379929,297.963601667863,465.0,4.185672855324789,False
24.0,78.0,5.830939421692163,559.6620657085354,395.0,5.7876054261609555,False
24.0,81.0,5.249055327258438,643.876483565691,349.0,6.244421323411043,True
24.0,84.0,5.484187136349388,421.4891715468415,244.0,4.471911474803053,False
24.0,87.0,5.103493954758641,204.78046976197325,189.0,2.8629593896837986,False
24.0,90.0,4.715933575771493,66.41939623607344,11.0,1.4784877004429386,False
24.0,93.0,4.534369684981286,198.54028435091882,310.0,3.1230885307427387,False
24.0,96.0,4.801735287808973,460.8864726342852,175.0,4.566919149186797,False
24.0,99.0,5.958197525833665,710.1852457649921,1926.0,10.637157818744297,True
24.0,102.0,5.66025274304158,585.3567993007905,1899.0,9.722072667252368,True
24.0,105.0,5.797599568493334,375.70394856869297,1183.0,6.508529810781425,True
24.0,108.0,6.050602623378237,238.11745194157362,226.0,3.1818174986832846,False
24.0,111.0,6.12529626942006,257.90677048710097,428.0,3.821186971607416,False
24.0,114.0,6.126531414718193,104.4444286422651,865.0,3.87167767048098,False
24.0,117.0,5.240276728409833,40.325136652983836,103.0,1.5313076778737602,False
27.0,-114.0,4.825770992996834,1.411863043286015,70.0,1.1845865500639121,False
27.0,-108.0,6.787935254290939,136.89741295311643,636.0,3.5195334339516604,False
27.0,-105.0,7.945493047814072,373.0011463294526,1439.0,7.130177783576983,False
27.0,-102.0,6.196605895952355,421.44553546242514,767.0,5.779115185789866,False
27.0,-99.0,4.824849781434918,131.96571620265556,139.0,2.2435472130160314,False
27.0,-81.0,4.712776442183749,79.98570588731046,4.0,1.553102942974838,False
27.0,-12.0,5.271058063703918,120.5725432035079,224.0,2.3786875683518187,False
27.0,-9.0,6.911343018146318,271.1318994371622,454.0,3.9759855971783313,False
27.0,-6.0,10.186818305450627,489.3635318029813,379.0,5.270278380942243,False
27.0,-3.0,11.799241234824612,736.4224619457004,418.0,7.045308516611306,False
27.0,0.0,13.228614713450316,918.2455096804448,274.0,7.9198870107302195,False
27.0,3.0,12.53579192720814,1012.5561853186874,357.0,8.767756498313886,False
27.0,6.0,11.322237410611356,854.3571034174149,443.0,7.908584732204247,False
27.0,9.0,10.819591673984233,723.9435992479098,535.0,7.2530770388933075,False
27.0,12.0,9.30021508590135,609.4943217657806,493.0,6.37096644478965,False
27.0,15.0,8.509182717000304,486.5590151593823,471.0,5.481235712932206,False
27.0,18.0,7.901571368342828,377.1122623080773,503.0,4.818092261071845,False
27.0,21.0,7.761431648283523,401.81225091429485,191.0,4.205805183708062,False
27.0,24.0,7.668420647735128,517.9458869083417,231.0,5.09435257210764,False
27.0,27.0,7.22547183181267,465.21066149499177,177.0,4.601280391550993,False
27.0,30.0,7.1114018035357125,334.02404100814664,198.0,3.763023238445316,False
27.0,33.0,7.720888344912583,78.71753256416068,430.0,2.609492046110651,False
27.0,36.0,5.573217785576665,6.362815923634596,136.0,1.383203520121479,False
27.0,39.0,8.2900579393829,254.79643608983514,1036.0,5.32006780104998,False
27.0,42.0,9.529892370065715,506.6992187370004,1056.0,7.0804876952242335,False
27.0,45.0,9.699009541269554,376.7956743209434,588.0,5.028442628639206,False
27.0,48.0,8.36387900474759,112.62330109487353,206.0,2.2797122144341913,False
27.0,54.0,6.159180397172867,30.543175472263105,357.0,2.0998881614566667,False
27.0,57.0,4.918963633314925,8.892938219787588,3.0,1.0678830505123578,False
27.0,60.0,7.383067658481324,177.35053504014599,580.0,3.654210132922591,False
27.0,63.0,7.188201656373501,191.35730899278425,1005.0,4.811816128061006,False
27.0,66.0,6.373499646862356,158.30985857350123,1379.0,5.5224239397140735,False
27.0,69.0,6.167733508045581,298.14240065400105,47.0,3.1418869004406673,False
27.0,72.0,6.809543511571536,460.6759893346664,238.0,4.722989967582385,False
27.0,75.0,6.470311557795667,574.4001802779717,362.0,5.805177224087428,False
27.0,78.0,5.889961918639598,745.6471396296804,157.0,6.45544407808553,True
27.0,81.0,5.705048416175657,869.3925548177176,123.0,7.210675447212303,True
27.0,84.0,5.580699318354561,650.3662907835095,90.0,5.64098711442003,True
27.0,87.0,6.258927830155266,513.205769904258,1892.0,9.214667177649911,True
27.0,90.0,6.530554096313113,383.85464435356675,2088.0,8.826373035160717,True
27.0,93.0,5.779242772016034,449.05503904039375,389.0,5.021583715084274,False
27.0,96.0,6.043135357699044,645.676240291207,1279.0,8.581641671577295,True
27.0,99.0,7.958275822333872,885.258161211045,3531.0,15.838402914622996,True
27.0,102.0,6.263673883489099,819.179939748351,1881.0,11.264731790891304,True
27.0,105.0,6.7418334953885335,667.0412231814323,1748.0,9.899209905401925,True
27.0,108.0,7.005531697016626,568.6545121578854,829.0,6.933664137552042,False
27.0,111.0,6.673629202879177,502.23758416048463,369.0,5.332693196449691,False
27.0,114.0,6.262676692510893,432.29559984368166,141.0,4.287787122938599,False
27.0,117.0,6.215688139493429,234.1211291418081,467.0,3.757182466872877,False
27.0,120.0,6.0824538053366775,18.68145074160406,649.0,2.7493470505354916,False
30.0,-111.0,6.800484648674576,143.46033144511793,640.0,3.574095650512351,False
30.0,-108.0,8.71005882786036,342.05287959673956,1648.0,7.4425390524618615,False
30.0,-105.0,8.711225566540714,569.0487280496139,1222.0,7.918840863456879,False
30.0,-102.0,5.977252610064092,500.09873751666794,573.0,5.828170427738176,False
30.0,-99.0,5.7094385252301745,270.04082590985206,520.0,4.133577207927895,False
30.0,-96.0,5.189209805066365,99.88069597289454,61.0,1.8306899256559541,False
30.0,-93.0,4.908833424016103,28.850001769069046,0.0,1.1958915120119789,False
30.0,-90.0,5.534469710241933,6.615032997570535,0.0,1.044916074053504,False
30.0,-9.0,7.113409759605621,65.3433953498974,1164.0,4.353681654425803,False
30.0,-6.0,11.368261009441056,350.5286926736166,889.0,5.602589823253856,False
30.0,-3.0,11.255310333629405,569.5223594784508,625.0,6.42955682085868,False
30.0,0.0,10.60715853697358,594.1234047532564,462.0,6.189097918274611,False
30.0,3.0,8.570897745259193,708.1326862522186,356.0,6.698220939652565,False
30.0,6.0,8.80797388817903,580.5387105477099,300.0,5.6918578446189505,False
30.0,9.0,7.862004035362207,417.1362080660387,335.0,4.6698548527684025,False
30.0,12.0,6.955207339086357,317.1801766407645,629.0,4.726153399390791,False
30.0,15.0,6.379546685529343,170.9840548914913,359.0,3.0584817327132257,False
30.0,18.0,5.546507528943524,77.18303382883671,234.0,2.109072799697801,False
30.0,21.0,6.060661953965335,129.90226652160348,-19.0,1.8820363896816876,False
30.0,24.0,5.804483382019235,206.86997667086672,79.0,2.602147141595185,False
30.0,27.0,6.051370371811599,144.41030296153932,-78.0,1.980545957108852,False
30.0,30.0,5.241344582398859,116.76961979395718,137.0,2.135365718400969,False
30.0,33.0,5.823495493413727,40.732031481079396,476.0,2.466570493756529,False
30.0,36.0,6.7640170110496065,110.74337079754136,936.0,4.091947487715306,False
30.0,39.0,8.406012599140935,391.73044926534914,584.0,5.119849750511721,False
30.0,42.0,10.538860520831586,556.671643432624,494.0,6.0148004589075175,False
30.0,45.0,8.620415475879005,271.06593867971037,291.0,3.5680377236352334,False
30.0,48.0,7.006659716852055,2.1023645191414064,0.0,1.0142750550849702,False
30.0,51.0,7.350956298034665,66.83460397317823,843.0,3.56130696097788,False
30.0,54.0,10.029607252198112,303.78968313345007,2420.0,9.112731948476126,False
30.0,57.0,9.657771972073723,317.59849853963567,2012.0,8.186493805084126,False
30.0,60.0,11.418642735500365,448.9684931748429,1497.0,7.790996068657183,False
30.0,63.0,11.216960210800492,517.9472631501015,583.0,5.9743619167891895,False
30.0,66.0,9.63992774686503,490.09449011767066,970.0,6.752741587898984,False
30.0,69.0,6.822347381185403,553.1617746789964,1061.0,7.4084684500703855,True
30.0,72.0,6.511057730850766,735.6454241514601,130.0,6.320032429988414,False
30.0,75.0,6.102827971403488,889.5730347846583,206.0,7.55520090618783,True
30.0,78.0,5.840333488484064,1006.8196948591903,317.0,8.628805728093903,True
30.0,81.0,17.597338380738844,1094.2525799016669,5972.0,23.359975017532317,True
30.0,84.0,12.215138747294782,934.4840640131713,4667.0,19.012646794649434,True
30.0,87.0,13.572752083860369,796.6900901031568,5203.0,19.417025711800434,True
30.0,90.0,14.4535662038029,715.1212099903067,5599.0,19.853173015834184,True
30.0,93.0,8.046170444107368,751.172856663872,3904.0,15.86046369674769,True
30.0,96.0,9.249810505212563,891.1138260044653,4416.0,18.09066287857032,True
30.0,99.0,9.431576581125748,1088.617111602897,3726.0,17.70671018778367,True
30.0,102.0,10.03016212522115,1105.2567932359216,4312.0,19.284693626071906,True
30.0,105.0,7.444378687640006,964.8801001462444,383.0,8.509035879993,True
30.0,108.0,7.698728774221328,901.4372432037978,1175.0,10.058258881353787,True
30.0,111.0,7.245754919595456,806.8384198430274,837.0,8.570932870734156,True
30.0,114.0,6.61501703125464,596.3314641342822,27.0,5.116590641471777,False
30.0,117.0,6.67337727511916,308.41942543842447,173.0,3.5266678987269025,False
30.0,120.0,6.648372771973164,32.71680691667708,24.0,1.2821471189642375,False
33.0,-117.0,6.636949542397048,25.45801283417458,400.0,2.1728599071440455,False
33.0,-114.0,9.811731656591196,149.03072777326267,468.0,3.1819186415804532,False
33.0,-111.0,9.338648686374626,279.56935321730896,1018.0,5.4432759083455275,False
-33.0,-60.0,5.941608197835004,147.33189676099818,56.0,2.1403835790071777,False
-33.0,-57.0,6.077107878593336,101.68339962896744,133.0,2.022930283480689,False
-33.0,-54.0,6.140134426031887,100.65885275601175,119.0,1.9809736102133195,False
-33.0,21.0,5.912930304566171,151.84402496017648,437.0,3.1235209294795983,False
-33.0,24.0,5.746476938359571,113.68755620470536,203.0,2.2794385066299494,False
-33.0,27.0,5.655631019216445,52.4726825676163,0.0,1.3562895146341147,False
-33.0,117.0,6.380934834902376,123.94447538446369,320.0,2.6415829878605086,False
-33.0,120.0,6.136318744897692,105.8146807576236,0.0,1.7184816823442643,False
-33.0,123.0,6.184505619592014,98.35892044306567,0.0,1.6678570698084159,False
-33.0,135.0,6.373336763650574,38.59527357468013,0.0,1.262061907572078,False
-33.0,138.0,6.8308069511827565,8.700978664219399,112.0,1.3390796451300497,False
-33.0,141.0,7.240732610129776,280.4961527214948,22.0,2.95956887697895,False
-33.0,144.0,6.97913245687638,507.44349871184966,74.0,4.63054135625346,False
-33.0,147.0,6.601780438577703,393.9015374478942,256.0,4.314591439271202,False
-33.0,150.0,6.4767739697181606,136.36662100856392,934.0,4.260929356648149,False
-30.0,-69.0,7.875667361036239,225.9793884196221,2268.0,8.204400047369234,True
-30.0,-66.0,6.682261868936713,514.2227578077581,379.0,5.4390725255146775,False
-30.0,-63.0,6.004389814933055,532.5439513641235,99.0,4.863473429762399,False
-30.0,-60.0,5.674447542833354,323.6906293489628,16.0,3.2378593732794574,False
-30.0,-57.0,5.739346197645634,297.6137519255526,137.0,3.3632973755745024,False
-30.0,-54.0,5.949529704080332,247.50262553119842,302.0,3.435542827356837,False
-30.0,-51.0,5.579452905795735,24.959997737915426,0.0,1.1694783846404457,False
-30.0,18.0,6.070233415214984,76.62317398987408,405.0,2.5327713513912453,False
-30.0,21.0,8.408086544868357,327.42226160105935,1122.0,6.028197156271194,False
-30.0,24.0,7.648944160029834,444.8480519821883,1323.0,7.328018272959058,False
-30.0,27.0,6.510368575216667,300.35480124539214,1499.0,6.786909100456214,True
-30.0,30.0,4.89693411470081,78.77355582816104,310.0,2.3098724440732132,False
-30.0,117.0,6.531249242779157,193.60885471286565,334.0,3.1496041235003576,False
-30.0,120.0,6.968325808623184,437.2708080862215,386.0,4.934068786905444,False
-30.0,123.0,6.742593717156817,353.7856516547636,347.0,4.2697045747358455,False
-30.0,126.0,6.502538485916868,251.28484594712404,165.0,3.1187241039809726,False
-30.0,129.0,6.36235246844028,185.44710710080847,145.0,2.6216858572144894,False
-30.0,132.0,6.496899827372936,181.68621391179693,63.0,2.3911493924611014,False
-30.0,135.0,7.393858695905677,276.3694283205124,138.0,3.221548418296279,False
-30.0,138.0,7.287478404080653,287.41338901174316,31.0,3.0290369113897357,False
-30.0,141.0,7.312067257978509,419.01714175188437,73.0,4.027626392495295,False
33.0,-108.0,10.437218122205158,516.666310009494,2000.0,9.508164244964465,False
33.0,-105.0,8.927635861913307,778.9594576305601,1531.0,10.116634717311504,True
33.0,-102.0,6.685972648402803,699.4033473488076,945.0,8.111448728498404,True
33.0,-99.0,5.87880988148792,526.2999372547742,373.0,5.506076573959917,False
33.0,-96.0,5.839934600775956,377.718658450435,139.0,3.912209690878454,False
33.0,-93.0,5.901265302138045,344.4394888118986,90.0,3.563744129032792,False
33.0,-90.0,5.783962721743291,292.18720343075586,105.0,3.2464511112948324,False
33.0,-87.0,5.804339988942458,270.16902184892575,116.0,3.124447658354206,False
33.0,-84.0,6.0264793589720655,298.2049388027759,197.0,3.5173115344708483,False
33.0,-81.0,5.579460353340654,64.09380853653431,45.0,1.5476969599630679,False
33.0,-6.0,6.834402388800821,136.35239223206847,952.0,4.305832743255745,False
33.0,-3.0,7.521165992085063,237.06293395309032,1528.0,6.429657321541484,False
33.0,0.0,8.274513307182195,287.5280394367219,1088.0,5.672315387775342,False
33.0,3.0,7.951895610600645,402.0942774902444,728.0,5.550220144158759,False
33.0,6.0,7.57210845852615,393.23391298793985,77.0,3.8625582691881113,False
33.0,9.0,6.899865870406312,143.18681718970927,123.0,2.279738488718126,False
33.0,36.0,6.013537295152476,79.56196294661102,672.0,3.2202257284074887,False
33.0,39.0,7.798278977643559,328.04582073000967,774.0,5.162431122756766,False
33.0,42.0,8.479166856698702,582.4922047999894,351.0,5.832622070591928,False
33.0,45.0,7.792976823076851,436.2865562280422,27.0,4.029885716788407,False
33.0,48.0,8.417354031363843,292.99286265894636,914.0,5.274421537454246,False
33.0,51.0,9.445096521016383,323.67550962360707,1957.0,8.090256710344292,False
33.0,54.0,11.402515085877202,424.0384845033042,1235.0,6.966721309777435,False
33.0,57.0,12.815277143869537,506.4812259420762,1072.0,7.1190075241466975,False
33.0,60.0,9.06314522043461,693.1691757495712,1699.0,9.954118703339589,True
33.0,63.0,11.223650013198585,849.5293739169391,1266.0,9.933304448896017,False
33.0,66.0,10.908548375717482,823.2404832276775,2213.0,12.12230288111593,True
33.0,69.0,7.396077940692694,862.32615001535,2499.0,13.102694558604227,True
33.0,72.0,6.789944172335453,986.2484825776095,287.0,8.414127196701969,True
33.0,75.0,6.87150845436312,1170.6409388966797,1371.0,12.376151975108456,True
33.0,78.0,13.674349830609652,1301.312461947183,4877.0,22.028411616621373,True
33.0,81.0,21.120083110109515,1364.0212216525008,5059.0,22.90920409502048,True
33.0,84.0,15.185706613439605,1225.4765239745286,4582.0,20.77598559778705,True
33.0,87.0,15.68933375265506,1103.856747678912,5108.0,21.265187316739812,True
33.0,90.0,14.47685706694447,1047.8563608118402,5054.0,20.749944689912397,True
33.0,93.0,13.947527634600451,1072.0629582096565,4838.0,20.374307486243566,True
33.0,96.0,13.512117331471218,1171.501565702812,4923.0,21.261995631122094,True
33.0,99.0,12.358556887315933,1329.3437564222977,4737.0,21.8687441061074,True
33.0,102.0,9.903631179681794,1388.722448482882,3809.0,19.95192542519877,True
33.0,105.0,7.701762637691731,1280.3762484960403,1583.0,13.651254727288112,True
33.0,108.0,8.528421988205457,1049.8981626514967,1471.0,11.806308524403663,True
33.0,111.0,7.747914434597114,780.6674470033537,433.0,7.383231965152772,False
33.0,114.0,7.318378066069249,517.9383104153966,85.0,4.729301127720543,False
33.0,117.0,6.947511989586412,281.2077694439014,22.0,2.9644007545240902,False
33.0,120.0,6.790861703203643,73.28752300175398,3.0,1.5051222811819096,False
36.0,-120.0,8.5885209586631,103.36012375999444,185.0,2.164315240330362,False
36.0,-117.0,16.575425831796316,259.64253151007546,1243.0,5.870472788953412,False
36.0,-114.0,13.93968102212057,437.0216613244934,916.0,6.25737708039331,False
36.0,-111.0,11.173641408820716,555.836665206096,1769.0,9.196630956749392,False
36.0,-108.0,9.510335366580913,710.872314560852,1903.0,10.584323015868186,True
36.0,-105.0,9.420985357727552,917.5226548891601,2156.0,12.619978826697396,True
36.0,-102.0,7.102542018647023,953.9322945341632,1108.0,10.247200279886968,True
36.0,-99.0,6.639783724416734,792.5086943354052,559.0,7.778634034537401,True
36.0,-96.0,6.32604364306011,698.9783761925232,195.0,6.233563174347233,False
36.0,-93.0,6.548608652549962,673.7731203751475,303.0,6.332419487347252,False
36.0,-90.0,6.447261727717393,618.1753144303857,73.0,5.379910384982319,False
36.0,-87.0,6.909031649520745,597.3989796678752,236.0,5.6463390719448725,False
36.0,-84.0,6.534939351271583,492.2828055763132,323.0,5.150100249863167,False
36.0,-81.0,6.819961109873507,320.6522027561354,429.0,4.249728456714159,False
36.0,-78.0,6.064358532796035,101.31325615170091,66.0,1.8529170092700493,False
36.0,3.0,7.543675767315428,76.08687748836641,936.0,3.8566298981460077,False
36.0,6.0,6.989763035773533,90.4052096501338,1001.0,4.116351373524409,False
36.0,9.0,6.872374327321139,110.86280918773822,608.0,3.2727584743847427,False
36.0,39.0,7.112592516249435,262.290613382371,259.0,3.4284532648662993,False
36.0,42.0,8.466257505289416,525.6499563338214,308.0,5.339163203506647,False
36.0,45.0,7.820950702961796,407.7374551863907,485.0,4.981037320715593,False
36.0,48.0,8.318621632224039,206.27157700887795,1483.0,6.108084007890281,False
36.0,51.0,10.51295577878791,82.87803576582093,2328.0,7.382741862849924,False
36.0,54.0,8.94691435039094,90.75621459910339,1376.0,5.056234697127912,False
36.0,57.0,9.403961086787843,283.17263380530454,887.0,5.140242183538018,False
36.0,60.0,8.483297937274592,543.5536262816817,955.0,7.078229122452619,False
36.0,63.0,10.10576932833843,808.7660197554441,597.0,7.984021274139465,False
36.0,66.0,9.852588695858538,1075.1316816142596,1291.0,11.527644118160822,True
36.0,69.0,8.963418861911666,1183.9761822662151,1114.0,11.8241982775876,True
36.0,72.0,10.152946090225626,1274.8480033855974,2408.0,15.676217942988206,True
36.0,75.0,15.85618177198293,1417.7132421599113,4749.0,22.4987729142658,True
36.0,78.0,15.55072185325723,1599.1871223190972,4633.0,23.44098056054667,True
36.0,81.0,14.986144944465275,1655.26378850867,4415.0,23.27674112397387,True
36.0,84.0,17.003010446500507,1518.754130275837,5133.0,24.144840544572933,True
36.0,87.0,16.091111303514687,1422.5966887459972,4833.0,22.74193151658532,True
36.0,90.0,15.383623554750368,1380.9989758535362,5021.0,22.92948304604551,True
36.0,93.0,14.871720243726909,1398.8655299335953,4663.0,22.15579694824911,True
36.0,96.0,12.680307746042224,1474.0240877863246,3817.0,20.551123556069143,True
36.0,99.0,13.307600315395268,1598.3667566835327,4467.0,23.020410277881187,True
36.0,102.0,9.142962678997344,1404.6732439452585,2005.0,15.550231326388307,True
36.0,105.0,8.30353692113621,1147.2563548138867,1620.0,12.83987064918629,True
36.0,108.0,8.690968879180103,893.72245445196,1172.0,9.998375465728808,True
36.0,111.0,8.569677842415373,647.9270603434796,1305.0,8.661924739732227,True
36.0,114.0,8.398472727210448,421.22581344445166,349.0,4.732623273287826,False
36.0,117.0,7.58831086367947,227.9175326586555,87.0,2.7650600467522706,False
36.0,120.0,6.937402286158134,15.69707452379675,99.0,1.35408313601658,False
36.0,129.0,6.912693233069196,36.74804082581643,150.0,1.6245191972072937,False
36.0,138.0,7.494689981567764,103.92746669445624,899.0,3.953167498855358,False
39.0,-123.0,10.257507033555385,51.52302733479187,852.0,3.4798413556032366,False
39.0,-120.0,12.908389401855263,169.1882593141501,1897.0,6.891288280743079,False
39.0,-117.0,14.684772546507876,407.3581048097304,1766.0,8.18096153165807,False
39.0,-114.0,11.662975616096157,662.7788665578155,1556.0,9.390268503927569,False
39.0,-111.0,12.133219691574112,859.1408031156616,1791.0,11.311066053155344,False
39.0,-108.0,13.607267816914366,978.3188414453659,2994.0,15.127784933414034,True
39.0,-105.0,12.049332178865948,1135.4561648687645,2798.0,15.70474735945891,True
39.0,-102.0,7.8696518525893,1215.2299412933617,1201.0,12.253911301381926,True
39.0,-99.0,7.318723943657321,1096.0999336899445,552.0,9.822518549754722,True
39.0,-96.0,7.248380488158994,1022.2347516497953,331.0,8.76847396370211,True
39.0,-93.0,6.875535649998511,991.4288583270732,184.0,8.191801948040826,True
39.0,-90.0,7.272243471197931,941.1490847558815,181.0,7.8429022854924355,True
39.0,-87.0,7.183848404282388,842.8695572661196,149.0,7.095584293836952,False
39.0,-84.0,7.29245966136358,583.9826678733028,279.0,5.6627423148597265,False
39.0,-81.0,7.670153043604944,326.4016494669758,333.0,4.048767199880766,False
39.0,-78.0,7.978424658005336,78.01328118277053,393.0,2.512210179231012,False
39.0,-9.0,6.430074081969664,4.3341899995294675,21.0,1.0819291500968051,False
39.0,-6.0,7.154383074198308,205.74354934665456,247.0,3.0144987000637844,False
39.0,-3.0,8.214354742822538,215.1124184516745,829.0,4.53311332128687,False
39.0,21.0,6.1163486747990214,4.147695534207729,0.0,1.0281628526772706,False
39.0,27.0,6.818328868511343,9.365477851006471,4.0,1.0735915946083339,False
39.0,30.0,7.955631742079618,176.33961184057426,1325.0,5.509845964397499,False
39.0,33.0,8.378812147015013,277.44598535115074,1059.0,5.531358240534313,False
39.0,36.0,8.325991968175988,232.3707423107139,1416.0,6.117797340289748,False
39.0,39.0,8.982363159749692,218.61595404120368,969.0,4.906902327939773,False
39.0,42.0,7.837698649242437,259.5909608063147,1478.0,6.457622623874877,False
39.0,45.0,8.724365954316943,333.81332720647987,1329.0,6.589092491731998,False
39.0,48.0,8.784270226404098,76.06596395970182,1176.0,4.456487895286376,False
39.0,54.0,8.209602530502021,12.67857031549295,-24.0,1.086087492442197,False
39.0,57.0,10.030223678794444,269.82017663972096,53.0,2.964578999383705,False
39.0,60.0,9.6570857489692,497.4580404674956,119.0,4.675240094774296,False
39.0,63.0,10.031994222446093,736.9844659311689,180.0,6.454124523672637,False
39.0,66.0,9.119736229090517,984.3246799727532,446.0,8.798564577014995,False
39.0,69.0,11.301327559523632,1234.2656645399086,3468.0,18.05066386222598,True
39.0,72.0,20.322727715614462,1485.5588801983963,4871.0,23.26444479654711,True
39.0,75.0,13.154239704282771,1694.2877967533075,3774.0,21.939214139954956,True
39.0,78.0,13.22560369156748,1843.469673239299,1163.0,16.42465908129484,True
39.0,81.0,14.713184481443513,1937.4534578303392,1129.0,16.977808978668005,True
39.0,84.0,15.536567651758906,1823.2411452195165,1124.0,16.189807376040516,True
39.0,87.0,17.792691602924126,1746.8169237028471,979.0,15.308386911942332,False
39.0,90.0,13.92401643773634,1714.3115072799117,3061.0,20.292675134430603,True
39.0,93.0,15.770731824403656,1728.2294786676232,2733.0,19.567178160153162,True
39.0,96.0,14.264677857206475,1787.4766263450456,3199.0,21.134466292882863,True
39.0,99.0,12.215722859180902,1604.3945812465117,3810.0,21.418839206663815,True
39.0,102.0,11.989194426565303,1345.8019738947403,1362.0,13.542995402745287,True
39.0,105.0,11.513240314414949,1086.8747923553826,1319.0,11.677379840093048,True
39.0,108.0,10.494189392534182,827.7172244456541,1334.0,9.955199953985991,False
39.0,111.0,10.20579296465086,568.4905002617337,805.0,6.872550496777173,False
39.0,114.0,9.329676622798276,309.65573958192357,852.0,5.232562471761261,False
39.0,117.0,8.865028636569939,55.798972309490004,1.0,1.3813750219814371,False
39.0,126.0,7.851018687384671,52.018900011158046,133.0,1.6857083310757632,False
39.0,141.0,8.113162697061156,54.1424727899407,137.0,1.7101273902436973,False
42.0,-123.0,10.759120669579776,100.1509204532933,1440.0,5.280024749877861,False
42.0,-120.0,11.934987182823246,343.1719397892362,1586.0,7.295137471168914,False
42.0,-117.0,11.640645034793971,583.5992469090686,1583.0,8.920138886512575,False
42.0,-114.0,10.79029450841151,775.9805495495413,1533.0,10.101407931441384,False
42.0,-111.0,11.715516783344068,996.7743597367382,2004.0,12.778097902612451,True
42.0,-108.0,10.292589632680706,1230.6015126006596,1981.0,14.308284270558477,True
42.0,-105.0,10.571357225791306,1397.092593024167,1506.0,14.251258706634093,True
42.0,-102.0,8.078095044613335,1503.7436886587575,1173.0,14.142919645992965,True
42.0,-99.0,7.868020510624446,1412.1740419765722,688.0,12.308661745020924,True
42.0,-96.0,7.891774220512683,1350.49428650656,316.0,10.959856205379541,True
42.0,-93.0,7.945311770662755,1315.7244886687668,314.0,10.718769278060927,True
42.0,-90.0,7.9700121744501695,1143.2646439378825,209.0,9.285266932338223,True
42.0,-87.0,8.478776920781405,907.6506257017386,174.0,7.597947748514805,False
42.0,-84.0,8.417433628445742,683.4084915264856,262.0,6.295343657464837,False
42.0,-81.0,8.65626555572049,481.45041743227904,170.0,4.694048334365175,False
42.0,-78.0,9.28476211217138,316.4322115766219,656.0,4.788574716605263,False
42.0,-75.0,9.038712580983432,119.54330105252919,594.0,3.2966990141466734,False
42.0,-72.0,8.488084507288763,55.3703136524641,175.0,1.8134644297002311,False
42.0,-9.0,7.281729715112853,11.665340445632001,0.0,1.0792076616258413,False
42.0,-6.0,8.115646350752451,177.4676504824505,754.0,4.090005346775839,False
42.0,-3.0,9.005984986857968,152.5585041859023,1294.0,5.270872243422276,False
42.0,0.0,7.654319444111694,135.1632803469685,363.0,2.825258673555916,False
42.0,3.0,7.497701554329025,19.656926267020058,109.0,1.4059705293530662,False
42.0,9.0,9.511474071570452,23.01937416620641,949.0,3.5288015505885415,False
42.0,12.0,7.611661052913468,5.025524725193754,5.0,1.0466233128840656,False
42.0,15.0,7.486397808492997,1.6224779522253099,3.0,1.01851662529561,False
42.0,21.0,8.688430192933332,120.08567403320546,441.0,2.917881726685465,False
42.0,24.0,8.185536550270452,123.56996552960896,934.0,4.174040065946045,False
42.0,27.0,8.2399805439332,65.58701816501424,342.0,2.3003358533404468,False
42.0,42.0,7.491734058514469,19.8714448348223,60.0,1.2849271104284434,False
42.0,45.0,8.468827989453617,232.34562191440025,1045.0,5.190126772798778,False
42.0,48.0,9.959645041891106,26.56696640469094,745.0,3.042889701887851,False
42.0,54.0,10.414120292972624,8.552526765530606,186.0,1.523071656737953,False
42.0,57.0,9.769340621994225,216.92551420655005,76.0,2.6629242414624748,False
42.0,60.0,9.360472163590142,452.6877850423953,83.0,4.2812500604378645,False
42.0,63.0,12.417932208700762,697.9297095947318,90.0,5.963942728148229,False
42.0,66.0,11.83369025191733,945.1610597029842,209.0,7.940143595383263,False
42.0,69.0,9.97459979547277,1192.9428337352554,432.0,10.180081841062384,True
42.0,72.0,12.118541436628009,1440.823966846605,3293.0,19.01569473488845,True
42.0,75.0,10.617092669440582,1688.5228265485994,2274.0,18.15006999226499,True
42.0,78.0,13.908951171347088,1935.814479927867,3896.0,23.884180318710218,True
42.0,81.0,18.02251215160531,2182.5813408040917,4432.0,26.89972730405978,True
42.0,84.0,13.016267976748658,2136.236946978004,1345.0,18.86754886998065,True
42.0,87.0,10.372952809891569,2073.948221964612,1045.0,17.694608427139716,True
42.0,90.0,14.01266153922504,2047.7109655583236,802.0,16.908957456141017,True
42.0,93.0,16.732737331009186,2058.9256732742133,824.0,17.040105321531907,True
42.0,96.0,13.61511243463539,1857.6928242719762,2208.0,19.13373427680672,True
42.0,99.0,16.31416590463287,1610.7389731237454,1422.0,15.491917627510231,False
42.0,102.0,15.431597894369649,1365.244945873447,1003.0,12.777513182480705,False
42.0,105.0,15.082348181435457,1122.554776761647,1170.0,11.547146934211582,False
42.0,108.0,12.67522014699582,885.1042005460001,1302.0,10.264857521707341,False
42.0,111.0,12.020561438689796,655.4218716804379,1276.0,8.640314508710173,False
42.0,114.0,11.484500132485106,451.26616068620245,1497.0,7.806597231059314,False
42.0,117.0,10.679590956372625,318.93828965296683,1425.0,6.728090986743645,False
42.0,120.0,10.444599580273898,156.547841709488,866.0,4.227959845207423,False
42.0,123.0,9.407284613761782,149.75621196172852,31.0,2.0943446792201366,False
42.0,126.0,9.528427745711344,260.8633281648303,530.0,4.096261998239198,False
42.0,129.0,10.701207852597394,70.33901745492781,1172.0,4.40760192851896,False
42.0,141.0,9.114096888196968,7.657317851966206,0.0,1.0519931882148505,False
45.0,-123.0,9.685402685586586,79.49221311216752,50.0,1.6647521270316175,False
45.0,-120.0,11.861044955065458,281.5487664565354,1375.0,6.3492161242398755,False
45.0,-117.0,12.93986933961114,489.1240929811546,1583.0,8.27865259134204,False
45.0,-114.0,13.5340475779816,694.6112305593542,2088.0,10.936410255498014,False
45.0,-111.0,13.937444406960022,911.9935796141417,2389.0,13.164936405580022,False
45.0,-108.0,13.68299079299525,1134.232098388139,1675.0,12.888935948055465,False
45.0,-105.0,10.082419064537731,1358.2149203878143,1211.0,13.24977930943326,True
45.0,-102.0,8.965552072261909,1470.9921857799718,759.0,12.88553694144601,True
45.0,-99.0,8.639707235985576,1393.6057361171675,444.0,11.572582948235567,True
45.0,-96.0,8.890779816107472,1311.756864760068,317.0,10.699329111720862,True
45.0,-93.0,9.12700841457664,1128.5334669509716,311.0,9.440242240597097,True
45.0,-90.0,9.185173876217272,960.9739047146682,420.0,8.575012813012597,False
45.0,-87.0,8.972104785720038,819.5112044649142,174.0,6.999481078316768,False
45.0,-84.0,9.318193607524185,719.9694385452564,262.0,6.543592487722291,False
45.0,-81.0,9.609178208653454,494.5086160068197,174.0,4.792713502686306,False
45.0,-78.0,9.707078690781051,258.7431865883208,355.0,3.6443662369346983,False
45.0,-75.0,8.971018773613734,22.89250853939011,90.0,1.380440132982459,False
45.0,-72.0,9.881652270851289,129.42362064051858,415.0,2.9162863841491213,False
45.0,-69.0,9.453929776015828,51.27292486569601,105.0,1.610643159838076,False
45.0,-63.0,9.8858109091022,28.900224624907565,111.0,1.4737325252031224,False
45.0,0.0,8.426296086619113,43.12540902777792,37.0,1.3853215272986121,False
45.0,3.0,9.308494737987452,175.4572926650138,1014.0,4.726355017195444,False
45.0,6.0,12.317130118409128,176.23710476351937,2444.0,8.306649941344297,False
45.0,9.0,8.470187608462705,66.08318613551488,87.0,1.666204833860146,False
45.0,12.0,7.845451875689695,28.81558443661191,0.0,1.195657818324595,False
45.0,15.0,9.341984142763309,8.009129260507022,861.0,3.2068819876788424,False
45.0,18.0,8.033280328691422,198.99091783578118,111.0,2.6286483321049543,False
45.0,21.0,8.620173942469783,341.5004730560057,156.0,3.708788212050279,False
45.0,24.0,9.388167101772291,372.93455239212284,425.0,4.594725610742515,False
45.0,27.0,9.44456246748934,149.09943403751208,59.0,2.159885157114707,False
45.0,39.0,9.23218372216694,81.11838128008213,21.0,1.6032938088917577,False
45.0,42.0,10.359891388877196,234.55149517419164,505.0,3.8551046522327614,False
45.0,45.0,9.983171906137256,143.59269013813392,46.0,2.089994366037929,False
45.0,54.0,10.71837349445784,72.74913977751832,-28.0,1.4939666590893494,False
45.0,57.0,11.904327184338424,300.1336036690735,137.0,3.380407168913009,False
45.0,60.0,9.314867655993416,534.1962076409808,30.0,4.70219224988226,False
45.0,63.0,11.82393369025071,768.6863701525692,90.0,6.4443804533359454,False
45.0,66.0,11.670758596506378,1003.093232156124,127.0,8.128503046340082,False
45.0,69.0,11.704936463104865,1237.2304077630652,216.0,9.940794468711214,False
45.0,72.0,11.626056044128072,1466.9808140508082,306.0,11.725799727404988,True
45.0,75.0,11.302203016214904,1695.8622892407884,361.0,13.417404943944954,True
45.0,78.0,10.290568301234604,1924.5198719270716,469.0,15.239989930384816,True
45.0,81.0,10.945456165762955,2152.7424229729877,1379.0,19.064621051986585,True
45.0,84.0,12.060757467105237,2380.3647577879474,257.0,17.805176705380163,True
45.0,87.0,12.391163601544145,2402.8012313695012,446.0,18.430020360998917,True
45.0,90.0,13.37090390224814,2371.313533275824,1012.0,19.631218890942844,True
45.0,93.0,15.172651158640631,2137.5076362594314,1660.0,19.66367685020154,True
45.0,96.0,17.44343791918372,1905.7204841973721,1267.0,17.107342087700157,False
45.0,99.0,15.103068696308302,1677.1504450991165,1963.0,17.295351522223,True
45.0,102.0,13.170419353138517,1453.6762336321433,1338.0,14.215461626362254,True
45.0,105.0,13.225803659835227,1238.4180415852604,1362.0,12.813858502363917,False
45.0,108.0,12.731066274240607,1036.8584408324411,1082.0,10.745268813252276,False
45.0,111.0,12.647753240888033,858.4741001671891,1024.0,9.389039140135214,False
45.0,114.0,12.628314553171077,720.14373686105,1473.0,9.57227597328653,False
45.0,117.0,12.333036202692185,568.2854451259427,1069.0,7.531158172405151,False
45.0,120.0,12.233963093722872,465.6596433700346,1018.0,6.706828978482535,False
45.0,123.0,10.413422581102523,457.5486315516233,147.0,4.4742552082355225,False
45.0,126.0,10.048596766809034,458.8170857710205,201.0,4.617868012385229,False
45.0,129.0,11.58316575633559,294.45351531800065,936.0,5.339339369009224,False
45.0,132.0,9.712163638707418,188.87696358834006,83.0,2.489974582764829,False
45.0,135.0,10.568082609725828,98.1475178567782,497.0,2.908921646247524,False
48.0,-120.0,14.546496828194488,166.79405659137944,1248.0,5.252531644255466,False
48.0,-117.0,12.268940231514348,389.91087959808436,713.0,5.429994872470992,False
48.0,-114.0,13.719896187534546,612.8816627586602,1158.0,8.056466490131303,False
48.0,-111.0,11.995190218452704,835.6200197196594,1076.0,9.363859933896487,False
48.0,-108.0,10.822353910382846,1058.0402832801526,759.0,10.081593523472236,False
48.0,-105.0,10.768890559959724,1280.0562831260795,676.0,11.38158216242608,True
48.0,-102.0,9.9315454759565,1169.4384322815372,628.0,10.510486955191638,True
48.0,-99.0,9.799101849140817,1076.3326895407522,440.0,9.408298961981707,False
48.0,-96.0,9.944850982889411,1015.2292987807024,352.0,8.773406938720969,False
48.0,-93.0,10.820182077886235,923.3583059026664,408.0,8.289602897079105,False
48.0,-90.0,10.885058209868696,745.0110279458356,425.0,7.121124879752224,False
48.0,-87.0,10.562819857013116,563.0721384534846,181.0,5.275759820099161,False
48.0,-84.0,11.189860679377318,415.0256837724298,437.0,4.910524392814798,False
48.0,-81.0,11.53986532957219,329.62956501229706,441.0,4.340684746433498,False
48.0,-78.0,11.514002102558576,322.3016239154179,294.0,3.9234280263856873,False
48.0,-75.0,12.016333916488868,250.93799168381457,598.0,4.198868963533101,False
48.0,-72.0,11.92009704428322,88.62810796573653,529.0,2.924284853087351,False
48.0,-69.0,10.806658505335172,20.95974732299633,198.0,1.6373166843231453,False
48.0,-66.0,10.120162639207477,6.0063986595540655,0.0,1.040783446898372,False
48.0,-57.0,11.672303107935312,46.18939424026783,280.0,2.0136259868914186,False
48.0,-54.0,11.858639074029387,9.945578669192344,140.0,1.4175304791638161,False
48.0,-3.0,9.465199405919618,35.959924853287426,88.0,1.4641678897538215,False
48.0,0.0,10.465523055306363,124.98359441957633,113.0,2.131138606108923,False
48.0,3.0,10.380262051531789,248.6525460682567,169.0,3.1108507878034626,False
48.0,6.0,10.70329414952408,397.5559505473121,345.0,4.561904904216249,False
48.0,9.0,10.518157658337625,378.008126269807,746.0,5.431675177371989,False
48.0,12.0,9.892529864202126,264.21611610854495,485.0,4.006527428377021,False
48.0,15.0,10.464949290138774,268.87670568117085,402.0,3.83067283157515,False
48.0,18.0,9.126741814024736,399.4403739356196,110.0,3.9872001390228573,False
48.0,21.0,9.667133976209875,570.927571022422,104.0,5.136598207242245,False
48.0,24.0,11.115672121183438,497.0725738537889,653.0,6.007622776467227,False
48.0,27.0,10.398164863617415,322.4251437374506,164.0,3.5992667259772895,False
48.0,30.0,10.84276570737561,158.28105755702853,188.0,2.5447283808122236,False
48.0,33.0,11.093399085952743,127.7255436454144,111.0,2.1447564413523637,False
48.0,36.0,11.166819542218136,143.86994586138243,125.0,2.2893769323987865,False
48.0,39.0,11.141992207882954,80.94532959568144,106.0,1.8146187879546771,False
48.0,42.0,11.402198562157466,224.94455649946806,75.0,2.7148735386313883,False
48.0,45.0,11.880039707529718,318.82269207493175,11.0,3.1923060791887865,False
48.0,48.0,11.534476859141453,193.52420639423147,-7.0,2.3140293614168317,False
48.0,51.0,11.745369059463911,99.84387667251137,-15.0,1.677939922606352,False
48.0,54.0,11.840778437182674,141.9635708065682,37.0,2.0564326457765985,False
48.0,57.0,11.661394972776396,321.82813106348743,225.0,3.7477130099210796,False
48.0,60.0,11.454321640885931,535.180028278401,195.0,5.1213723920103424,False
48.0,63.0,11.594116746811451,754.8425114701807,53.0,6.257880652882528,False
48.0,66.0,12.093903062424284,976.9177716763978,378.0,8.57827166968274,False
48.0,69.0,12.066701814796144,1199.894167627117,346.0,10.012281398188124,False
48.0,72.0,11.96763832901461,1423.091708571489,699.0,12.410292701200412,True
48.0,75.0,12.13861653276965,1646.1511732120125,764.0,14.087366466109565,True
48.0,78.0,11.644259496825034,1868.8424281288233,668.0,15.35944008699471,True
48.0,81.0,11.886742962964082,2090.9948148733947,837.0,17.29035479299035,True
48.0,84.0,11.494209865091392,2144.949813900036,390.0,16.539209236381247,True
48.0,87.0,11.652126965254029,2207.279320180948,796.0,17.97742658402864,True
48.0,90.0,14.877350462489003,2266.8018340147914,2953.0,23.774084452960434,True
48.0,93.0,13.850657202473071,2213.577606920098,1211.0,19.057691950987465,True
48.0,96.0,15.212531906408524,2002.944013618416,1887.0,19.317489852469045,True
48.0,99.0,15.970712553902592,1798.761923199889,2643.0,19.821093458527244,True
48.0,102.0,13.7170358526495,1603.8256038095817,1733.0,16.22247584986706,True
48.0,105.0,12.576145039701217,1422.2558183363603,1092.0,13.387117006503887,True
48.0,108.0,12.83235265862517,1259.0600032096622,1809.0,14.071517421793608,True
48.0,111.0,12.911839551584306,1123.6874569372633,1327.0,11.947337832604017,False
48.0,114.0,12.131776084183398,972.3990464606552,778.0,9.54758952546785,False
48.0,117.0,12.575430877573188,855.7401572967108,591.0,8.287975668044666,False
48.0,120.0,12.371338442073482,794.6040381379256,891.0,8.622861418956514,False
48.0,123.0,11.384192512590644,786.6477380645109,271.0,7.018838141458029,False
48.0,126.0,11.151649224577104,693.4150402172943,234.0,6.2932881230754285,False
48.0,129.0,10.845423551723911,570.0516883018606,281.0,5.573150963569634,False
48.0,132.0,10.924402899284177,483.25815972121734,68.0,4.451322904507066,False
48.0,135.0,11.521583298897935,288.58144344657546,58.0,3.1044680010022474,False
48.0,138.0,11.71173184039587,96.1292124718186,349.0,2.525217352683648,False
51.0,-126.0,14.751866208231904,31.885264949306595,1510.0,4.991500949005792,False
51.0,-123.0,13.475377208634471,110.92255144365822,1576.0,5.693164124302439,False
51.0,-120.0,15.968534571608,269.5544973154549,1574.0,6.765275036771939,False
51.0,-117.0,15.242511785488215,454.5917097379392,1816.0,8.626677709120607,False
51.0,-114.0,12.411600119152633,656.1264177849947,1041.0,8.057598376760115,False
51.0,-111.0,12.46160739364069,862.7854297091105,728.0,8.678313067724861,False
51.0,-108.0,12.574685616663416,1069.5353289501486,606.0,9.77714488357151,False
51.0,-105.0,11.805833863641908,1032.207972449905,535.0,9.346192132934855,False
51.0,-102.0,11.33265517772262,890.6959124614332,537.0,8.39032524561313,False
51.0,-99.0,11.226308158935078,772.7508411205561,263.0,6.904478211208575,False
51.0,-96.0,11.207772526264794,690.8119157223252,268.0,6.3606129077545885,False
51.0,-93.0,11.998933322830576,658.6249252573587,387.0,6.439563242497465,False
51.0,-90.0,12.114378738517884,549.0697000694689,381.0,5.680683263471694,False
51.0,-87.0,12.761610314209149,382.0926484241342,282.0,4.299409082799871,False
51.0,-84.0,12.44019866036205,202.53252615028296,102.0,2.630195852560421,False
51.0,-81.0,12.784554315225758,17.35777837804355,29.0,1.1903593151869156,False
51.0,-78.0,13.334823368669577,66.88165486743402,204.0,1.964126436549877,False
51.0,-75.0,13.281892920600432,265.50079894378575,377.0,3.7452504248283054,False
51.0,-72.0,13.676924246029287,291.5827231801268,589.0,4.45234669039306,False
51.0,-69.0,13.43750113887358,183.640780565159,590.0,3.7219209000374294,False
51.0,-66.0,13.33782811657576,78.55102983965489,632.0,3.113361492611257,False
51.0,-63.0,13.416701011051654,78.59036146633663,548.0,2.903628554356426,False
51.0,-60.0,12.664834988433489,56.65688854993558,249.0,2.0072002732540626,False
51.0,-57.0,12.365888680524488,2.6549462837222535,0.0,1.0180270852664741,False
51.0,-3.0,14.442826019878249,24.69638457401725,25.0,1.2301884512575771,False
51.0,0.0,12.592932134900437,23.03758647276674,30.0,1.2314252121500862,False
-30.0,144.0,7.042768719544795,654.1294516346526,143.0,5.799038976599291,False
-30.0,147.0,6.4582366948750565,558.8997431399085,151.0,5.17242925591998,False
-30.0,150.0,6.083234777843336,297.66017468763175,329.0,3.8436125861290193,False
-30.0,153.0,5.286805571034591,21.55479940152482,2.0,1.1513570879363535,False
-27.0,-69.0,19.60474653510203,175.38289825690072,4845.0,14.303349879164356,False
-27.0,-66.0,8.564740988885516,467.67960456955143,2385.0,10.138044515027254,True
-27.0,-63.0,6.088651832457648,763.3636224653281,125.0,6.495738996539578,True
-27.0,-60.0,5.455395488236844,632.6911253226723,59.0,5.443472740940945,False
-27.0,-57.0,5.284553000487018,619.3616084983653,66.0,5.3704653217039,True
-27.0,-54.0,5.292392807645419,428.41323246507073,395.0,4.89642584843783,False
-27.0,-51.0,5.1304231257713955,232.7350112410435,668.0,4.2502707263266855,False
-27.0,18.0,7.894600340810441,235.87046300849698,716.0,4.391560443827695,False
-27.0,21.0,8.586040673065709,474.160963642195,901.0,6.472052943130504,False
-27.0,24.0,7.160033979721366,740.5738144159993,1410.0,9.553496199884636,True
-27.0,27.0,6.32865728150967,499.6099822193783,1379.0,7.839851779269578,True
-27.0,30.0,5.2782597176071215,271.0714115344947,1276.0,6.030574884319218,True
-27.0,114.0,5.393019541380098,18.33454149417206,0.0,1.1244915367454282,False
-27.0,117.0,6.796258332589895,287.76979586934726,464.0,4.113956913952868,False
-27.0,120.0,6.999448683560705,557.9660053913072,435.0,5.8760891766069765,False
-27.0,123.0,6.860610757031687,652.8959341825122,464.0,6.593163393099258,False
-27.0,126.0,7.157012867564308,584.6822093957549,413.0,6.002492201797175,False
-27.0,129.0,7.23579181626263,517.4707720695211,321.0,5.316126542352048,False
-27.0,132.0,7.36610770394136,506.7495681835463,409.0,5.463329567966279,False
-27.0,135.0,7.674738691988735,592.2731457098457,120.0,5.321534659369853,False
-27.0,138.0,7.264582824285059,620.6113827877372,18.0,5.258951289128736,False
-27.0,141.0,7.330851905141862,693.4902021114108,86.0,5.923798472336479,False
-27.0,144.0,6.5305558098206475,767.2174496791397,158.0,6.604406483321359,True
-27.0,147.0,5.772801730171153,549.4455520207182,186.0,5.195735298220677,False
-27.0,150.0,5.357442812293589,309.27893722475216,269.0,3.772503983756067,False
-27.0,153.0,4.886445015276371,16.17687136936231,59.0,1.25734095659797,False
-24.0,-69.0,18.029632520671026,148.4420514801915,3894.0,11.7429215295505,False
-24.0,-66.0,7.086534468784863,449.5091880207985,2777.0,10.994667386661222,True
-24.0,-63.0,5.930714462183722,753.6458008335484,245.0,6.729754987659794,True
-24.0,-60.0,5.682902087937069,958.2932031355186,113.0,7.789310849290171,True
-24.0,-57.0,5.229339581508614,848.971778638384,63.0,6.922018376954627,True
-24.0,-54.0,5.150323686269143,553.5553022098394,432.0,5.838640502004809,True
51.0,3.0,11.415088252382803,26.617285922533313,11.0,1.2082313714140014,False
51.0,6.0,11.324063976370772,130.8629360530954,81.0,2.091059335800518,False
51.0,9.0,12.032022358597676,268.4390511584441,436.0,3.9127011573658352,False
51.0,12.0,10.712024111474618,321.5538483552916,166.0,3.59835063033243,False
51.0,15.0,11.576841061242868,294.8436624990811,304.0,3.761988468368761,False
51.0,18.0,11.111551149391438,374.15016602824807,183.0,3.9979796273318042,False
51.0,21.0,11.174702785607089,391.49269004264306,309.0,4.4307353653895465,False
51.0,24.0,10.942783908124024,476.25744917645335,202.0,4.738788079908119,False
51.0,27.0,11.285390385241312,545.0687405246891,192.0,5.181016748162639,False
51.0,30.0,11.058408720287924,440.1185671978354,123.0,4.295905071273302,False
51.0,33.0,11.314974597258836,430.67331741708057,150.0,4.299271825261977,False
51.0,36.0,11.984373672395582,450.7269154128032,174.0,4.495435755652934,False
51.0,39.0,12.058077228964253,414.5141686524855,171.0,4.242051205150377,False
51.0,42.0,12.007051429185235,462.2513079070721,138.0,4.4836863806890195,False
51.0,45.0,12.263743893531664,591.2069901489834,161.0,5.4167954631115975,False
51.0,48.0,12.084751567365554,488.947725283811,84.0,4.529955054677076,False
51.0,51.0,11.28836818302713,432.72501937744704,34.0,4.023202881572866,False
51.0,54.0,11.604734972553628,456.7402390902355,91.0,4.328766223422699,False
51.0,57.0,11.90075620288346,539.4475899060993,336.0,5.502849135462414,False
51.0,60.0,11.8716564631095,683.0699863920055,344.0,6.4980452076017166,False
51.0,63.0,11.76554958934482,858.0903127114324,287.0,7.543933223310626,False
51.0,66.0,11.835216870911594,1049.1008610817432,278.0,8.818394846745036,False
51.0,69.0,11.766305726779551,1248.5642151633126,353.0,10.360251020958893,False
51.0,72.0,11.772591113487245,1452.9082844533027,391.0,11.842747251437924,True
51.0,75.0,11.825067633451498,1660.0672826594434,330.0,13.09685684925762,True
51.0,78.0,11.585344903967645,1728.653479023752,166.0,13.152557122571277,True
51.0,81.0,11.78752625528464,1768.9922288474716,238.0,13.606457233874332,True
51.0,84.0,13.05442271252362,1823.9990802462585,1129.0,16.207453754872095,True
51.0,87.0,13.81765665438991,1892.2886366757791,1677.0,18.04113984302854,True
51.0,90.0,13.458676958595756,1941.8898693068818,1078.0,16.88043221259373,True
51.0,93.0,16.441817184478264,1999.1416368328858,2274.0,20.259171714095295,True
51.0,96.0,14.782133936238756,2067.632781103769,1662.0,19.194226583694594,True
51.0,99.0,15.543024499750269,1968.730103901722,2153.0,19.750177405492693,True
51.0,102.0,14.20347295661422,1802.2319042374772,1810.0,17.76215462977247,True
51.0,105.0,13.418259588857106,1651.4699710412474,1416.0,15.75348110337007,True
51.0,108.0,13.61079518422164,1511.5260421498917,1155.0,14.150761826197765,True
51.0,111.0,12.915173361037777,1368.2560800558576,1073.0,12.972958783579273,True
51.0,114.0,13.707559474116266,1251.0245815260814,907.0,11.761956908562093,False
51.0,117.0,13.949643864623104,1167.889311723632,1113.0,11.712468426603461,False
51.0,120.0,13.036747115222472,1102.2228353907258,818.0,10.529093052303029,False
51.0,123.0,12.971640652923371,919.8158234439218,773.0,9.178049441184228,False
51.0,126.0,12.325485084354913,746.300162998191,404.0,7.077378106757717,False
51.0,129.0,12.567970441884544,590.0094688626342,259.0,5.653664293577286,False
51.0,132.0,13.698274246491913,446.7066819175369,764.0,5.943138370220076,False
51.0,135.0,14.29467546543235,321.93891887286264,707.0,4.953465259146737,False
51.0,138.0,13.733348473092397,178.16665137243547,224.0,2.769751562818837,False
54.0,-132.0,13.935959658226857,6.062026285512275,56.0,1.1811611584786286,False
54.0,-129.0,16.06635315370667,17.828974698462748,882.0,3.326058738202562,False
54.0,-126.0,14.247517547841676,145.00406187766632,805.0,3.9970775801493543,False
54.0,-123.0,14.55998137379683,295.0837041754902,712.0,4.783618351351579,False
54.0,-120.0,15.890184588120436,478.8278539973838,1665.0,8.413741128642236,False
54.0,-117.0,14.188770921618936,633.0864996123792,964.0,7.7086573323680545,False
54.0,-114.0,13.39266014220287,792.1489049495166,710.0,8.153691064607218,False
54.0,-111.0,13.509380889947586,963.40467615981,688.0,9.26151775112511,False
54.0,-108.0,13.285261956785066,969.5972713865116,551.0,8.961065472714413,False
54.0,-105.0,13.583849226159275,813.9431636180037,603.0,8.034174080966245,False
54.0,-102.0,13.115354745392924,664.1386423554899,288.0,6.229501381593776,False
54.0,-99.0,13.274919069825376,508.0293316511692,234.0,5.0345191619114384,False
54.0,-96.0,14.033745521725267,382.4134030344631,254.0,4.231587006604005,False
54.0,-93.0,14.092773024524565,325.15725960883975,257.0,3.850317792744022,False
54.0,-90.0,14.15508932853814,276.1564006168221,224.0,3.4351019601882222,False
54.0,-87.0,14.820490441608715,159.751592767081,112.0,2.36471331488848,False
54.0,-84.0,15.252830800845194,106.22908507456285,119.0,2.0187954876562815,False
54.0,-78.0,15.07782984885558,64.34269418663297,151.0,1.8143868935272378,False
54.0,-75.0,15.027939011375112,228.0370409439617,222.0,3.1033715080095003,False
54.0,-72.0,15.814362674543936,376.0620992990876,450.0,4.678461654240805,False
54.0,-69.0,15.648463447263534,433.94453539367095,546.0,5.311483395323026,False
54.0,-66.0,15.833040263901855,365.2314284362127,519.0,4.777421399081884,False
54.0,-63.0,15.153359814049857,175.22245610066568,486.0,3.40476047692352,False
54.0,-60.0,15.384881943221515,21.75463697315535,339.0,1.9952139850477248,False
54.0,-9.0,17.27761489623565,25.174632179454044,152.0,1.5509357524984928,False
54.0,9.0,12.36135784874149,6.306158453012155,1.0,1.0453188158959525,False
54.0,12.0,11.799657897592777,17.703128503149856,23.0,1.1777042425363877,False
54.0,15.0,12.015323556047152,8.944822578195836,18.0,1.1057353453059497,False
54.0,18.0,12.38543845081348,64.74119207514985,159.0,1.8370926941902674,False
54.0,21.0,12.16173880974548,100.37440335154403,131.0,2.009042198756984,False
54.0,24.0,12.239468686357794,209.29797328207692,108.0,2.6911332385853024,False
54.0,27.0,12.00846806659546,386.25141706827577,232.0,4.202647121893593,False
54.0,30.0,12.23063949476043,503.26074765765344,193.0,4.899640476595467,False
54.0,33.0,12.1358689555788,649.8752791802267,193.0,5.895153145633739,False
54.0,36.0,12.486249203274554,743.44139968452,242.0,6.6529671038578915,False
54.0,39.0,12.184716576823108,748.097220006169,222.0,6.6345801238418876,False
54.0,42.0,11.9280172626538,773.9983847487587,136.0,6.595449032444071,False
54.0,45.0,12.47157999197206,852.434861779011,194.0,7.273032711479486,False
54.0,48.0,12.000520084380192,798.1243102521606,156.0,6.809264066612171,False
54.0,51.0,12.714900104809614,766.2182218252817,243.0,6.810121726193663,False
54.0,54.0,13.075974755670726,786.7019793251839,250.0,6.966706439617998,False
54.0,57.0,14.07591877174667,834.6845317458863,591.0,8.145007970554568,False
54.0,60.0,13.080203811912911,929.0594599458801,363.0,8.215813733032526,False
54.0,63.0,12.699581355846432,1057.4791882909599,184.0,8.640283688495618,False
54.0,66.0,12.440817262174416,1208.0567143939502,163.0,9.610205090734922,False
54.0,69.0,12.829710831915229,1370.9572188969885,147.0,10.676299516310552,False
54.0,72.0,12.220306332817344,1361.781541538198,56.0,10.386496667044366,False
54.0,75.0,12.863222843653968,1371.779955080591,106.0,10.579385894997213,False
54.0,78.0,12.852012646739738,1400.050696178292,109.0,10.778844227050602,False
54.0,81.0,13.22823589626547,1446.1536893942416,187.0,11.2868835509869,False
54.0,84.0,13.055397158146237,1508.3638890924165,192.0,11.721790806937507,False
54.0,87.0,12.623258356559106,1570.1897309156343,299.0,12.409088272917158,False
54.0,90.0,13.985641166209849,1620.3784468477027,1041.0,14.6048696540959,True
54.0,93.0,13.091294242677328,1683.854110831667,475.0,13.62086941254702,True
54.0,96.0,16.482864239297932,1759.052004489776,1679.0,17.141463110485578,True
54.0,99.0,15.815075238444862,1844.3890371015368,1353.0,16.905901561919435,True
54.0,102.0,13.221365701743329,1938.3565539440121,502.0,15.416441001279843,True
54.0,105.0,14.963552392665092,1888.3305300919722,1015.0,16.35926429932449,True
54.0,108.0,15.639585644285074,1751.882259864863,1316.0,16.18528054448242,True
54.0,111.0,17.337405565324183,1561.3718480906134,1884.0,16.311714848535264,False
54.0,114.0,14.928508928784352,1370.2269935972677,970.0,12.728841286525448,False
54.0,117.0,13.987815143004124,1178.5817671660634,718.0,10.79757019905757,False
54.0,120.0,15.011538928221407,986.6026623526498,832.0,9.779032077374492,False
54.0,123.0,14.19338066168699,794.5290343971042,558.0,7.789852143556338,False
54.0,126.0,15.08217813854713,602.790413600862,469.0,6.265446908349854,False
54.0,129.0,14.44300736794648,412.44801343601415,413.0,4.833022011230536,False
54.0,132.0,15.349554329145434,226.1501646726935,254.0,3.170559618127589,False
54.0,135.0,18.54736161758178,81.4386098914989,1554.0,5.437968161163277,False
54.0,156.0,15.38899853566608,10.12861190669598,49.0,1.1912732748464658,False
54.0,159.0,15.38614451483201,58.91360713776829,293.0,2.1325233924654468,False
57.0,-132.0,18.994176127983824,39.374728108564824,1433.0,4.8498544038571545,False
57.0,-129.0,19.95237095359021,138.7489839543722,1491.0,5.669605601050187,False
57.0,-126.0,19.771931938840364,276.5035476671484,1681.0,7.079959088659937,False
57.0,-123.0,16.076778416646,439.8297032140766,1059.0,6.6339436848235795,False
57.0,-120.0,15.54451055869969,614.5590779749336,754.0,7.057856139449799,False
57.0,-117.0,15.29098902323332,787.8984782806416,534.0,7.684830667525556,False
57.0,-114.0,15.621901667937257,948.9969031844068,572.0,8.873688972622123,False
57.0,-111.0,15.953186353932542,969.4156166664744,500.0,8.832332037165362,False
57.0,-108.0,15.690214469222893,800.0227126767844,479.0,7.629654219075366,False
57.0,-105.0,16.395444055764038,633.6015649327175,536.0,6.642154625893151,False
57.0,-102.0,15.83284879957413,473.79753699875187,335.0,5.054585276221525,False
57.0,-99.0,16.486790770843502,312.8764727980057,291.0,3.851931250298459,False
57.0,-96.0,16.992711215316216,175.08430216007255,208.0,2.7088224116668926,False
57.0,-93.0,17.025324582555676,14.38819256150251,48.0,1.2176958274926022,False
57.0,-90.0,17.14233936033786,4.4576507829099095,4.0,1.0402674488159582,False
57.0,-75.0,17.313624743132635,93.30243534806576,274.0,2.3185235360133665,False
57.0,-72.0,18.537895114953475,203.47146590352492,388.0,3.3515712534849342,False
57.0,-69.0,19.794663139416627,100.38203960826279,244.0,2.2915940489401043,False
57.0,-66.0,19.895640496737432,148.99362201954497,346.0,2.8766666935127105,False
57.0,-63.0,19.699671224243065,37.65708834461948,504.0,2.5156916298599663,False
57.0,-6.0,20.213123130555747,5.000181983033742,0.0,1.033951235664799,False
57.0,-3.0,20.905087215761323,45.814328750782174,658.0,2.9560792922178107,False
57.0,9.0,15.829338909284496,1.8443688358706862,0.0,1.012523264395562,False
57.0,15.0,15.027412466196186,86.98158038599558,201.0,2.09310493082091,False
57.0,24.0,14.098688348866698,4.274713230150467,19.0,1.0765253028327217,False
57.0,27.0,14.29411622716313,160.39612813842723,98.0,2.3340897100599207,False
57.0,30.0,13.094149742048652,295.44086817173707,118.0,3.3010434948860947,False
57.0,33.0,13.434800539881891,360.6799861589588,255.0,4.086517106019331,False
57.0,36.0,13.043083903793631,467.79171898149633,145.0,4.53880577188436,False
57.0,39.0,13.250896779038412,606.7071976406145,132.0,5.449541871979773,False
57.0,42.0,13.414387432501686,759.5379327003675,144.0,6.517262563035494,False
57.0,45.0,13.956143355518355,862.2861540816333,153.0,7.23742298621429,False
57.0,48.0,13.973524843508782,945.9734205113158,135.0,7.760659525271834,False
57.0,51.0,14.62166394592424,1032.50846777772,94.0,8.245732496210719,False
57.0,54.0,14.582920059520529,1116.2510589257163,78.0,8.774344690105613,False
57.0,57.0,14.874773739521144,1150.9882225965544,226.0,9.380210031430604,False
57.0,60.0,15.56903868854439,1164.8387223140912,376.0,9.84925492451268,False
57.0,63.0,14.54649070556376,1106.678395184991,129.0,8.83684630330609,False
57.0,66.0,14.680562759310222,1063.1322677732455,57.0,8.361168098180336,False
57.0,69.0,14.801484040894422,1039.3988264785603,84.0,8.267518031789425,False
57.0,72.0,14.999964082691834,1028.1984272315117,100.0,8.231467320901963,False
57.0,75.0,15.204567671958564,1040.2391787280028,90.0,8.288224023563139,False
57.0,78.0,15.334564495034014,1074.4615477949565,135.0,8.633093909527755,False
57.0,81.0,14.934595415051094,1129.446304063153,111.0,8.94644040458881,False
57.0,84.0,14.640680798117192,1202.2404703900156,120.0,9.463212793948207,False
57.0,87.0,15.073471715574216,1246.8555386738228,110.0,9.741149107595257,False
57.0,90.0,15.465378477081291,1304.7855619140003,238.0,10.454493965396063,False
57.0,93.0,15.685765778956284,1376.9762023053725,181.0,10.80216841365348,False
57.0,96.0,15.469495154958246,1461.171185791147,259.0,11.56885235152189,False
57.0,99.0,16.0594477979449,1555.2545334188972,408.0,12.58017828191431,False
57.0,102.0,15.630133736396868,1657.3556584585115,478.0,13.448444920933293,False
57.0,105.0,16.09934994585113,1754.3399292851095,427.0,13.979468119845894,False
57.0,108.0,16.51811830173143,1699.8960841934236,366.0,13.457294411673345,False
57.0,111.0,16.682902026384923,1518.4068874198738,862.0,13.464982765580942,False
57.0,114.0,18.154560191756065,1336.7391644457732,1147.0,12.9439589265868,False
57.0,117.0,18.46744523725615,1155.2419560554501,1186.0,11.809092881616507,False
57.0,120.0,20.626237355737583,974.455847954664,1516.0,11.406555207612168,False
57.0,123.0,18.17306956571556,795.312310052454,902.0,8.655170585256162,False
57.0,126.0,19.698777682665018,619.4541131475818,1060.0,7.8560934282720805,False
57.0,129.0,19.274338805590908,451.5827762509882,1314.0,7.35124705074421,False
57.0,132.0,19.903910848672812,303.7628354326081,1121.0,5.865049652587409,False
57.0,135.0,17.157154563348023,181.88906212296249,368.0,3.155026731814915,False
57.0,138.0,21.547638712100262,35.19487490786267,1092.0,3.9689732006243874,False
57.0,159.0,18.4955197092478,120.2571563929901,554.0,3.2015460919084027,False
57.0,162.0,17.154180072109114,49.40053056241401,346.0,2.200429602518791,False
60.0,-162.0,21.630187290837533,7.996771087702744,3.0,1.0617980756855017,False
60.0,-159.0,22.754672437094115,106.30360871695345,463.0,2.8793015031881137,False
60.0,-156.0,21.073737042714136,106.49876587185032,123.0,2.0306266202698637,False
60.0,-153.0,21.334708675445505,12.654628061470275,1023.0,3.643424924537383,False
60.0,-150.0,20.561907504780688,18.266140108993085,1338.0,4.469027091340064,False
60.0,-141.0,18.90235460643792,16.125587776514514,290.0,1.8344927410025336,False
60.0,-138.0,23.037594289248545,58.046774824363084,1320.0,4.694137601057426,False
60.0,-135.0,18.23312015925107,67.70125184938088,668.0,3.1296915000572962,False
60.0,-132.0,20.166561282527763,196.27025456874503,1125.0,5.145175028521779,False
60.0,-129.0,19.57465965583818,322.34593905980057,806.0,5.203728926216046,False
60.0,-126.0,18.762944488712087,475.08761473586617,1070.0,6.900844904056532,False
60.0,-123.0,16.628145374451957,616.5511543978275,368.0,6.106382338361249,False
60.0,-120.0,17.38451679601654,746.4191007940991,471.0,7.245685694391933,False
60.0,-117.0,16.875631330410506,860.2559293573852,300.0,7.591137760336645,False
60.0,-114.0,16.98848291388775,786.2828925440124,292.0,7.068860840373844,False
60.0,-111.0,17.06641256392297,735.4105153733101,282.0,6.698437399384775,False
60.0,-108.0,18.88645748377926,712.4398546417405,481.0,7.039966613017418,False
60.0,-105.0,19.28015407108837,567.0582990221333,479.0,6.047825850360285,False
60.0,-102.0,20.50722130155424,401.20933919055545,354.0,4.609211413103871,False
60.0,-99.0,20.108598239821344,234.48239177502688,311.0,3.3696354401524324,False
60.0,-96.0,20.382129492728513,67.75271472780356,160.0,1.8600409330017862,False
60.0,-75.0,21.37187675643357,127.24905229883225,178.0,2.309021065109071,False
60.0,-72.0,22.2123284832963,74.81371587936118,216.0,2.0479851308208623,False
60.0,6.0,21.100979450064376,3.507433922290162,382.0,1.9788154763323502,False
60.0,9.0,18.251262691477912,92.10513562545029,918.0,3.9203938708968074,False
60.0,12.0,17.59798878793362,82.63008003661916,340.0,2.411058243448644,False
60.0,15.0,17.049244104205233,146.28788519103867,271.0,2.6707947404471524,False
60.0,18.0,16.13549877745271,34.22152890549405,38.0,1.3273641812683046,False
60.0,24.0,16.485370276967483,1.733084720643771,0.0,1.0117676452531712,False
60.0,30.0,16.512960078276507,3.203824246991088,0.0,1.0217539666370694,False
60.0,33.0,15.023750275942906,157.35521358708556,58.0,2.213441900256311,False
60.0,36.0,15.436183649483713,324.1256613554927,178.0,3.645813240603795,False
60.0,39.0,15.41219105334001,431.76995734148096,143.0,4.289218010348655,False
60.0,42.0,16.310456275510237,486.3049911736652,222.0,4.857010890069187,False
60.0,45.0,16.601442827782165,571.8907216739605,178.0,5.3281380001661915,False
60.0,48.0,16.92001376612441,656.9036504797933,173.0,5.892875786757797,False
60.0,51.0,17.451038029974143,752.3420548133714,206.0,6.623402552182792,False
60.0,54.0,17.813828667008853,832.1660690668922,177.0,7.092907608964198,False
60.0,57.0,17.87610961026862,901.4942138799532,148.0,7.491145712244883,False
60.0,60.0,17.95533968131204,861.6721350752815,250.0,7.475753797161161,False
60.0,63.0,16.47031946572903,790.9242570709206,81.0,6.572875705511551,False
60.0,66.0,16.956233445878915,737.6694610986997,49.0,6.131275640860171,False
60.0,69.0,16.795639271128287,708.3955480639183,39.0,5.907505771354006,False
60.0,72.0,17.96133732522985,694.6168943543013,62.0,5.871448712665706,False
60.0,75.0,18.42383948725482,710.5917499061383,87.0,6.042417981862679,False
60.0,78.0,18.77811031590638,755.7915637740728,89.0,6.354324718025954,False
60.0,81.0,18.617433311303135,825.954760611474,73.0,6.790732824551908,False
60.0,84.0,18.792735209580297,879.2202727954993,150.0,7.34490565228144,False
60.0,87.0,18.31744553757798,930.6680722373845,156.0,7.7092362104918415,False
60.0,90.0,18.431315805449323,1000.7283030184653,130.0,8.11994517749538,False
60.0,93.0,20.09434725236799,1085.665577160443,526.0,9.686669268919408,False
60.0,96.0,19.944246463511032,1182.1109202098987,464.0,10.186533148225212,False
60.0,99.0,18.87837165027059,1287.2910710404321,415.0,10.778206372364535,False
60.0,102.0,18.617698880608433,1399.0298083335092,375.0,11.436912398584527,False
60.0,105.0,18.585475528834067,1420.7566834977667,366.0,11.561937880949838,False
60.0,108.0,18.44483727106209,1425.9252403100775,322.0,11.487032381705426,False
60.0,111.0,18.804225918089045,1409.586528903799,396.0,11.561092531256795,False
60.0,114.0,18.674018526696543,1382.1923982584767,405.0,11.397586384175057,False
60.0,117.0,17.7034119831427,1222.6402221743485,197.0,9.794227108563826,False
60.0,120.0,18.341394036487596,1068.13552601688,277.0,8.945140221654615,False
60.0,123.0,19.57582966756337,921.601193639591,412.0,8.287672104812824,False
60.0,126.0,21.223675213172154,785.434940522148,621.0,7.8856032461453855,False
60.0,129.0,20.25323916688442,654.2466555494963,353.0,6.32483479118108,False
60.0,132.0,20.613153056836502,513.2041352591932,218.0,5.029656078409921,False
60.0,135.0,21.091372125214217,380.0495055217779,329.0,4.403036142492872,False
60.0,138.0,21.469445456199175,244.72485286235948,635.0,4.2491817509354215,False
60.0,141.0,21.805066456433952,120.36732340641369,840.0,3.917294125929549,False
60.0,144.0,18.850349644975097,65.62328964140646,310.0,2.2205821366651497,False
60.0,147.0,19.7740690492188,65.71700613574482,340.0,2.2962184716617076,False
60.0,150.0,22.41399934481843,31.425908215432504,704.0,2.9733819167827864,False
60.0,153.0,20.654657064332497,74.41498540526133,174.0,1.9402777509017244,False
60.0,162.0,19.955585641519622,21.764798596434925,269.0,1.820282982469793,False
60.0,165.0,20.005314023484974,7.305465280243932,45.0,1.1621041092528563,False
63.0,-162.0,26.452556383942664,42.999796683446895,268.0,1.9619686194806043,False
63.0,-159.0,24.11599153808312,120.99487802204465,32.0,1.9015552217696832,False
63.0,-156.0,24.03161917842918,253.82765072088839,126.0,3.038489748394832,False
63.0,-153.0,26.50584341731093,225.9519341440806,363.0,3.441713632838307,False
63.0,-150.0,26.015761194483243,169.2637916187018,664.0,3.809301145090985,False
63.0,-147.0,26.48244897349135,201.8650316714553,820.0,4.420663565049182,False
63.0,-144.0,25.61093782367331,241.2497339775258,1322.0,5.9430856937074,False
63.0,-141.0,23.34953791133804,321.2282195000818,699.0,4.928639610405556,False
63.0,-48.0,37.82446100883248,90.58291888233832,2088.0,6.835058019211077,False
63.0,-45.0,46.35209378833952,108.93715163155913,2833.0,8.822183259578287,False
63.0,9.0,18.552251585891455,23.81596456184148,26.0,1.2267103993749036,False
63.0,12.0,21.156171835480645,80.53666248719695,730.0,3.3718439382880674,False
63.0,15.0,19.198958524712364,134.3116780493497,356.0,2.8019762939550845,False
63.0,18.0,18.399840131115752,13.447219846480095,121.0,1.3938066227575998,False
63.0,24.0,19.63498309230746,91.15671175886126,124.0,1.928954072842668,False
63.0,27.0,18.93069703934604,204.4840320581436,107.0,2.6559465776747953,False
63.0,30.0,18.7703488934327,269.7897446658268,109.0,3.104372366280964,False
66.0,-165.0,34.87760439046931,31.118049688010405,24.0,1.2712915573815906,False
66.0,-162.0,30.77724380802741,5.630567011343146,2.0,1.04323155000702,False
66.0,-159.0,29.576591945435297,72.35779182548983,123.0,1.7988094064950761,False
66.0,-156.0,27.675503644142257,195.43517820121147,62.0,2.482004859986226,False
66.0,-153.0,28.755632936921053,327.5302748824689,401.0,4.226430566451963,False
66.0,-150.0,29.53381840808714,460.7824500229761,347.0,4.996212835656008,False
66.0,-147.0,29.672168402829875,451.9742067015682,323.0,4.876404863503648,False
66.0,-144.0,29.56891404362941,420.4552730914871,178.0,4.299891304291197,False
66.0,-141.0,28.95625264638093,365.9051286669012,688.0,5.204495823648259,False
66.0,-51.0,40.56667737788776,24.745093714367734,1627.0,5.235519186320557,False
66.0,-48.0,43.68589064113709,142.63188146278074,1762.0,6.373470475132281,False
66.0,-45.0,54.25468222245736,206.03361044794264,2391.0,8.37646821494153,False
66.0,-42.0,52.72326320749417,96.83784304043907,2112.0,6.9375289542445815,False
66.0,-39.0,42.170689227356704,21.71510529930249,1512.0,4.927445564982264,False
66.0,-18.0,28.850751037259535,10.49806215221015,434.0,2.156281842013507,False
66.0,-15.0,32.55643813526786,6.378226243438133,212.0,1.573308156192945,False
66.0,15.0,25.38155375475844,54.59383346675342,728.0,3.190692129239256,False
66.0,18.0,25.808469090547188,173.72389588224192,435.0,3.267085253040423,False
66.0,21.0,24.17499442576275,64.40441056772387,225.0,1.999805947754845,False
66.0,24.0,22.0793681326352,22.773954705233944,26.0,1.2196351524485385,False
66.0,27.0,24.998872346384836,94.76452687881272,198.0,2.1384511375071384,False
66.0,30.0,25.32023189723417,149.49319365067987,277.0,2.707558784888116,False
69.0,-162.0,33.79642613333376,62.184194666542794,415.0,2.4597306817858255,False
69.0,-159.0,33.48464864336731,146.08936400644905,477.0,3.184446781603789,False
69.0,-156.0,32.276097204886014,204.06398733274304,325.0,3.1980944739893253,False
69.0,-153.0,32.030495523225355,166.50104427888826,256.0,2.7705420906536515,False
69.0,-150.0,30.911362266075024,157.88423075537622,369.0,2.9945339268290043,False
69.0,-147.0,36.351478666103986,130.16654695168873,1374.0,5.318830853801967,False
69.0,-144.0,27.74683449193516,111.83864960642337,1922.0,6.564384430827614,False
69.0,-141.0,30.891139153037905,70.36121347746854,795.0,3.4652526395120113,False
69.0,-51.0,24.25637652091951,9.254933680615418,122.0,1.3678409996913787,False
69.0,-48.0,26.533248209005393,93.1381385632617,1427.0,5.199907960844547,False
69.0,-45.0,32.04900336577251,211.06132186724378,2139.0,7.780606375478586,False
69.0,-42.0,36.34385094275764,329.64892561860165,2611.0,9.765816204950305,False
69.0,-39.0,38.48309923391598,276.3135900678656,2900.0,10.126169276560807,False
69.0,-36.0,35.941776108938875,160.85068366520855,2747.0,8.959676142086765,False
69.0,-33.0,28.89730652887945,68.20176005453956,1383.0,4.9205899507703235,False
69.0,-30.0,27.82420246987909,76.7343893672269,1617.0,5.563526503803471,False
69.0,-27.0,28.770980743405897,38.942918489513595,1045.0,3.8769224165437977,False
69.0,18.0,22.17205272984781,14.71468652238907,630.0,2.674912721487022,False
69.0,21.0,23.38475885711977,51.82165024459216,863.0,3.509369005160781,False
69.0,24.0,28.265041098192587,112.20665285059097,404.0,2.7718831728555124,False
69.0,27.0,27.190524641292985,134.13390007292182,255.0,2.5482691814951393,False
72.0,-54.0,24.029020785310543,13.525452809351163,1045.0,3.7043378245754948,False
72.0,-51.0,27.7726876723374,44.39745285486191,1722.0,5.6064587048845125,False
72.0,-48.0,31.582352102409487,135.58127105958116,2304.0,7.680596830494556,False
72.0,-45.0,35.413813868097954,237.3630743771526,2717.0,9.404195275020866,False
72.0,-42.0,37.92567533708167,336.63757984193427,2970.0,10.710769167126735,False
72.0,-39.0,39.39304415691133,389.9325302926242,3150.0,11.522641880686919,False
72.0,-36.0,38.6426557009171,290.43646722610885,3104.0,10.732063612465279,False
72.0,-33.0,36.40505724625927,197.17358929771407,2823.0,9.396308671331479,False
72.0,-30.0,31.129810665530343,108.00614373599964,2018.0,6.778361715967438,False
72.0,-27.0,32.52019465870752,41.08080192112392,1658.0,5.423938645044432,False
72.0,-24.0,26.375716263173302,21.00952879480621,823.0,3.2001547005167343,False
-24.0,-51.0,4.839440226830246,275.0977037054637,518.0,4.162913408160098,False
-24.0,-48.0,4.4324672278099575,94.95118295601287,7.0,1.6622185322713274,False
-24.0,15.0,5.477891509907734,52.76525865655026,378.0,2.303276106277976,False
-24.0,18.0,9.15658741724554,338.81612555478256,1172.0,6.230561492516974,False
-24.0,21.0,7.78914781290582,633.9297213507429,1021.0,7.8568828079715445,True
-24.0,24.0,7.316060972421908,893.712692505689,1068.0,9.738309182113628,True
-24.0,27.0,6.55428510999274,605.7678910291977,1024.0,7.673163980088253,True
-24.0,30.0,5.203439116618213,335.89745073718495,1101.0,6.033243690505486,True
-24.0,33.0,4.880119337930336,142.6463795501175,45.0,2.0810689171452976,False
-24.0,45.0,4.349489111373748,130.9045194627529,222.0,2.4438416871520925,False
-24.0,114.0,5.056069422741117,53.83712476392199,27.0,1.4330540771470301,False
-24.0,117.0,6.919281643498482,320.7007505749603,391.0,4.15505809640398,False
-24.0,120.0,7.006346284821004,435.08595444119936,626.0,5.5192336306557435,False
-24.0,123.0,6.937367655897935,529.4053903620959,429.0,5.6671626005586315,False
-24.0,126.0,7.240114634199452,707.459151552944,441.0,6.90614763904449,False
-24.0,129.0,7.3311250034881885,849.5764828794122,750.0,8.643624318751208,True
-24.0,132.0,6.903056945727082,837.7224787536516,539.0,8.035635630737294,True
-24.0,135.0,7.077211230443007,863.3375849092213,265.0,7.524562201533612,True
-24.0,138.0,7.119679839620554,731.4482837401791,72.0,6.146533846595816,False
-24.0,141.0,6.652023898566691,704.8332298726394,116.0,6.075817630835222,False
-24.0,144.0,6.195521723634864,603.0116893423675,204.0,5.604449370634675,False
-24.0,147.0,5.44411404082243,326.1976337611774,603.0,4.722381933238395,False
-24.0,150.0,4.889269957518122,104.8744899424988,172.0,2.1420977867095665,False
-21.0,-69.0,10.518634284201934,116.3460723372803,2979.0,9.237489831170134,False
-21.0,-66.0,7.643272291985964,424.88119992713524,3718.0,13.179943347505247,True
-21.0,-63.0,5.436421247299551,735.1004097913055,299.0,6.738831782482965,True
-21.0,-60.0,5.689679773688212,1045.720183466508,143.0,8.457940045737589,True
-21.0,-57.0,5.220481244758447,974.4330297475857,237.0,8.208900271986106,True
-21.0,-54.0,4.860423666648817,725.060949973433,347.0,6.790663850319611,True
-21.0,-51.0,4.75050514153132,538.2362117943143,402.0,5.659623878083394,True
-21.0,-48.0,5.168849890501495,371.83758440016373,802.0,5.529777198077111,True
-21.0,-45.0,4.960288584640535,231.50003341293265,881.0,4.774385226873813,False
-21.0,-42.0,4.673713752844426,111.52994322289999,604.0,3.2672883144834906,False
-21.0,15.0,6.4243271786807705,131.29927562683633,865.0,4.0540220815062185,False
-21.0,18.0,8.386262877340503,399.3160277179584,1661.0,7.863855828204937,False
-21.0,21.0,7.92973035138165,694.1153254653926,1195.0,8.700543059910016,True
-21.0,24.0,7.0016279270636,995.729610787773,959.0,10.15850405724898,True
-21.0,27.0,6.142842643838261,784.9520680476727,1055.0,8.967324542043698,True
-21.0,30.0,5.238738199088562,492.76480610472083,574.0,5.780873033451055,True
-21.0,33.0,4.439983061255258,186.74278073793852,121.0,2.5704834812106023,False
-21.0,45.0,4.712510940097457,104.24450439043756,357.0,2.6003201848110713,False
-21.0,48.0,4.525097497077317,44.89867471154011,18.0,1.3498620012913574,False
-21.0,117.0,5.696082898661401,38.07434846473824,469.0,2.431024826075573,False
-21.0,120.0,6.178921535905489,115.3044088708819,449.0,2.905416936233288,False
-21.0,123.0,6.45929860795188,254.369526462813,241.0,3.3296690846825,False
-21.0,126.0,6.6243374589396895,463.75374644368657,338.0,4.993887938352632,False
-21.0,129.0,6.127817142005031,638.1641611578175,363.0,6.240634654261581,True
-21.0,132.0,6.462647271596219,697.900273352925,615.0,7.276242856066361,True
-21.0,135.0,6.241917857531663,584.7935268761079,452.0,6.100748047488772,False
-21.0,138.0,6.220026680316619,423.5561456400304,208.0,4.395946228895807,False
-21.0,141.0,5.839429828075748,375.7144744953612,291.0,4.278601281823502,False
-21.0,144.0,5.388603956877263,335.5863538409892,281.0,3.981131342580317,False
-21.0,147.0,4.735213675963883,157.12936183492238,215.0,2.604408366859123,False
-21.0,165.0,4.540256836705146,26.976740412534586,0.0,1.18317206740111,False
-18.0,-69.0,10.364869667878953,150.48707673756093,4671.0,13.699307251048038,True
-18.0,-66.0,7.014472095764579,462.5187302988067,3821.0,13.693002178728898,True
-18.0,-63.0,4.98877708430609,776.603672066309,396.0,7.263138933330238,True
-18.0,-60.0,4.820299036716393,1085.3634298196114,240.0,8.96961768847516,True
-18.0,-57.0,4.881207519450826,1183.0381975302294,90.0,9.257829361230257,True
-18.0,-54.0,4.904021526425162,983.3857429270489,461.0,8.829689194474662,True
-18.0,-51.0,4.594435386388842,815.081960933171,475.0,7.721906514736231,True
-18.0,-48.0,4.936220431408957,662.20147361212,695.0,7.233848005826295,True
-18.0,-45.0,5.005134821569963,547.047054036401,667.0,6.381949496907163,True
-18.0,-42.0,4.583318938303127,248.4195265915373,212.0,3.2167685855565384,False
-18.0,12.0,4.445694209719474,20.903990041120814,0.0,1.1419380923792104,False
-18.0,15.0,7.136824734250227,285.80147624078427,1156.0,5.830592023674925,False
-18.0,18.0,7.211402376566085,562.7731221694615,1185.0,7.783729499530644,True
-18.0,21.0,6.898427671723582,838.4614481235026,1065.0,9.355653232758582,True
-18.0,24.0,6.272048319439059,1110.8581823516884,919.0,10.840227058167963,True
-18.0,27.0,5.904539429688619,826.7871548375075,1027.0,9.181384781346676,True
-18.0,30.0,5.812887384439323,524.5283776232179,1219.0,7.6090476840616486,True
-18.0,33.0,4.280834820191406,256.73612676168403,680.0,4.443238300711835,True
-18.0,36.0,4.110036889539508,81.07318368096239,0.0,1.5504869171937345,False
-18.0,45.0,4.232964413907939,103.98348669046861,533.0,3.038547874628282,False
-18.0,48.0,4.516227429458939,148.74517988760047,899.0,4.257479771436808,False
-18.0,123.0,4.932479530978742,67.69999409027183,160.0,1.8596829598729456,False
-18.0,126.0,5.46590918297759,220.36839184989847,173.0,2.9288013806608104,False
-18.0,129.0,5.567641041558971,310.7034335236069,454.0,4.244676313625291,False
-18.0,132.0,5.603744786211818,405.80797903958864,247.0,4.372936177678807,False
-18.0,135.0,5.309097333406069,300.97669411385067,223.0,3.6011317530330462,False
-18.0,138.0,5.0283297131645215,144.16527240220512,245.0,2.591382199610973,False
-18.0,141.0,4.858075840273565,62.925396888254475,47.0,1.544763444871248,False
-18.0,144.0,4.804576250435744,214.705424483852,716.0,4.247849832245355,False
-15.0,-75.0,3.971873213509868,35.51341191207596,0.0,1.2411360668829958,False
-15.0,-72.0,5.774827385245283,196.40948696463678,3586.0,11.298620416489884,True
-15.0,-69.0,6.96019181166085,369.9574592914381,3809.0,13.034511148588866,True
-15.0,-66.0,4.545206711088678,598.7259766076162,222.0,5.620349381165713,True
-15.0,-63.0,4.640812494132719,870.1771452452138,293.0,7.641002816215002,True
-15.0,-60.0,4.586044110468651,1166.149954014389,223.0,9.475658187757702,True
-15.0,-57.0,4.456500487481832,1439.0713625787782,167.0,11.188794551909904,True
-15.0,-54.0,4.586789306564127,1269.320638339754,368.0,10.53868713432693,True
-15.0,-51.0,5.000624360171738,1110.3982406475463,526.0,9.85460405399684,True
-15.0,-48.0,5.235353216262081,960.0774096169038,1236.0,10.608925611298776,True
-15.0,-45.0,4.5968281273848905,639.6830937333202,460.0,6.493448206449244,True
-15.0,-42.0,4.793961235018665,318.39301994879816,894.0,5.3968886054523395,True
-15.0,-39.0,4.0928971386749256,7.298895700102887,40.0,1.1495595018036986,False
-15.0,15.0,5.301116642526036,295.1036579744236,1141.0,5.856253837646336,True
-15.0,18.0,5.875957645331239,563.2709931904885,1237.0,7.917110043763417,True
-15.0,21.0,5.8403816791857714,852.7671340816302,1110.0,9.565288840414269,True
-15.0,24.0,5.664871356084422,1159.6858867399112,1089.0,11.596767170963997,True
-15.0,27.0,5.236556116563937,965.3279471682214,996.0,10.044576761272223,True
-15.0,30.0,5.558504495328101,718.7540982415048,693.0,7.612840327059818,True
-15.0,33.0,5.182906780025159,535.8561685855242,353.0,5.520963384695709,True
-15.0,36.0,4.557041319212141,328.26581274280863,519.0,4.526424868523671,False
-15.0,39.0,3.977821270150907,161.1641090623296,194.0,2.579304300533218,False
-15.0,48.0,4.352092059703803,36.61305444272437,258.0,1.8936026396660985,False
-15.0,126.0,4.4380535724594745,44.07713882161601,600.0,2.7992837725987725,False
-15.0,129.0,4.597303379246528,14.296884279666424,103.0,1.354575844258935,False
-15.0,132.0,4.786823561847967,231.93213530856414,241.0,3.177319198745151,False
-15.0,135.0,4.119341949693195,48.708285868932535,146.0,1.6957292610500518,False
-15.0,144.0,4.494441836801555,59.86483066460966,224.0,1.9664822002126996,False
-12.0,-75.0,7.934718775785216,192.11262033774472,4729.0,14.126944692093286,True
-12.0,-72.0,7.478056880627551,482.8684162086608,3486.0,12.993676546056808,True
-12.0,-69.0,4.251891439376973,642.63947036771,219.0,5.9110220037967505,True
-12.0,-66.0,4.363565985396192,835.2126747678973,146.0,7.036094061674023,True
-12.0,-63.0,4.3249452601514715,1062.6804730686806,153.0,8.598100412136342,True
-12.0,-60.0,4.543908052875904,1319.3024623044464,582.0,11.41306371904719,True
-12.0,-57.0,4.59154761519318,1256.305162157278,370.0,10.455312051047917,True
-12.0,-54.0,4.401009216108647,1144.7099550456192,317.0,9.565080594759754,True
-12.0,-51.0,4.68841424095131,1049.7027952232413,219.0,8.674981979565809,True
-12.0,-48.0,5.145419197192769,982.1424090782972,758.0,9.563746957641637,True
-12.0,-45.0,4.680531486615207,664.1270834721231,757.0,7.401922896775716,True
-12.0,-42.0,4.6745563615750045,353.0118104272299,1299.0,6.644450192800891,True
-12.0,-39.0,4.167611329499619,77.07352734657074,49.0,1.6458292506832155,False
-12.0,15.0,5.066154006646548,133.78621860198257,1976.0,6.848408424307462,True
-12.0,18.0,5.383315174327123,459.0326288542672,1382.0,7.571831549920475,True
-12.0,21.0,5.373020883807278,785.2265136444375,1197.0,9.32418802764573,True
-12.0,24.0,4.97068144038805,1111.055113085345,1172.0,11.474064217849493,True
-12.0,27.0,4.959530633400659,1183.858372883244,1238.0,12.133398351877227,True
-12.0,30.0,4.99402850453523,990.0546309734498,1224.0,10.782470944309726,True
-12.0,33.0,5.174707865893614,766.9452190694101,1095.0,8.945058037481294,True
-12.0,36.0,4.936023023280624,463.40656983809487,761.0,6.049030609200663,True
-12.0,39.0,4.271547628154028,160.55671409458782,476.0,3.2801800887022514,False
-9.0,-78.0,4.109613213192977,63.481258905614055,343.0,2.2885377479691194,False
-9.0,-75.0,4.027943654482427,362.31306742289854,275.0,4.147605727801482,True
-9.0,-72.0,3.995368593420358,643.2305559547019,361.0,6.270035474932426,True
-9.0,-69.0,4.011370115207164,925.6256074651355,172.0,7.71499787468827,True
-9.0,-66.0,4.1524962462782655,1099.41351870828,151.0,8.842517792029222,True
-9.0,-63.0,4.209700401051153,1302.9603913725266,158.0,10.242101057419456,True
-9.0,-60.0,4.085839290477388,1159.6203428804854,182.0,9.328822128158496,True
-9.0,-57.0,4.292656705247034,957.1155191382506,218.0,8.043814374948722,True
-9.0,-54.0,4.43975048169172,841.2918427659058,332.0,7.5423716123805,True
-9.0,-51.0,4.332737565392761,721.246748136069,220.0,6.447265419843908,True
-9.0,-48.0,4.572097567382843,728.1551779396754,314.0,6.729173658210396,True
-9.0,-45.0,4.69931892123462,645.1249870332047,438.0,6.4753986619554595,True
-9.0,-42.0,4.998453742305291,541.2489130452998,670.0,6.350080119577585,True
-9.0,-39.0,4.506538565010109,303.3040922946308,535.0,4.396934786680543,False
-9.0,-36.0,3.9974454809893167,72.36903778670572,0.0,1.4913857665717318,False
-9.0,15.0,4.3235603565315825,183.01461276577635,1069.0,4.915169220679621,True
-9.0,18.0,5.081268875034505,502.7368728338739,1242.0,7.518583366542004,True
-9.0,21.0,5.020611394644679,813.5952996151826,1096.0,9.26431208438709,True
-9.0,24.0,5.029658483599743,1133.786692904926,1056.0,11.338411644824447,True
-9.0,27.0,4.836067158496368,1341.2653166059226,896.0,12.347191499754215,True
-9.0,30.0,5.302186010298236,1021.8554581852255,1463.0,11.595898561077682,True
-9.0,33.0,4.475655303241609,695.6105618267281,991.0,8.200695714803484,True
-9.0,36.0,4.595151645954993,368.3653566588567,826.0,5.566200771713637,True
-9.0,39.0,4.124359183501256,49.96903220725986,367.0,2.2567897286872944,False
-9.0,117.0,3.58546657078481,9.652727567758655,0.0,1.0655420201850814,False
-9.0,126.0,3.798242493562081,9.370540738291002,0.0,1.0636259716129959,False
-9.0,141.0,4.229316640683588,12.569607366428043,0.0,1.0853476340180463,False
-9.0,147.0,4.197066534631843,7.726995308600774,0.0,1.0524662981453992,False
-6.0,-81.0,3.728017504939503,15.490594965948416,0.0,1.1051811398187898,False
-6.0,-78.0,4.187031792528637,227.92676738458732,973.0,4.980122750541348,True
-6.0,-75.0,3.925834279531475,506.32831244753305,171.0,4.865469241518749,True
-6.0,-72.0,3.951761459871789,800.5083878796206,203.0,6.942951953702624,True
-6.0,-69.0,3.979387827654538,1100.74116826611,152.0,8.854032532526887,True
-6.0,-66.0,3.997113592345567,1382.23685737763,103.0,10.642888261594107,True
-6.0,-63.0,3.9845280187529206,1248.6439598901566,67.0,9.645792487654164,True
-6.0,-60.0,4.088182909489271,952.2625531719201,144.0,7.825862736037337,True
-6.0,-57.0,4.253736019569361,689.9040102321925,250.0,6.309448229476587,True
-6.0,-54.0,4.318753551598349,516.340719264071,236.0,5.095953483803042,True
-6.0,-51.0,4.308148481640995,401.2894952148795,294.0,4.459755672509031,True
-6.0,-48.0,4.603440428178017,413.30673169629546,281.0,4.508852708217846,False
-6.0,-45.0,4.597091827287027,312.3255441068305,260.0,3.770690444485379,False
-6.0,-42.0,4.874776482047337,347.68146320100465,254.0,3.995757135134822,False
-6.0,-39.0,4.240727071709728,218.26627640559784,327.0,3.2995280167940093,False
-6.0,-36.0,4.307757626708565,94.22585141538951,511.0,2.9172935311104946,False
-6.0,15.0,4.309937029000112,214.18767919928553,843.0,4.561834341763149,True
-6.0,18.0,4.552654919392046,545.6632691620007,980.0,7.155053597609985,True
-6.0,21.0,4.584517918830568,877.3774797200524,656.0,8.597393087299157,True
-6.0,24.0,4.758948118027025,1200.9319307007538,729.0,10.976827809458118,True
-6.0,27.0,4.904415942909685,1305.3440565760038,577.0,11.305786144151067,True
-6.0,30.0,4.439787239843392,973.6310555647112,770.0,9.535954867284389,True
-6.0,33.0,4.946707557219539,641.9188169064852,1166.0,8.273628766795035,True
-6.0,36.0,4.328631151478844,310.23619953604174,784.0,5.066503794849723,True
-6.0,141.0,4.223954905387542,235.06384067230974,10.0,2.6210834781649828,False
-6.0,144.0,3.8449928153650865,166.79572886883784,212.0,2.6625429990194087,False
-6.0,147.0,4.256447232080411,9.747632493920527,0.0,1.0661864246337203,False
-6.0,150.0,4.996933519838263,32.45808521144152,0.0,1.2203903985856879,False
-3.0,-78.0,4.825387615651168,197.74410511459794,955.0,4.73018247372812,False
-3.0,-75.0,4.013704223816459,527.3949391332284,128.0,4.901011636714621,True
-3.0,-72.0,3.931441480417236,859.7765202592038,139.0,7.185382572559994,True
-3.0,-69.0,3.833725453410638,1164.4404419285258,100.0,9.15655060069469,True
-3.0,-66.0,3.81907601314207,1323.662126250935,90.0,10.212665837243849,True
-3.0,-63.0,3.8486436686849137,1147.5767520763395,31.0,8.869546146598346,True
-3.0,-60.0,3.944097694079214,830.7987301371882,44.0,6.751123377631508,True
-3.0,-57.0,4.058095745391658,507.9338475919602,67.0,4.61637082514941,True
-3.0,-54.0,4.1737982907841635,218.9993614293644,277.0,3.1795056641053843,False
-3.0,-51.0,4.128091493781977,127.97753410119223,191.0,2.3464674565470953,False
-3.0,-48.0,4.100343454183269,162.47586570672902,117.0,2.3957111281486902,False
-3.0,-45.0,3.9579505038101823,34.74687056576632,18.0,1.2809312511415532,False
-3.0,-42.0,3.8500681212660193,21.56574093188612,69.0,1.318931380927507,False
-3.0,12.0,4.8555033372174785,138.11843569539323,210.0,2.46282417837172,False
-3.0,15.0,4.259888555393432,383.84386880972113,370.0,4.531299869218007,True
-3.0,18.0,4.285451070642575,632.7357085006696,364.0,6.206275460719547,True
-3.0,21.0,4.4068991158657616,935.1732505363663,360.0,8.249826371141927,True
-3.0,24.0,4.50543510605654,1252.9612246158488,563.0,10.915106715141611,True
-3.0,27.0,4.143643891441393,1348.6515766455339,648.0,11.777344205423177,True
-3.0,30.0,4.56193135329321,1028.636604362868,1325.0,11.296942543623874,True
-3.0,33.0,4.53233037671101,713.996576835832,1120.0,8.6480367567153,True
-3.0,36.0,5.141565186120551,403.18638979969495,1234.0,6.822635586739929,True
-3.0,39.0,4.111052553895556,115.05523376007271,368.0,2.7012250372308935,False
-3.0,102.0,4.064446168559558,45.51904764618897,0.0,1.3090743335176231,False
-3.0,105.0,4.126024175675453,55.84922632800634,39.0,1.4767162467671628,False
-3.0,111.0,4.148446798874185,7.917172434285954,0.0,1.0537576008288017,False
-3.0,114.0,4.049588562148435,32.328786882400756,0.0,1.219512462931501,False
-3.0,120.0,3.6659530387000534,28.82048159447834,7.0,1.213191070026508,False
-3.0,129.0,4.149176463932463,14.287023818854157,0.0,1.0970088917300198,False
-3.0,138.0,5.959786392092429,142.20006904727657,2789.0,8.938038468831008,True
-3.0,141.0,4.288950351166634,44.21967501134957,93.0,1.5327515933270635,False
0.0,-78.0,8.350777644002996,167.32174064964974,4698.0,13.881114619011123,True
0.0,-75.0,4.041372424515108,434.7830370886082,196.0,4.44217682183165,True
0.0,-72.0,3.8496201697175287,702.1400328656645,197.0,6.260030823157861,True
0.0,-69.0,3.8509760845193854,997.3321659704758,121.0,8.07438540693953,True
0.0,-66.0,3.815836384010604,1070.1812864118679,87.0,8.484030934736582,True
0.0,-63.0,3.950682301361086,857.6264212790978,55.0,6.960783400485075,True
0.0,-60.0,3.9446960482778426,689.8077996312666,129.0,6.0062949594963,True
0.0,-57.0,4.003591008521086,512.0144355834849,212.0,5.006578017611862,True
0.0,-54.0,4.0085807242505265,227.66422104035883,274.0,3.230840060864036,False
0.0,-51.0,3.857401834551349,6.711553783041491,0.0,1.0455714501868518,False
0.0,12.0,4.650166923578805,223.28154266546042,299.0,3.263581674698476,False
0.0,15.0,4.055119213757384,556.2333324607279,389.0,5.749324327408342,True
0.0,18.0,4.069479850653313,851.4536617284427,323.0,7.5888703631361265,True
0.0,21.0,4.250012338475758,1095.6523525360294,364.0,9.34947947371964,True
0.0,24.0,4.300670420890615,1377.573397161754,426.0,11.41872336672831,True
0.0,27.0,4.203757151481587,1453.903096526018,757.0,12.764502025411662,True
0.0,30.0,4.932519678463226,1148.7937921443465,942.0,11.155309848660114,True
0.0,33.0,5.434135469039948,856.6556722879433,1133.0,9.649192014835135,True
0.0,36.0,4.492058037415409,556.4577509418983,1545.0,8.64084812889549,True
0.0,39.0,4.562425205100625,307.8382857981302,243.0,3.6977219605693037,False
0.0,42.0,3.9023688128113383,71.87190589366392,23.0,1.5455102410179782,False
0.0,102.0,4.042126637326798,65.72282049025695,15.0,1.4837579511288448,False
0.0,111.0,3.96785648816296,155.06607121957936,25.0,2.115398623580944,False
0.0,114.0,4.045732842597433,320.91397260330746,425.0,4.2415058739764575,True
0.0,117.0,3.956488449561192,54.080629829257845,25.0,1.4297074765406608,False
0.0,120.0,3.8935835688882703,9.766069006068411,497.0,2.308811608551204,False
3.0,-75.0,5.316054369504275,251.88621809100357,1766.0,7.125307420837914,True
3.0,-72.0,4.016583789774958,572.5593184548806,190.0,5.362677772308639,True
3.0,-69.0,3.945817200504688,726.9454054842058,122.0,6.240959303237757,True
3.0,-66.0,3.6493745654643623,788.7453735464728,117.0,6.64808108638055,True
3.0,-63.0,4.200664995658797,609.9489302479703,456.0,6.2815532363837185,True
3.0,-60.0,4.236964325421501,404.69565971741423,103.0,4.005383529481243,False
