lat,lon,mean_rh_frac,mean_t_amb_c,mean_solar_w_m2,salt,hydrogel_thickness_mm,eps_abs,tau_glass,eps_abs_ir,eps_glass_ir,fin_area_ratio,vapor_gap_mm,warmup_method,resolution,mean_yield_kg_m2,mean_eta_thermal,n_periods,fidelity,cx_eps_abs_ir,cx_glazing_panes,cx_evacuated_gap,cx_condenser_air_speed_m_s,cx_blend_weights,condenser_mode,c_w_floor_mode,variant
-54.0,-72.0,0.896395,4.6081,170.13,LiCl,5.5,0.95,0.9,0.05,0.95,3.0,40.0,aitken-gpu-fixed-round,annual,0.782854,0.19076,366,simple,,,,,,ambient,hydrate,ambient_cond
-54.0,-69.0,0.777261,5.8082,228.91,LiCl,5.5,0.95,0.9,0.05,0.95,7.55,60.0,aitken-gpu-fixed-round,annual,0.989746,0.184756,366,simple,,,,,,ambient,hydrate,ambient_cond
-51.0,-75.0,0.877541,4.3905,152.53,LiCl,10.0,0.95,0.9,0.05,0.95,12.0,30.0,aitken-gpu-fixed-round,annual,0.679427,0.163737,366,simple,,,,,,ambient,hydrate,ambient_cond
-51.0,-72.0,0.750157,4.9094,285.8,LiCl,5.5,0.95,0.9,0.05,0.95,12.0,60.0,aitken-gpu-fixed-round,annual,1.206475,0.192392,366,simple,,,,,,ambient,hydrate,ambient_cond
-48.0,-75.0,0.873332,4.5918,185.1,LiCl,5.5,0.95,0.9,0.05,0.95,3.0,40.0,aitken-gpu-fixed-round,annual,0.872142,0.191051,366,simple,,,,,,ambient,hydrate,ambient_cond
-48.0,-72.0,0.791565,0.682,287.08,LiCl,5.5,0.95,0.9,0.05,0.95,5.275,60.0,aitken-gpu-fixed-round,annual,1.077404,0.169183,366,simple,,,,,,ambient,hydrate,ambient_cond
-33.0,-60.0,0.71566,18.7644,407.26,LiCl,7.75,0.95,0.9,0.05,0.95,7.55,60.0,aitken-gpu-fixed-round,annual,2.589233,0.310097,366,simple,,,,,,ambient,hydrate,ambient_cond
-33.0,-57.0,0.767087,18.0952,383.77,LiCl,7.75,0.95,0.9,0.05,0.95,12.0,60.0,aitken-gpu-fixed-round,annual,2.48777,0.310419,366,simple,,,,,,ambient,hydrate,ambient_cond
-33.0,-54.0,0.797183,17.6645,369.51,LiCl,7.75,0.95,0.9,0.05,0.95,7.55,50.0,aitken-gpu-fixed-round,annual,2.428913,0.314538,366,simple,,,,,,ambient,hydrate,ambient_cond
-33.0,21.0,0.548378,19.5423,477.23,LiCl,7.75,0.95,0.9,0.05,0.95,3.0,60.0,aitken-gpu-fixed-round,annual,2.663462,0.277712,366,simple,,,,,,ambient,hydrate,ambient_cond
-33.0,24.0,0.556394,21.4462,461.97,LiCl,7.75,0.95,0.9,0.05,0.95,9.825,60.0,aitken-gpu-fixed-round,annual,2.756056,0.296612,366,simple,,,,,,ambient,hydrate,ambient_cond
-33.0,27.0,0.667701,20.5481,410.38,LiCl,7.75,0.95,0.9,0.05,0.95,9.825,60.0,aitken-gpu-fixed-round,annual,2.683981,0.321877,366,simple,,,,,,ambient,hydrate,ambient_cond
-30.0,144.0,0.472725,22.0822,471.22,LiCl,7.75,0.95,0.9,0.05,0.95,7.55,60.0,aitken-gpu-fixed-round,annual,2.169108,0.24394,366,simple,,,,,,ambient,hydrate,ambient_cond
-30.0,147.0,0.527482,21.752,469.82,LiCl,7.75,0.95,0.9,0.05,0.95,7.55,60.0,aitken-gpu-fixed-round,annual,2.458818,0.271292,366,simple,,,,,,ambient,hydrate,ambient_cond
-30.0,150.0,0.628566,19.1124,448.81,LiCl,7.75,0.95,0.9,0.05,0.95,3.0,60.0,aitken-gpu-fixed-round,annual,2.603134,0.289687,366,simple,,,,,,ambient,hydrate,ambient_cond
-30.0,153.0,0.788959,19.3233,397.89,LiCl,5.5,0.95,0.9,0.05,0.95,5.275,40.0,aitken-gpu-fixed-round,annual,2.766165,0.34712,366,simple,,,,,,ambient,hydrate,ambient_cond
-27.0,-69.0,0.355265,-2.8483,618.51,LiCl,10.0,0.95,0.9,0.05,0.95,7.55,60.0,aitken-gpu-fixed-round,annual,0.64786,0.054441,366,simple,,,,,,ambient,hydrate,ambient_cond
-27.0,-66.0,0.311647,15.9632,560.6,LiCl,10.0,0.95,0.9,0.05,0.95,3.0,60.0,aitken-gpu-fixed-round,annual,1.84444,0.157329,366,simple,,,,,,ambient,hydrate,ambient_cond
-27.0,-63.0,0.597965,23.0794,426.7,LiCl,7.75,0.95,0.9,0.05,0.95,5.275,60.0,aitken-gpu-fixed-round,annual,2.580093,0.301008,366,simple,,,,,,ambient,hydrate,ambient_cond
-24.0,-51.0,0.737361,22.5114,442.36,LiCl,7.75,0.95,0.9,0.05,0.95,7.55,60.0,aitken-gpu-fixed-round,annual,3.042367,0.347957,366,simple,,,,,,ambient,hydrate,ambient_cond
-24.0,-48.0,0.825863,24.4571,414.39,LiCl,5.5,0.95,0.9,0.05,0.95,9.825,30.0,aitken-gpu-fixed-round,annual,3.208412,0.393069,366,simple,,,,,,ambient,hydrate,ambient_cond
-24.0,15.0,0.487018,20.3407,559.64,LiCl,7.75,0.95,0.9,0.05,0.95,7.55,60.0,aitken-gpu-fixed-round,annual,2.919526,0.264255,366,simple,,,,,,ambient,hydrate,ambient_cond
-24.0,18.0,0.250756,23.3275,549.12,LiCl,10.0,0.95,0.9,0.05,0.95,3.0,60.0,aitken-gpu-fixed-round,annual,1.570728,0.151449,366,simple,,,,,,ambient,hydrate,ambient_cond
-24.0,21.0,0.301924,23.8665,542.72,LiCl,7.75,0.95,0.9,0.05,0.95,7.55,60.0,aitken-gpu-fixed-round,annual,1.964224,0.188853,366,simple,,,,,,ambient,hydrate,ambient_cond
-24.0,24.0,0.355074,22.681,527.18,LiCl,7.75,0.95,0.9,0.05,0.95,3.0,60.0,aitken-gpu-fixed-round,annual,2.138997,0.210584,366,simple,,,,,,ambient,hydrate,ambient_cond
-24.0,27.0,0.414489,22.6433,507.76,LiCl,7.75,0.95,0.9,0.05,0.95,5.275,60.0,aitken-gpu-fixed-round,annual,2.409783,0.244921,366,simple,,,,,,ambient,hydrate,ambient_cond
-21.0,24.0,0.344894,24.8204,540.15,LiCl,7.75,0.95,0.9,0.05,0.95,3.0,60.0,aitken-gpu-fixed-round,annual,2.296284,0.220585,366,simple,,,,,,ambient,hydrate,ambient_cond
-21.0,27.0,0.430806,22.8101,527.39,LiCl,7.75,0.95,0.9,0.05,0.95,3.0,60.0,aitken-gpu-fixed-round,annual,2.574645,0.253513,366,simple,,,,,,ambient,hydrate,ambient_cond
-21.0,30.0,0.560793,23.6989,487.09,LiCl,7.75,0.95,0.9,0.05,0.95,5.275,60.0,aitken-gpu-fixed-round,annual,2.972796,0.31213,366,simple,,,,,,ambient,hydrate,ambient_cond
-21.0,33.0,0.620556,26.1568,484.12,LiCl,7.75,0.95,0.9,0.05,0.95,12.0,60.0,aitken-gpu-fixed-round,annual,3.444318,0.362981,366,simple,,,,,,ambient,hydrate,ambient_cond
-21.0,45.0,0.567964,26.1798,507.44,LiCl,7.75,0.95,0.9,0.05,0.95,9.825,60.0,aitken-gpu-fixed-round,annual,3.384741,0.344283,366,simple,,,,,,ambient,hydrate,ambient_cond
-21.0,48.0,0.851081,23.2792,406.82,LiCl,10.0,0.95,0.9,0.05,0.95,5.275,30.0,aitken-gpu-fixed-round,annual,3.188545,0.396977,366,simple,,,,,,ambient,hydrate,ambient_cond
-21.0,117.0,0.425209,26.1861,529.09,LiCl,7.75,0.95,0.9,0.05,0.95,9.825,60.0,aitken-gpu-fixed-round,annual,2.907671,0.284403,366,simple,,,,,,ambient,hydrate,ambient_cond
-18.0,36.0,0.695035,26.4495,479.6,LiCl,5.5,0.95,0.9,0.05,0.95,3.0,50.0,aitken-gpu-fixed-round,annual,3.670028,0.395532,366,simple,,,,,,ambient,hydrate,ambient_cond
-18.0,45.0,0.66744,24.1176,507.58,LiCl,5.5,0.95,0.9,0.05,0.95,9.825,60.0,aitken-gpu-fixed-round,annual,3.628876,0.370424,366,simple,,,,,,ambient,hydrate,ambient_cond
-18.0,48.0,0.777099,20.2345,450.44,LiCl,5.5,0.95,0.9,0.05,0.95,3.0,40.0,aitken-gpu-fixed-round,annual,3.242782,0.372333,366,simple,,,,,,ambient,hydrate,ambient_cond
-18.0,123.0,0.497086,29.0999,507.08,LiCl,7.75,0.95,0.9,0.05,0.95,9.825,60.0,aitken-gpu-fixed-round,annual,3.258002,0.329618,366,simple,,,,,,ambient,hydrate,ambient_cond
-18.0,126.0,0.454783,28.9953,510.63,LiCl,7.75,0.95,0.9,0.05,0.95,12.0,60.0,aitken-gpu-fixed-round,annual,2.983196,0.300746,366,simple,,,,,,ambient,hydrate,ambient_cond
-18.0,129.0,0.479494,26.3688,509.48,LiCl,7.75,0.95,0.9,0.05,0.95,7.55,60.0,aitken-gpu-fixed-round,annual,2.924832,0.297463,366,simple,,,,,,ambient,hydrate,ambient_cond
-18.0,132.0,0.477158,26.9963,504.92,LiCl,7.75,0.95,0.9,0.05,0.95,12.0,60.0,aitken-gpu-fixed-round,annual,2.853757,0.29455,366,simple,,,,,,ambient,hydrate,ambient_cond
-15.0,132.0,0.585653,26.8891,503.13,LiCl,7.75,0.95,0.9,0.05,0.95,5.275,60.0,aitken-gpu-fixed-round,annual,3.293051,0.343041,366,simple,,,,,,ambient,hydrate,ambient_cond
-15.0,135.0,0.665417,26.3657,495.54,LiCl,5.5,0.95,0.9,0.05,0.95,9.825,60.0,aitken-gpu-fixed-round,annual,3.681425,0.386538,366,simple,,,,,,ambient,hydrate,ambient_cond
-15.0,144.0,0.696933,25.4016,461.18,LiCl,5.5,0.95,0.9,0.05,0.95,12.0,50.0,aitken-gpu-fixed-round,annual,3.357747,0.378244,366,simple,,,,,,ambient,hydrate,ambient_cond
-12.0,-75.0,0.781305,2.5133,471.22,LiCl,7.75,0.95,0.9,0.05,0.95,9.825,60.0,aitken-gpu-fixed-round,annual,1.853976,0.203858,366,simple,,,,,,ambient,hydrate,ambient_cond
-12.0,-72.0,0.76831,5.8309,441.16,LiCl,7.75,0.95,0.9,0.05,0.95,9.825,60.0,aitken-gpu-fixed-round,annual,1.987411,0.231358,366,simple,,,,,,ambient,hydrate,ambient_cond
-12.0,-69.0,0.804721,25.607,435.57,LiCl,5.5,0.95,0.9,0.05,0.95,9.825,30.0,aitken-gpu-fixed-round,annual,3.404041,0.405606,366,simple,,,,,,ambient,hydrate,ambient_cond
-12.0,-66.0,0.76084,26.509,441.79,LiCl,5.5,0.95,0.9,0.05,0.95,3.0,40.0,aitken-gpu-fixed-round,annual,3.380673,0.398049,366,simple,,,,,,ambient,hydrate,ambient_cond
-9.0,-45.0,0.587687,27.2432,512.02,LiCl,7.75,0.95,0.9,0.05,0.95,7.55,60.0,aitken-gpu-fixed-round,annual,3.362502,0.344183,366,simple,,,,,,ambient,hydrate,ambient_cond
-9.0,-42.0,0.551288,25.6692,517.65,LiCl,7.75,0.95,0.9,0.05,0.95,3.0,60.0,aitken-gpu-fixed-round,annual,3.202127,0.323409,366,simple,,,,,,ambient,hydrate,ambient_cond
-9.0,-39.0,0.61788,25.5284,504.17,LiCl,7.75,0.95,0.9,0.05,0.95,7.55,60.0,aitken-gpu-fixed-round,annual,3.463607,0.357424,366,simple,,,,,,ambient,hydrate,ambient_cond
-9.0,-36.0,0.808868,26.0268,455.49,LiCl,5.5,0.95,0.9,0.05,0.95,9.825,30.0,aitken-gpu-fixed-round,annual,3.658968,0.415461,366,simple,,,,,,ambient,hydrate,ambient_cond
-9.0,15.0,0.772835,21.1443,464.22,LiCl,5.5,0.95,0.9,0.05,0.95,9.825,40.0,aitken-gpu-fixed-round,annual,3.383005,0.381832,366,simple,,,,,,ambient,hydrate,ambient_cond
-9.0,18.0,0.651838,21.4473,475.57,LiCl,5.5,0.95,0.9,0.05,0.95,5.275,60.0,aitken-gpu-fixed-round,annual,3.002701,0.331087,366,simple,,,,,,ambient,hydrate,ambient_cond
-9.0,21.0,0.622234,23.6659,484.34,LiCl,5.5,0.95,0.9,0.05,0.95,9.825,60.0,aitken-gpu-fixed-round,annual,3.055587,0.332096,366,simple,,,,,,ambient,hydrate,ambient_cond
-6.0,24.0,0.664033,25.5228,455.47,LiCl,5.5,0.95,0.9,0.05,0.95,9.825,60.0,aitken-gpu-fixed-round,annual,3.190644,0.366832,366,simple,,,,,,ambient,hydrate,ambient_cond
-6.0,27.0,0.606107,26.9446,469.28,LiCl,5.5,0.95,0.9,0.05,0.95,7.55,60.0,aitken-gpu-fixed-round,annual,3.138951,0.34965,366,simple,,,,,,ambient,hydrate,ambient_cond
-6.0,30.0,0.734432,24.1006,473.18,LiCl,5.5,0.95,0.9,0.05,0.95,7.55,50.0,aitken-gpu-fixed-round,annual,3.404172,0.377019,366,simple,,,,,,ambient,hydrate,ambient_cond
-6.0,33.0,0.600534,23.4148,511.83,LiCl,5.5,0.95,0.9,0.05,0.95,7.55,60.0,aitken-gpu-fixed-round,annual,3.161291,0.325895,366,simple,,,,,,ambient,hydrate,ambient_cond
-6.0,36.0,0.620969,25.1045,521.36,LiCl,7.75,0.95,0.9,0.05,0.95,12.0,60.0,aitken-gpu-fixed-round,annual,3.623062,0.362674,366,simple,,,,,,ambient,hydrate,ambient_cond
-6.0,141.0,0.882707,26.1427,394.54,LiCl,3.25,0.95,0.9,0.05,0.95,9.825,30.0,aitken-gpu-fixed-round,annual,3.298174,0.434824,366,simple,,,,,,ambient,hydrate,ambient_cond
-6.0,144.0,0.912162,29.5046,422.67,LiCl,3.25,0.95,0.9,0.05,0.95,3.0,30.0,aitken-gpu-fixed-round,annual,3.627744,0.449985,366,simple,,,,,,ambient,hydrate,ambient_cond
-3.0,120.0,0.89418,27.4562,447.79,LiCl,3.25,0.95,0.9,0.05,0.95,3.0,30.0,aitken-gpu-fixed-round,annual,3.839926,0.448714,366,simple,,,,,,ambient,hydrate,ambient_cond
-3.0,129.0,0.916081,26.5269,393.79,LiCl,3.25,0.95,0.9,0.05,0.95,3.0,30.0,aitken-gpu-fixed-round,annual,3.316245,0.438357,366,simple,,,,,,ambient,hydrate,ambient_cond
-3.0,138.0,0.878389,8.5494,423.93,LiCl,5.5,0.95,0.9,0.05,0.95,3.0,60.0,aitken-gpu-fixed-round,annual,2.420158,0.295585,366,simple,,,,,,ambient,hydrate,ambient_cond
-3.0,141.0,0.894852,25.6296,399.88,LiCl,3.25,0.95,0.9,0.05,0.95,9.825,30.0,aitken-gpu-fixed-round,annual,3.2605,0.42395,366,simple,,,,,,ambient,hydrate,ambient_cond
0.0,-78.0,0.878217,0.6558,418.5,LiCl,7.75,0.95,0.9,0.05,0.95,7.55,60.0,aitken-gpu-fixed-round,annual,1.7167,0.206741,366,simple,,,,,,ambient,hydrate,ambient_cond
0.0,-75.0,0.869006,25.6896,426.15,LiCl,5.5,0.95,0.9,0.05,0.95,12.0,30.0,aitken-gpu-fixed-round,annual,3.467488,0.422018,366,simple,,,,,,ambient,hydrate,ambient_cond
0.0,-72.0,0.871623,25.943,444.02,LiCl,5.5,0.95,0.9,0.05,0.95,7.55,30.0,aitken-gpu-fixed-round,annual,3.657842,0.428339,366,simple,,,,,,ambient,hydrate,ambient_cond
0.0,-69.0,0.880382,26.161,438.08,LiCl,3.25,0.95,0.9,0.05,0.95,9.825,30.0,aitken-gpu-fixed-round,annual,3.64661,0.434758,366,simple,,,,,,ambient,hydrate,ambient_cond
3.0,-57.0,0.750686,26.655,485.22,LiCl,5.5,0.95,0.9,0.05,0.95,5.275,40.0,aitken-gpu-fixed-round,annual,3.738592,0.402357,366,simple,,,,,,ambient,hydrate,ambient_cond
3.0,-54.0,0.787226,26.2912,470.65,LiCl,5.5,0.95,0.9,0.05,0.95,7.55,30.0,aitken-gpu-fixed-round,annual,3.743767,0.416818,366,simple,,,,,,ambient,hydrate,ambient_cond
3.0,-51.0,0.810743,26.9796,467.27,LiCl,5.5,0.95,0.9,0.05,0.95,7.55,40.0,aitken-gpu-fixed-round,annual,3.628214,0.404971,366,simple,,,,,,ambient,hydrate,ambient_cond
3.0,12.0,0.802881,23.9142,424.26,LiCl,5.5,0.95,0.9,0.05,0.95,3.0,30.0,aitken-gpu-fixed-round,annual,3.280729,0.404422,366,simple,,,,,,ambient,hydrate,ambient_cond
3.0,15.0,0.787852,24.8408,453.09,LiCl,5.5,0.95,0.9,0.05,0.95,3.0,30.0,aitken-gpu-fixed-round,annual,3.521246,0.405041,366,simple,,,,,,ambient,hydrate,ambient_cond
3.0,18.0,0.825457,25.4383,448.12,LiCl,5.5,0.95,0.9,0.05,0.95,12.0,30.0,aitken-gpu-fixed-round,annual,3.619885,0.420431,366,simple,,,,,,ambient,hydrate,ambient_cond
3.0,21.0,0.725913,26.241,459.11,LiCl,5.5,0.95,0.9,0.05,0.95,3.0,40.0,aitken-gpu-fixed-round,annual,3.435411,0.391432,366,simple,,,,,,ambient,hydrate,ambient_cond
6.0,27.0,0.525162,27.4776,481.99,LiCl,5.5,0.95,0.9,0.05,0.95,12.0,60.0,aitken-gpu-fixed-round,annual,2.84916,0.312281,366,simple,,,,,,ambient,hydrate,ambient_cond
6.0,30.0,0.51313,28.7841,477.86,LiCl,5.5,0.95,0.9,0.05,0.95,7.55,60.0,aitken-gpu-fixed-round,annual,2.89663,0.3187,366,simple,,,,,,ambient,hydrate,ambient_cond
6.0,33.0,0.486697,30.2298,478.32,LiCl,7.75,0.95,0.9,0.05,0.95,12.0,60.0,aitken-gpu-fixed-round,annual,2.910386,0.318819,366,simple,,,,,,ambient,hydrate,ambient_cond
6.0,36.0,0.586464,28.2055,488.4,LiCl,7.75,0.95,0.9,0.05,0.95,12.0,60.0,aitken-gpu-fixed-round,annual,3.339141,0.357978,366,simple,,,,,,ambient,hydrate,ambient_cond
6.0,39.0,0.710878,20.806,502.31,LiCl,5.5,0.95,0.9,0.05,0.95,7.55,60.0,aitken-gpu-fixed-round,annual,3.33259,0.350152,366,simple,,,,,,ambient,hydrate,ambient_cond
6.0,42.0,0.557394,22.5704,518.11,LiCl,7.75,0.95,0.9,0.05,0.95,12.0,60.0,aitken-gpu-fixed-round,annual,2.946362,0.299795,366,simple,,,,,,ambient,hydrate,ambient_cond
6.0,45.0,0.521933,27.7505,527.93,LiCl,7.75,0.95,0.9,0.05,0.95,7.55,60.0,aitken-gpu-fixed-round,annual,3.362187,0.332637,366,simple,,,,,,ambient,hydrate,ambient_cond
9.0,48.0,0.501517,27.2576,535.48,LiCl,7.75,0.95,0.9,0.05,0.95,3.0,60.0,aitken-gpu-fixed-round,annual,3.309353,0.320431,366,simple,,,,,,ambient,hydrate,ambient_cond
9.0,78.0,0.69584,28.8757,467.43,LiCl,5.5,0.95,0.9,0.05,0.95,12.0,50.0,aitken-gpu-fixed-round,annual,3.587371,0.399048,366,simple,,,,,,ambient,hydrate,ambient_cond
9.0,81.0,0.762592,28.2447,469.05,LiCl,5.5,0.95,0.9,0.05,0.95,12.0,40.0,aitken-gpu-fixed-round,annual,3.713066,0.40916,366,simple,,,,,,ambient,hydrate,ambient_cond
9.0,99.0,0.794745,27.7102,447.39,LiCl,5.5,0.95,0.9,0.05,0.95,5.275,30.0,aitken-gpu-fixed-round,annual,3.651286,0.423115,366,simple,,,,,,ambient,hydrate,ambient_cond
9.0,105.0,0.79756,27.8995,442.57,LiCl,5.5,0.95,0.9,0.05,0.95,5.275,30.0,aitken-gpu-fixed-round,annual,3.57281,0.418251,366,simple,,,,,,ambient,hydrate,ambient_cond
9.0,126.0,0.850927,26.0709,420.68,LiCl,5.5,0.95,0.9,0.05,0.95,7.55,30.0,aitken-gpu-fixed-round,annual,3.381169,0.411895,366,simple,,,,,,ambient,hydrate,ambient_cond
12.0,-84.0,0.872598,25.8919,411.62,LiCl,3.25,0.95,0.9,0.05,0.95,3.0,30.0,aitken-gpu-fixed-round,annual,3.350952,0.422135,366,simple,,,,,,ambient,hydrate,ambient_cond
12.0,-72.0,0.692718,29.2643,506.37,LiCl,5.5,0.95,0.9,0.05,0.95,9.825,50.0,aitken-gpu-fixed-round,annual,3.991915,0.411162,366,simple,,,,,,ambient,hydrate,ambient_cond
15.0,-15.0,0.416408,29.2732,489.99,LiCl,5.5,0.95,0.9,0.05,0.95,12.0,60.0,aitken-gpu-fixed-round,annual,2.35002,0.257851,366,simple,,,,,,ambient,hydrate,ambient_cond
15.0,-12.0,0.379074,30.1421,488.92,LiCl,7.75,0.95,0.9,0.05,0.95,12.0,60.0,aitken-gpu-fixed-round,annual,1.957548,0.220216,366,simple,,,,,,ambient,hydrate,ambient_cond
15.0,-9.0,0.358883,29.2678,502.09,LiCl,5.5,0.95,0.9,0.05,0.95,5.275,60.0,aitken-gpu-fixed-round,annual,1.877996,0.206549,366,simple,,,,,,ambient,hydrate,ambient_cond
15.0,-6.0,0.329956,29.7293,504.81,LiCl,7.75,0.95,0.9,0.05,0.95,12.0,60.0,aitken-gpu-fixed-round,annual,1.852931,0.199164,366,simple,,,,,,ambient,hydrate,ambient_cond
15.0,-3.0,0.320218,29.5441,506.24,LiCl,7.75,0.95,0.9,0.05,0.95,7.55,60.0,aitken-gpu-fixed-round,annual,1.856137,0.198088,366,simple,,,,,,ambient,hydrate,ambient_cond
15.0,0.0,0.32404,29.9905,503.72,LiCl,7.75,0.95,0.9,0.05,0.95,12.0,60.0,aitken-gpu-fixed-round,annual,1.824087,0.194497,366,simple,,,,,,ambient,hydrate,ambient_cond
15.0,3.0,0.329958,29.1058,508.11,LiCl,7.75,0.95,0.9,0.05,0.95,12.0,60.0,aitken-gpu-fixed-round,annual,1.915579,0.200914,366,simple,,,,,,ambient,hydrate,ambient_cond
18.0,-6.0,0.260671,28.0453,521.95,LiCl,7.75,0.95,0.9,0.05,0.95,9.825,60.0,aitken-gpu-fixed-round,annual,1.657928,0.168741,366,simple,,,,,,ambient,hydrate,ambient_cond
18.0,-3.0,0.241264,29.1671,509.83,LiCl,7.75,0.95,0.9,0.05,0.95,5.275,60.0,aitken-gpu-fixed-round,annual,1.491598,0.155952,366,simple,,,,,,ambient,hydrate,ambient_cond
18.0,0.0,0.228384,30.1249,503.16,LiCl,7.75,0.95,0.9,0.05,0.95,3.0,60.0,aitken-gpu-fixed-round,annual,1.407156,0.149224,366,simple,,,,,,ambient,hydrate,ambient_cond
18.0,3.0,0.235773,29.1197,516.42,LiCl,7.75,0.95,0.9,0.05,0.95,5.275,60.0,aitken-gpu-fixed-round,annual,1.501558,0.154919,366,simple,,,,,,ambient,hydrate,ambient_cond
18.0,6.0,0.225694,29.7725,513.12,LiCl,7.75,0.95,0.9,0.05,0.95,3.0,60.0,aitken-gpu-fixed-round,annual,1.446151,0.148842,366,simple,,,,,,ambient,hydrate,ambient_cond
18.0,9.0,0.242464,25.4038,531.15,LiCl,7.75,0.95,0.9,0.05,0.95,5.275,60.0,aitken-gpu-fixed-round,annual,1.420949,0.144759,366,simple,,,,,,ambient,hydrate,ambient_cond
18.0,12.0,0.255079,26.7146,538.05,LiCl,7.75,0.95,0.9,0.05,0.95,12.0,60.0,aitken-gpu-fixed-round,annual,1.631087,0.161885,366,simple,,,,,,ambient,hydrate,ambient_cond
21.0,-6.0,0.197664,29.1751,510.17,LiCl,10.0,0.95,0.9,0.05,0.95,7.55,60.0,aitken-gpu-fixed-round,annual,1.294365,0.134881,366,simple,,,,,,ambient,hydrate,ambient_cond
21.0,-3.0,0.195001,29.4276,510.54,LiCl,10.0,0.95,0.9,0.05,0.95,3.0,60.0,aitken-gpu-fixed-round,annual,1.251341,0.131286,366,simple,,,,,,ambient,hydrate,ambient_cond
21.0,0.0,0.189628,29.527,506.03,LiCl,10.0,0.95,0.9,0.05,0.95,5.275,60.0,aitken-gpu-fixed-round,annual,1.209939,0.127439,366,simple,,,,,,ambient,hydrate,ambient_cond
21.0,3.0,0.190966,28.1434,516.2,LiCl,7.75,0.95,0.9,0.05,0.95,9.825,60.0,aitken-gpu-fixed-round,annual,1.192432,0.123958,366,simple,,,,,,ambient,hydrate,ambient_cond
21.0,6.0,0.189916,27.9494,523.67,LiCl,7.75,0.95,0.9,0.05,0.95,9.825,60.0,aitken-gpu-fixed-round,annual,1.163382,0.119037,366,simple,,,,,,ambient,hydrate,ambient_cond
21.0,9.0,0.213624,26.7153,527.15,LiCl,7.75,0.95,0.9,0.05,0.95,7.55,60.0,aitken-gpu-fixed-round,annual,1.246533,0.127802,366,simple,,,,,,ambient,hydrate,ambient_cond
24.0,-9.0,0.247476,27.724,507.18,LiCl,7.75,0.95,0.9,0.05,0.95,12.0,60.0,aitken-gpu-fixed-round,annual,1.538718,0.160213,366,simple,,,,,,ambient,hydrate,ambient_cond
24.0,-6.0,0.201922,28.8533,501.57,LiCl,7.75,0.95,0.9,0.05,0.95,12.0,60.0,aitken-gpu-fixed-round,annual,1.166875,0.127538,366,simple,,,,,,ambient,hydrate,ambient_cond
24.0,-3.0,0.201769,28.3448,507.98,LiCl,7.75,0.95,0.9,0.05,0.95,5.275,60.0,aitken-gpu-fixed-round,annual,1.19296,0.129614,366,simple,,,,,,ambient,hydrate,ambient_cond
24.0,0.0,0.190846,28.7869,507.86,LiCl,7.75,0.95,0.9,0.05,0.95,7.55,60.0,aitken-gpu-fixed-round,annual,1.100671,0.119583,366,simple,,,,,,ambient,hydrate,ambient_cond
24.0,3.0,0.180444,28.2984,508.08,LiCl,7.75,0.95,0.9,0.05,0.95,12.0,60.0,aitken-gpu-fixed-round,annual,1.036386,0.111785,366,simple,,,,,,ambient,hydrate,ambient_cond
24.0,6.0,0.199773,24.3084,514.12,LiCl,7.75,0.95,0.9,0.05,0.95,12.0,60.0,aitken-gpu-fixed-round,annual,1.102231,0.11682,366,simple,,,,,,ambient,hydrate,ambient_cond
24.0,9.0,0.229913,24.1266,519.67,LiCl,10.0,0.95,0.9,0.05,0.95,3.0,60.0,aitken-gpu-fixed-round,annual,1.274391,0.132956,366,simple,,,,,,ambient,hydrate,ambient_cond
24.0,111.0,0.783805,19.155,348.63,LiCl,5.5,0.95,0.9,0.05,0.95,7.55,40.0,aitken-gpu-fixed-round,annual,2.357403,0.329711,366,simple,,,,,,ambient,hydrate,ambient_cond
24.0,114.0,0.811497,17.1485,350.43,LiCl,5.5,0.95,0.9,0.05,0.95,5.275,40.0,aitken-gpu-fixed-round,annual,2.317705,0.326915,366,simple,,,,,,ambient,hydrate,ambient_cond
24.0,117.0,0.806077,22.4341,365.91,LiCl,5.5,0.95,0.9,0.05,0.95,3.0,30.0,aitken-gpu-fixed-round,annual,2.684044,0.367458,366,simple,,,,,,ambient,hydrate,ambient_cond
27.0,-114.0,0.697306,18.4737,539.07,LiCl,7.75,0.95,0.9,0.05,0.95,12.0,60.0,aitken-gpu-fixed-round,annual,3.308395,0.318082,366,simple,,,,,,ambient,hydrate,ambient_cond
27.0,-108.0,0.3445,26.0952,558.28,LiCl,10.0,0.95,0.9,0.05,0.95,7.55,60.0,aitken-gpu-fixed-round,annual,2.483334,0.225361,366,simple,,,,,,ambient,hydrate,ambient_cond
27.0,-105.0,0.332664,21.0155,562.45,LiCl,7.75,0.95,0.9,0.05,0.95,12.0,60.0,aitken-gpu-fixed-round,annual,1.978177,0.18732,366,simple,,,,,,ambient,hydrate,ambient_cond
27.0,-102.0,0.427678,24.506,542.71,LiCl,7.75,0.95,0.9,0.05,0.95,7.55,60.0,aitken-gpu-fixed-round,annual,2.648418,0.251894,366,simple,,,,,,ambient,hydrate,ambient_cond
27.0,72.0,0.450937,26.9709,441.47,LiCl,5.5,0.95,0.9,0.05,0.95,5.275,60.0,aitken-gpu-fixed-round,annual,2.273282,0.272371,366,simple,,,,,,ambient,hydrate,ambient_cond
27.0,75.0,0.521366,25.4059,431.96,LiCl,5.5,0.95,0.9,0.05,0.95,12.0,60.0,aitken-gpu-fixed-round,annual,2.333607,0.289697,366,simple,,,,,,ambient,hydrate,ambient_cond
27.0,78.0,0.629445,25.1448,419.88,LiCl,5.5,0.95,0.9,0.05,0.95,5.275,60.0,aitken-gpu-fixed-round,annual,2.545087,0.323663,366,simple,,,,,,ambient,hydrate,ambient_cond
27.0,81.0,0.66212,24.9663,413.23,LiCl,5.5,0.95,0.9,0.05,0.95,3.0,60.0,aitken-gpu-fixed-round,annual,2.624978,0.337163,366,simple,,,,,,ambient,hydrate,ambient_cond
27.0,84.0,0.701417,24.727,389.86,LiCl,5.5,0.95,0.9,0.05,0.95,9.825,40.0,aitken-gpu-fixed-round,annual,2.610494,0.35002,366,simple,,,,,,ambient,hydrate,ambient_cond
27.0,87.0,0.778847,14.1867,389.47,LiCl,5.5,0.95,0.9,0.05,0.95,3.0,50.0,aitken-gpu-fixed-round,annual,2.2892,0.30383,366,simple,,,,,,ambient,hydrate,ambient_cond
27.0,90.0,0.846044,12.0673,380.98,LiCl,5.5,0.95,0.9,0.05,0.95,12.0,50.0,aitken-gpu-fixed-round,annual,2.197692,0.294201,366,simple,,,,,,ambient,hydrate,ambient_cond
30.0,24.0,0.508172,22.5933,513.46,LiCl,7.75,0.95,0.9,0.05,0.95,5.275,60.0,aitken-gpu-fixed-round,annual,2.754532,0.278331,366,simple,,,,,,ambient,hydrate,ambient_cond
30.0,27.0,0.456533,24.6361,503.66,LiCl,7.75,0.95,0.9,0.05,0.95,12.0,60.0,aitken-gpu-fixed-round,annual,2.709825,0.275433,366,simple,,,,,,ambient,hydrate,ambient_cond
30.0,30.0,0.559425,22.3064,508.74,LiCl,7.75,0.95,0.9,0.05,0.95,7.55,60.0,aitken-gpu-fixed-round,annual,3.066488,0.305642,366,simple,,,,,,ambient,hydrate,ambient_cond
30.0,33.0,0.507366,21.0148,522.85,LiCl,7.75,0.95,0.9,0.05,0.95,3.0,60.0,aitken-gpu-fixed-round,annual,2.789132,0.273804,366,simple,,,,,,ambient,hydrate,ambient_cond
30.0,36.0,0.408337,20.3024,524.31,LiCl,7.75,0.95,0.9,0.05,0.95,5.275,60.0,aitken-gpu-fixed-round,annual,2.353063,0.232591,366,simple,,,,,,ambient,hydrate,ambient_cond
30.0,39.0,0.333181,23.2608,517.05,LiCl,7.75,0.95,0.9,0.05,0.95,12.0,60.0,aitken-gpu-fixed-round,annual,1.745351,0.182907,366,simple,,,,,,ambient,hydrate,ambient_cond
33.0,-108.0,0.360049,13.7847,507.97,LiCl,10.0,0.95,0.9,0.05,0.95,3.0,60.0,aitken-gpu-fixed-round,annual,1.447831,0.151972,366,simple,,,,,,ambient,hydrate,ambient_cond
33.0,-105.0,0.366946,16.413,510.66,LiCl,10.0,0.95,0.9,0.05,0.95,5.275,60.0,aitken-gpu-fixed-round,annual,1.692778,0.169194,366,simple,,,,,,ambient,hydrate,ambient_cond
33.0,-102.0,0.517373,17.76,493.45,LiCl,7.75,0.95,0.9,0.05,0.95,7.55,60.0,aitken-gpu-fixed-round,annual,2.387804,0.241146,366,simple,,,,,,ambient,hydrate,ambient_cond
33.0,-99.0,0.614504,19.724,456.35,LiCl,7.75,0.95,0.9,0.05,0.95,5.275,60.0,aitken-gpu-fixed-round,annual,2.7371,0.291196,366,simple,,,,,,ambient,hydrate,ambient_cond
33.0,-96.0,0.685277,19.6872,412.02,LiCl,7.75,0.95,0.9,0.05,0.95,9.825,60.0,aitken-gpu-fixed-round,annual,2.665211,0.31229,366,simple,,,,,,ambient,hydrate,ambient_cond
33.0,-93.0,0.706235,18.9411,409.38,LiCl,7.75,0.95,0.9,0.05,0.95,5.275,60.0,aitken-gpu-fixed-round,annual,2.61732,0.31067,366,simple,,,,,,ambient,hydrate,ambient_cond
33.0,-90.0,0.718972,18.9289,413.43,LiCl,7.75,0.95,0.9,0.05,0.95,12.0,60.0,aitken-gpu-fixed-round,annual,2.663829,0.315467,366,simple,,,,,,ambient,hydrate,ambient_cond
33.0,96.0,0.603418,-5.0902,486.11,LiCl,7.75,0.95,0.9,0.05,0.95,3.0,60.0,aitken-gpu-fixed-round,annual,1.088078,0.11263,366,simple,,,,,,ambient,hydrate,ambient_cond
33.0,99.0,0.635983,-3.6337,473.48,LiCl,7.75,0.95,0.9,0.05,0.95,9.825,60.0,aitken-gpu-fixed-round,annual,1.177925,0.125419,366,simple,,,,,,ambient,hydrate,ambient_cond
33.0,102.0,0.609593,2.3,441.89,LiCl,7.75,0.95,0.9,0.05,0.95,9.825,60.0,aitken-gpu-fixed-round,annual,1.508069,0.167209,366,simple,,,,,,ambient,hydrate,ambient_cond
33.0,105.0,0.761144,11.0992,324.19,LiCl,5.5,0.95,0.9,0.05,0.95,3.0,50.0,aitken-gpu-fixed-round,annual,1.881631,0.271051,366,simple,,,,,,ambient,hydrate,ambient_cond
33.0,108.0,0.733969,10.3729,310.19,LiCl,5.5,0.95,0.9,0.05,0.95,5.275,60.0,aitken-gpu-fixed-round,annual,1.727241,0.250882,366,simple,,,,,,ambient,hydrate,ambient_cond
33.0,111.0,0.683602,15.418,319.08,LiCl,5.5,0.95,0.9,0.05,0.95,12.0,60.0,aitken-gpu-fixed-round,annual,1.885858,0.271702,366,simple,,,,,,ambient,hydrate,ambient_cond
36.0,66.0,0.494989,13.6113,410.6,LiCl,10.0,0.95,0.9,0.05,0.95,5.275,60.0,aitken-gpu-fixed-round,annual,1.495733,0.181659,366,simple,,,,,,ambient,hydrate,ambient_cond
36.0,69.0,0.507765,15.6514,410.11,LiCl,10.0,0.95,0.9,0.05,0.95,3.0,60.0,aitken-gpu-fixed-round,annual,1.684679,0.206658,366,simple,,,,,,ambient,hydrate,ambient_cond
36.0,72.0,0.422953,8.9404,467.87,LiCl,10.0,0.95,0.9,0.05,0.95,3.0,60.0,aitken-gpu-fixed-round,annual,1.520183,0.154569,366,simple,,,,,,ambient,hydrate,ambient_cond
36.0,75.0,0.7064,-10.7515,507.91,LiCl,10.0,0.95,0.9,0.05,0.95,5.275,60.0,aitken-gpu-fixed-round,annual,0.87548,0.082101,366,simple,,,,,,ambient,hydrate,ambient_cond
36.0,78.0,0.444779,-4.6777,541.2,LiCl,10.0,0.95,0.9,0.05,0.95,9.825,60.0,aitken-gpu-fixed-round,annual,0.902316,0.079706,366,simple,,,,,,ambient,hydrate,ambient_cond
36.0,81.0,0.581248,-3.9105,444.68,LiCl,5.5,0.95,0.9,0.05,0.95,12.0,60.0,aitken-gpu-fixed-round,annual,0.951002,0.108119,366,simple,,,,,,ambient,hydrate,ambient_cond
39.0,-78.0,0.682306,12.874,380.08,LiCl,10.0,0.95,0.9,0.05,0.95,12.0,60.0,aitken-gpu-fixed-round,annual,1.969879,0.23908,366,simple,,,,,,ambient,hydrate,ambient_cond
39.0,-9.0,0.749826,17.5358,386.06,LiCl,7.75,0.95,0.9,0.05,0.95,9.825,60.0,aitken-gpu-fixed-round,annual,2.383959,0.301224,366,simple,,,,,,ambient,hydrate,ambient_cond
39.0,-6.0,0.650121,17.9944,395.32,LiCl,5.5,0.95,0.9,0.05,0.95,3.0,60.0,aitken-gpu-fixed-round,annual,2.208819,0.277538,366,simple,,,,,,ambient,hydrate,ambient_cond
39.0,-3.0,0.562475,16.2814,409.35,LiCl,7.75,0.95,0.9,0.05,0.95,7.55,60.0,aitken-gpu-fixed-round,annual,1.862168,0.233298,366,simple,,,,,,ambient,hydrate,ambient_cond
39.0,21.0,0.725171,18.4804,372.93,LiCl,7.75,0.95,0.9,0.05,0.95,9.825,50.0,aitken-gpu-fixed-round,annual,2.501561,0.317575,366,simple,,,,,,ambient,hydrate,ambient_cond
39.0,27.0,0.630968,18.4461,402.73,LiCl,10.0,0.95,0.9,0.05,0.95,5.275,60.0,aitken-gpu-fixed-round,annual,2.374228,0.288307,366,simple,,,,,,ambient,hydrate,ambient_cond
39.0,141.0,0.778482,12.6809,302.94,LiCl,5.5,0.95,0.9,0.05,0.95,12.0,40.0,aitken-gpu-fixed-round,annual,1.766942,0.272158,366,simple,,,,,,ambient,hydrate,ambient_cond
42.0,-123.0,0.589568,8.4956,403.48,LiCl,10.0,0.95,0.9,0.05,0.95,9.825,60.0,aitken-gpu-fixed-round,annual,1.400167,0.165694,366,simple,,,,,,ambient,hydrate,ambient_cond
42.0,-120.0,0.511952,8.529,430.05,LiCl,10.0,0.95,0.9,0.05,0.95,5.275,60.0,aitken-gpu-fixed-round,annual,1.186768,0.146631,366,simple,,,,,,ambient,hydrate,ambient_cond
42.0,-117.0,0.485171,9.3395,424.26,LiCl,10.0,0.95,0.9,0.05,0.95,5.275,60.0,aitken-gpu-fixed-round,annual,1.19853,0.151716,366,simple,,,,,,ambient,hydrate,ambient_cond
42.0,-114.0,0.502329,9.4227,422.77,LiCl,7.75,0.95,0.9,0.05,0.95,12.0,60.0,aitken-gpu-fixed-round,annual,1.3846,0.167388,366,simple,,,,,,ambient,hydrate,ambient_cond
42.0,-111.0,0.514667,6.7038,437.55,LiCl,7.75,0.95,0.9,0.05,0.95,5.275,60.0,aitken-gpu-fixed-round,annual,1.234289,0.145848,366,simple,,,,,,ambient,hydrate,ambient_cond
42.0,63.0,0.432592,16.061,364.15,LiCl,5.5,0.95,0.9,0.05,0.95,12.0,60.0,aitken-gpu-fixed-round,annual,1.232734,0.172187,366,simple,,,,,,ambient,hydrate,ambient_cond
42.0,66.0,0.477435,15.6586,361.3,LiCl,7.75,0.95,0.9,0.05,0.95,9.825,60.0,aitken-gpu-fixed-round,annual,1.267225,0.1796,366,simple,,,,,,ambient,hydrate,ambient_cond
42.0,69.0,0.557191,14.2708,355.39,LiCl,5.5,0.95,0.9,0.05,0.95,3.0,60.0,aitken-gpu-fixed-round,annual,1.601508,0.211606,366,simple,,,,,,ambient,hydrate,ambient_cond
42.0,72.0,0.726644,-3.6377,403.27,LiCl,7.75,0.95,0.9,0.05,0.95,3.0,60.0,aitken-gpu-fixed-round,annual,1.236384,0.139375,366,simple,,,,,,ambient,hydrate,ambient_cond
42.0,75.0,0.603916,3.3619,389.81,LiCl,7.75,0.95,0.9,0.05,0.95,3.0,60.0,aitken-gpu-fixed-round,annual,1.454765,0.172164,366,simple,,,,,,ambient,hydrate,ambient_cond
45.0,-87.0,0.788648,7.873,347.93,LiCl,7.75,0.95,0.9,0.05,0.95,7.55,60.0,aitken-gpu-fixed-round,annual,1.729097,0.218517,366,simple,,,,,,ambient,hydrate,ambient_cond
45.0,-84.0,0.709727,9.2474,329.6,LiCl,7.75,0.95,0.9,0.05,0.95,9.825,60.0,aitken-gpu-fixed-round,annual,1.689206,0.219722,366,simple,,,,,,ambient,hydrate,ambient_cond
45.0,-81.0,0.767155,9.1247,316.24,LiCl,7.75,0.95,0.9,0.05,0.95,9.825,60.0,aitken-gpu-fixed-round,annual,1.650266,0.219369,366,simple,,,,,,ambient,hydrate,ambient_cond
45.0,-78.0,0.754382,7.0429,317.65,LiCl,7.75,0.95,0.9,0.05,0.95,9.825,60.0,aitken-gpu-fixed-round,annual,1.620287,0.215092,366,simple,,,,,,ambient,hydrate,ambient_cond
45.0,-75.0,0.766521,8.6338,318.34,LiCl,7.75,0.95,0.9,0.05,0.95,7.55,60.0,aitken-gpu-fixed-round,annual,1.712636,0.230545,366,simple,,,,,,ambient,hydrate,ambient_cond
45.0,-72.0,0.73858,7.0573,324.86,LiCl,7.75,0.95,0.9,0.05,0.95,5.275,60.0,aitken-gpu-fixed-round,annual,1.580429,0.209893,366,simple,,,,,,ambient,hydrate,ambient_cond
45.0,99.0,0.393209,3.9956,385.1,LiCl,7.75,0.95,0.9,0.05,0.95,12.0,60.0,aitken-gpu-fixed-round,annual,0.992338,0.120201,366,simple,,,,,,ambient,hydrate,ambient_cond
45.0,102.0,0.457372,5.5208,367.62,LiCl,7.75,0.95,0.9,0.05,0.95,7.55,60.0,aitken-gpu-fixed-round,annual,1.145563,0.142839,366,simple,,,,,,ambient,hydrate,ambient_cond
45.0,105.0,0.481738,5.2416,357.77,LiCl,5.5,0.95,0.9,0.05,0.95,5.275,60.0,aitken-gpu-fixed-round,annual,1.132062,0.147061,366,simple,,,,,,ambient,hydrate,ambient_cond
45.0,108.0,0.5084,5.39,358.33,LiCl,5.5,0.95,0.9,0.05,0.95,7.55,60.0,aitken-gpu-fixed-round,annual,1.184141,0.156373,366,simple,,,,,,ambient,hydrate,ambient_cond
45.0,111.0,0.521817,5.3255,359.18,LiCl,7.75,0.95,0.9,0.05,0.95,7.55,60.0,aitken-gpu-fixed-round,annual,1.198317,0.15626,366,simple,,,,,,ambient,hydrate,ambient_cond
45.0,114.0,0.598879,1.7984,355.53,LiCl,7.75,0.95,0.9,0.05,0.95,7.55,60.0,aitken-gpu-fixed-round,annual,1.201824,0.156706,366,simple,,,,,,ambient,hydrate,ambient_cond
45.0,117.0,0.566497,3.9724,348.19,LiCl,7.75,0.95,0.9,0.05,0.95,9.825,60.0,aitken-gpu-fixed-round,annual,1.246592,0.162101,366,simple,,,,,,ambient,hydrate,ambient_cond
48.0,3.0,0.817912,12.0319,244.18,LiCl,5.5,0.95,0.9,0.05,0.95,5.275,50.0,aitken-gpu-fixed-round,annual,1.4131,0.246341,366,simple,,,,,,ambient,hydrate,ambient_cond
48.0,6.0,0.817715,11.135,237.87,LiCl,5.5,0.95,0.9,0.05,0.95,7.55,40.0,aitken-gpu-fixed-round,annual,1.370372,0.241076,366,simple,,,,,,ambient,hydrate,ambient_cond
48.0,9.0,0.817278,9.3157,256.13,LiCl,5.5,0.95,0.9,0.05,0.95,5.275,50.0,aitken-gpu-fixed-round,annual,1.384072,0.237258,366,simple,,,,,,ambient,hydrate,ambient_cond
48.0,12.0,0.808006,10.7985,256.9,LiCl,5.5,0.95,0.9,0.05,0.95,7.55,50.0,aitken-gpu-fixed-round,annual,1.478647,0.243374,366,simple,,,,,,ambient,hydrate,ambient_cond
48.0,15.0,0.74753,11.8946,264.68,LiCl,7.75,0.95,0.9,0.05,0.95,12.0,60.0,aitken-gpu-fixed-round,annual,1.445621,0.224307,366,simple,,,,,,ambient,hydrate,ambient_cond
48.0,18.0,0.739864,12.8776,291.12,LiCl,7.75,0.95,0.9,0.05,0.95,9.825,60.0,aitken-gpu-fixed-round,annual,1.676717,0.244032,366,simple,,,,,,ambient,hydrate,ambient_cond
48.0,111.0,0.592188,1.0891,331.78,LiCl,7.75,0.95,0.9,0.05,0.95,3.0,60.0,aitken-gpu-fixed-round,annual,1.159429,0.152432,366,simple,,,,,,ambient,hydrate,ambient_cond
48.0,114.0,0.587514,3.0012,330.51,LiCl,7.75,0.95,0.9,0.05,0.95,5.275,60.0,aitken-gpu-fixed-round,annual,1.242288,0.165067,366,simple,,,,,,ambient,hydrate,ambient_cond
48.0,117.0,0.576638,3.6931,330.94,LiCl,7.75,0.95,0.9,0.05,0.95,9.825,60.0,aitken-gpu-fixed-round,annual,1.227809,0.16244,366,simple,,,,,,ambient,hydrate,ambient_cond
48.0,120.0,0.671385,0.6868,319.74,LiCl,7.75,0.95,0.9,0.05,0.95,3.0,60.0,aitken-gpu-fixed-round,annual,1.233825,0.163568,366,simple,,,,,,ambient,hydrate,ambient_cond
48.0,123.0,0.601133,4.5094,319.03,LiCl,7.75,0.95,0.9,0.05,0.95,7.55,60.0,aitken-gpu-fixed-round,annual,1.33388,0.17918,366,simple,,,,,,ambient,hydrate,ambient_cond
48.0,126.0,0.665185,3.2127,314.5,LiCl,5.5,0.95,0.9,0.05,0.95,3.0,60.0,aitken-gpu-fixed-round,annual,1.351385,0.184447,366,simple,,,,,,ambient,hydrate,ambient_cond
51.0,3.0,0.831941,11.4247,226.01,LiCl,5.5,0.95,0.9,0.05,0.95,12.0,50.0,aitken-gpu-fixed-round,annual,1.29256,0.232351,366,simple,,,,,,ambient,hydrate,ambient_cond
51.0,6.0,0.810527,11.4575,229.64,LiCl,5.5,0.95,0.9,0.05,0.95,7.55,50.0,aitken-gpu-fixed-round,annual,1.29886,0.230004,366,simple,,,,,,ambient,hydrate,ambient_cond
51.0,9.0,0.819937,9.7809,223.99,LiCl,7.75,0.95,0.9,0.05,0.95,9.825,50.0,aitken-gpu-fixed-round,annual,1.23661,0.222204,366,simple,,,,,,ambient,hydrate,ambient_cond
51.0,12.0,0.759938,11.5927,242.6,LiCl,5.5,0.95,0.9,0.05,0.95,5.275,50.0,aitken-gpu-fixed-round,annual,1.367202,0.232969,366,simple,,,,,,ambient,hydrate,ambient_cond
51.0,15.0,0.75072,10.9964,240.53,LiCl,5.5,0.95,0.9,0.05,0.95,7.55,60.0,aitken-gpu-fixed-round,annual,1.287681,0.215509,366,simple,,,,,,ambient,hydrate,ambient_cond
51.0,18.0,0.760155,11.3388,241.15,LiCl,5.5,0.95,0.9,0.05,0.95,3.0,60.0,aitken-gpu-fixed-round,annual,1.345877,0.226481,366,simple,,,,,,ambient,hydrate,ambient_cond
51.0,111.0,0.677051,-0.2094,291.92,LiCl,7.75,0.95,0.9,0.05,0.95,12.0,60.0,aitken-gpu-fixed-round,annual,1.157773,0.163154,366,simple,,,,,,ambient,hydrate,ambient_cond
51.0,114.0,0.582307,1.5287,305.85,LiCl,7.75,0.95,0.9,0.05,0.95,7.55,60.0,aitken-gpu-fixed-round,annual,1.118703,0.153634,366,simple,,,,,,ambient,hydrate,ambient_cond
51.0,117.0,0.638603,-0.4367,309.75,LiCl,7.75,0.95,0.9,0.05,0.95,5.275,60.0,aitken-gpu-fixed-round,annual,1.106263,0.147831,366,simple,,,,,,ambient,hydrate,ambient_cond
51.0,120.0,0.676165,-0.8893,300.62,LiCl,7.75,0.95,0.9,0.05,0.95,9.825,60.0,aitken-gpu-fixed-round,annual,1.168184,0.15856,366,simple,,,,,,ambient,hydrate,ambient_cond
51.0,123.0,0.672438,-0.8682,299.77,LiCl,7.75,0.95,0.9,0.05,0.95,9.825,60.0,aitken-gpu-fixed-round,annual,1.164379,0.157981,366,simple,,,,,,ambient,hydrate,ambient_cond
51.0,126.0,0.666518,0.8156,294.79,LiCl,7.75,0.95,0.9,0.05,0.95,12.0,60.0,aitken-gpu-fixed-round,annual,1.237806,0.167044,366,simple,,,,,,ambient,hydrate,ambient_cond
54.0,12.0,0.813906,10.6858,218.53,LiCl,5.5,0.95,0.9,0.05,0.95,12.0,50.0,aitken-gpu-fixed-round,annual,1.242033,0.219224,366,simple,,,,,,ambient,hydrate,ambient_cond
54.0,15.0,0.809762,10.6381,217.47,LiCl,7.75,0.95,0.9,0.05,0.95,5.275,40.0,aitken-gpu-fixed-round,annual,1.248527,0.225449,366,simple,,,,,,ambient,hydrate,ambient_cond
54.0,18.0,0.786205,10.0764,217.07,LiCl,10.0,0.95,0.9,0.05,0.95,12.0,50.0,aitken-gpu-fixed-round,annual,1.24854,0.224818,366,simple,,,,,,ambient,hydrate,ambient_cond
54.0,21.0,0.778032,10.0862,229.18,LiCl,10.0,0.95,0.9,0.05,0.95,3.0,40.0,aitken-gpu-fixed-round,annual,1.237658,0.196308,366,simple,,,,,,ambient,hydrate,ambient_cond
54.0,24.0,0.763337,10.1467,226.99,LiCl,7.75,0.95,0.9,0.05,0.95,3.0,60.0,aitken-gpu-fixed-round,annual,1.243627,0.19968,366,simple,,,,,,ambient,hydrate,ambient_cond
54.0,120.0,0.64774,-2.3564,285.06,LiCl,7.75,0.95,0.9,0.05,0.95,3.0,60.0,aitken-gpu-fixed-round,annual,1.02855,0.140614,366,simple,,,,,,ambient,hydrate,ambient_cond
54.0,123.0,0.65596,-1.4806,273.45,LiCl,7.75,0.95,0.9,0.05,0.95,3.0,60.0,aitken-gpu-fixed-round,annual,1.080154,0.148048,366,simple,,,,,,ambient,hydrate,ambient_cond
54.0,126.0,0.64082,-0.9417,269.38,LiCl,7.75,0.95,0.9,0.05,0.95,9.825,60.0,aitken-gpu-fixed-round,annual,1.025386,0.142903,366,simple,,,,,,ambient,hydrate,ambient_cond
54.0,129.0,0.701498,-2.2876,262.11,LiCl,7.75,0.95,0.9,0.05,0.95,3.0,60.0,aitken-gpu-fixed-round,annual,1.036576,0.14748,366,simple,,,,,,ambient,hydrate,ambient_cond
54.0,132.0,0.709599,-2.5157,247.61,LiCl,7.75,0.95,0.9,0.05,0.95,3.0,60.0,aitken-gpu-fixed-round,annual,0.965226,0.145838,366,simple,,,,,,ambient,hydrate,ambient_cond
57.0,36.0,0.787312,6.6825,212.51,LiCl,5.5,0.95,0.9,0.05,0.95,7.55,60.0,aitken-gpu-fixed-round,annual,1.132394,0.185215,366,simple,,,,,,ambient,hydrate,ambient_cond
57.0,39.0,0.774665,6.2904,215.59,LiCl,5.5,0.95,0.9,0.05,0.95,7.55,60.0,aitken-gpu-fixed-round,annual,1.112985,0.179157,366,simple,,,,,,ambient,hydrate,ambient_cond
57.0,42.0,0.772161,5.8356,216.85,LiCl,5.5,0.95,0.9,0.05,0.95,9.825,60.0,aitken-gpu-fixed-round,annual,1.098411,0.176838,366,simple,,,,,,ambient,hydrate,ambient_cond
57.0,45.0,0.742663,5.7061,221.21,LiCl,5.5,0.95,0.9,0.05,0.95,5.275,60.0,aitken-gpu-fixed-round,annual,1.070239,0.169471,366,simple,,,,,,ambient,hydrate,ambient_cond
57.0,48.0,0.733218,5.3525,227.17,LiCl,5.5,0.95,0.9,0.05,0.95,9.825,60.0,aitken-gpu-fixed-round,annual,1.073734,0.168091,366,simple,,,,,,ambient,hydrate,ambient_cond
57.0,162.0,0.812292,-0.8574,223.0,LiCl,7.75,0.95,0.9,0.05,0.95,5.275,60.0,aitken-gpu-fixed-round,annual,0.852144,0.135416,366,simple,,,,,,ambient,hydrate,ambient_cond
60.0,-162.0,0.826819,0.9859,166.0,LiCl,5.5,0.95,0.9,0.05,0.95,3.0,50.0,aitken-gpu-fixed-round,annual,0.660617,0.13967,366,simple,,,,,,ambient,hydrate,ambient_cond
60.0,-159.0,0.813277,-1.4851,169.1,LiCl,7.75,0.95,0.9,0.05,0.95,7.55,60.0,aitken-gpu-fixed-round,annual,0.642032,0.122355,366,simple,,,,,,ambient,hydrate,ambient_cond
60.0,-156.0,0.78859,1.1026,172.0,LiCl,7.75,0.95,0.9,0.05,0.95,5.275,60.0,aitken-gpu-fixed-round,annual,0.691447,0.132801,366,simple,,,,,,ambient,hydrate,ambient_cond
60.0,-153.0,0.806685,-2.8884,207.26,LiCl,10.0,0.95,0.9,0.05,0.95,12.0,60.0,aitken-gpu-fixed-round,annual,0.754292,0.129646,366,simple,,,,,,ambient,hydrate,ambient_cond
60.0,48.0,0.780945,3.7254,184.49,LiCl,5.5,0.95,0.9,0.05,0.95,9.825,60.0,aitken-gpu-fixed-round,annual,0.877844,0.150901,366,simple,,,,,,ambient,hydrate,ambient_cond
60.0,51.0,0.768235,3.3394,185.48,LiCl,5.5,0.95,0.9,0.05,0.95,5.275,60.0,aitken-gpu-fixed-round,annual,0.850596,0.14861,366,simple,,,,,,ambient,hydrate,ambient_cond
60.0,54.0,0.769862,2.9812,182.98,LiCl,5.5,0.95,0.9,0.05,0.95,5.275,60.0,aitken-gpu-fixed-round,annual,0.827999,0.145372,366,simple,,,,,,ambient,hydrate,ambient_cond
60.0,57.0,0.768758,2.6919,186.1,LiCl,5.5,0.95,0.9,0.05,0.95,12.0,60.0,aitken-gpu-fixed-round,annual,0.822873,0.144231,366,simple,,,,,,ambient,hydrate,ambient_cond
60.0,60.0,0.72408,1.8775,198.38,LiCl,5.5,0.95,0.9,0.05,0.95,12.0,60.0,aitken-gpu-fixed-round,annual,0.817762,0.141429,366,simple,,,,,,ambient,hydrate,ambient_cond
60.0,162.0,0.848758,-3.5088,199.92,LiCl,7.75,0.95,0.9,0.05,0.95,3.0,60.0,aitken-gpu-fixed-round,annual,0.73712,0.121733,366,simple,,,,,,ambient,hydrate,ambient_cond
60.0,165.0,0.805466,-2.417,199.64,LiCl,7.75,0.95,0.9,0.05,0.95,7.55,60.0,aitken-gpu-fixed-round,annual,0.728003,0.120666,366,simple,,,,,,ambient,hydrate,ambient_cond
63.0,-162.0,0.832922,-2.218,152.81,LiCl,5.5,0.95,0.9,0.05,0.95,12.0,50.0,aitken-gpu-fixed-round,annual,0.549073,0.115003,366,simple,,,,,,ambient,hydrate,ambient_cond
63.0,-159.0,0.771518,-0.7961,160.58,LiCl,7.75,0.95,0.9,0.05,0.95,7.55,60.0,aitken-gpu-fixed-round,annual,0.620491,0.117051,366,simple,,,,,,ambient,hydrate,ambient_cond
63.0,-156.0,0.768038,-1.6906,157.88,LiCl,7.75,0.95,0.9,0.05,0.95,7.55,60.0,aitken-gpu-fixed-round,annual,0.620633,0.118762,366,simple,,,,,,ambient,hydrate,ambient_cond
66.0,18.0,0.829594,1.0681,142.37,LiCl,7.75,0.95,0.9,0.05,0.95,5.275,60.0,aitken-gpu-fixed-round,annual,0.597651,0.113393,366,simple,,,,,,ambient,hydrate,ambient_cond
66.0,21.0,0.79561,2.2839,145.87,LiCl,7.75,0.95,0.9,0.05,0.95,5.275,60.0,aitken-gpu-fixed-round,annual,0.643377,0.117142,366,simple,,,,,,ambient,hydrate,ambient_cond
66.0,24.0,0.834641,3.0067,150.69,LiCl,7.75,0.95,0.9,0.05,0.95,7.55,60.0,aitken-gpu-fixed-round,annual,0.711373,0.121623,366,simple,,,,,,ambient,hydrate,ambient_cond
66.0,27.0,0.838793,2.2294,132.56,LiCl,7.75,0.95,0.9,0.05,0.95,9.825,60.0,aitken-gpu-fixed-round,annual,0.628507,0.112317,366,simple,,,,,,ambient,hydrate,ambient_cond
-54.0,-72.0,0.896395,4.6081,170.13,LiCl,5.5,0.95,0.9,0.05,0.95,12.0,40.0,aitken-gpu-fixed-round,annual,0.782533,0.189868,366,simple,,,,,,ode,hydrate,base
-54.0,-69.0,0.777261,5.8082,228.91,LiCl,5.5,0.95,0.9,0.05,0.95,12.0,60.0,aitken-gpu-fixed-round,annual,0.988391,0.183971,366,simple,,,,,,ode,hydrate,base
-51.0,-75.0,0.877541,4.3905,152.53,LiCl,10.0,0.95,0.9,0.05,0.95,7.55,30.0,aitken-gpu-fixed-round,annual,0.68034,0.162178,366,simple,,,,,,ode,hydrate,base
-51.0,-72.0,0.750157,4.9094,285.8,LiCl,5.5,0.95,0.9,0.05,0.95,12.0,60.0,aitken-gpu-fixed-round,annual,1.205208,0.191999,366,simple,,,,,,ode,hydrate,base
-48.0,-75.0,0.873332,4.5918,185.1,LiCl,5.5,0.95,0.9,0.05,0.95,12.0,40.0,aitken-gpu-fixed-round,annual,0.872526,0.190344,366,simple,,,,,,ode,hydrate,base
-33.0,-60.0,0.71566,18.7644,407.26,LiCl,7.75,0.95,0.9,0.05,0.95,12.0,60.0,aitken-gpu-fixed-round,annual,2.581886,0.308969,366,simple,,,,,,ode,hydrate,base
-33.0,-57.0,0.767087,18.0952,383.77,LiCl,7.75,0.95,0.9,0.05,0.95,12.0,60.0,aitken-gpu-fixed-round,annual,2.482346,0.309338,366,simple,,,,,,ode,hydrate,base
-33.0,-54.0,0.797183,17.6645,369.51,LiCl,7.75,0.95,0.9,0.05,0.95,12.0,50.0,aitken-gpu-fixed-round,annual,2.423976,0.31341,366,simple,,,,,,ode,hydrate,base
-33.0,21.0,0.548378,19.5423,477.23,LiCl,7.75,0.95,0.9,0.05,0.95,12.0,60.0,aitken-gpu-fixed-round,annual,2.650111,0.276319,366,simple,,,,,,ode,hydrate,base
-33.0,24.0,0.556394,21.4462,461.97,LiCl,7.75,0.95,0.9,0.05,0.95,12.0,60.0,aitken-gpu-fixed-round,annual,2.74092,0.294929,366,simple,,,,,,ode,hydrate,base
-33.0,27.0,0.667701,20.5481,410.38,LiCl,7.75,0.95,0.9,0.05,0.95,12.0,60.0,aitken-gpu-fixed-round,annual,2.672832,0.320273,366,simple,,,,,,ode,hydrate,base
-30.0,144.0,0.472725,22.0822,471.22,LiCl,7.75,0.95,0.9,0.05,0.95,12.0,60.0,aitken-gpu-fixed-round,annual,2.157237,0.242585,366,simple,,,,,,ode,hydrate,base
-30.0,147.0,0.527482,21.752,469.82,LiCl,7.75,0.95,0.9,0.05,0.95,12.0,60.0,aitken-gpu-fixed-round,annual,2.444807,0.269819,366,simple,,,,,,ode,hydrate,base
-30.0,150.0,0.628566,19.1124,448.81,LiCl,7.75,0.95,0.9,0.05,0.95,12.0,60.0,aitken-gpu-fixed-round,annual,2.593357,0.288575,366,simple,,,,,,ode,hydrate,base
-30.0,153.0,0.788959,19.3233,397.89,LiCl,5.5,0.95,0.9,0.05,0.95,12.0,40.0,aitken-gpu-fixed-round,annual,2.757159,0.345765,366,simple,,,,,,ode,hydrate,base
-27.0,-69.0,0.355265,-2.8483,618.51,LiCl,10.0,0.95,0.9,0.05,0.95,3.0,60.0,aitken-gpu-fixed-round,annual,0.647981,0.054427,366,simple,,,,,,ode,hydrate,base
-27.0,-66.0,0.311647,15.9632,560.6,LiCl,10.0,0.95,0.9,0.05,0.95,12.0,60.0,aitken-gpu-fixed-round,annual,1.840119,0.15694,366,simple,,,,,,ode,hydrate,base
-24.0,-51.0,0.737361,22.5114,442.36,LiCl,7.75,0.95,0.9,0.05,0.95,12.0,60.0,aitken-gpu-fixed-round,annual,3.031631,0.346499,366,simple,,,,,,ode,hydrate,base
-24.0,-48.0,0.825863,24.4571,414.39,LiCl,5.5,0.95,0.9,0.05,0.95,12.0,30.0,aitken-gpu-fixed-round,annual,3.194007,0.391014,366,simple,,,,,,ode,hydrate,base
-24.0,15.0,0.487018,20.3407,559.64,LiCl,7.75,0.95,0.9,0.05,0.95,12.0,60.0,aitken-gpu-fixed-round,annual,2.906491,0.262951,366,simple,,,,,,ode,hydrate,base
-24.0,18.0,0.250756,23.3275,549.12,LiCl,10.0,0.95,0.9,0.05,0.95,12.0,60.0,aitken-gpu-fixed-round,annual,1.560099,0.150327,366,simple,,,,,,ode,hydrate,base
-24.0,21.0,0.301924,23.8665,542.72,LiCl,7.75,0.95,0.9,0.05,0.95,12.0,60.0,aitken-gpu-fixed-round,annual,1.95113,0.187539,366,simple,,,,,,ode,hydrate,base
-24.0,24.0,0.355074,22.681,527.18,LiCl,7.75,0.95,0.9,0.05,0.95,12.0,60.0,aitken-gpu-fixed-round,annual,2.125732,0.209235,366,simple,,,,,,ode,hydrate,base
-24.0,27.0,0.414489,22.6433,507.76,LiCl,7.75,0.95,0.9,0.05,0.95,12.0,60.0,aitken-gpu-fixed-round,annual,2.394309,0.243315,366,simple,,,,,,ode,hydrate,base
-21.0,24.0,0.344894,24.8204,540.15,LiCl,7.75,0.95,0.9,0.05,0.95,12.0,60.0,aitken-gpu-fixed-round,annual,2.279047,0.218929,366,simple,,,,,,ode,hydrate,base
-21.0,27.0,0.430806,22.8101,527.39,LiCl,7.75,0.95,0.9,0.05,0.95,12.0,60.0,aitken-gpu-fixed-round,annual,2.560568,0.252106,366,simple,,,,,,ode,hydrate,base
-21.0,30.0,0.560793,23.6989,487.09,LiCl,7.75,0.95,0.9,0.05,0.95,12.0,60.0,aitken-gpu-fixed-round,annual,2.95588,0.310296,366,simple,,,,,,ode,hydrate,base
-21.0,33.0,0.620556,26.1568,484.12,LiCl,7.75,0.95,0.9,0.05,0.95,12.0,60.0,aitken-gpu-fixed-round,annual,3.425548,0.360897,366,simple,,,,,,ode,hydrate,base
-21.0,45.0,0.567964,26.1798,507.44,LiCl,7.75,0.95,0.9,0.05,0.95,12.0,60.0,aitken-gpu-fixed-round,annual,3.365296,0.342211,366,simple,,,,,,ode,hydrate,base
-21.0,48.0,0.851081,23.2792,406.82,LiCl,10.0,0.95,0.9,0.05,0.95,12.0,30.0,aitken-gpu-fixed-round,annual,3.177201,0.395278,366,simple,,,,,,ode,hydrate,base
-21.0,117.0,0.425209,26.1861,529.09,LiCl,7.75,0.95,0.9,0.05,0.95,12.0,60.0,aitken-gpu-fixed-round,annual,2.885184,0.282216,366,simple,,,,,,ode,hydrate,base
-18.0,36.0,0.695035,26.4495,479.6,LiCl,5.5,0.95,0.9,0.05,0.95,12.0,50.0,aitken-gpu-fixed-round,annual,3.65138,0.393452,366,simple,,,,,,ode,hydrate,base
-18.0,45.0,0.66744,24.1176,507.58,LiCl,5.5,0.95,0.9,0.05,0.95,12.0,60.0,aitken-gpu-fixed-round,annual,3.616553,0.36909,366,simple,,,,,,ode,hydrate,base
-18.0,48.0,0.777099,20.2345,450.44,LiCl,5.5,0.95,0.9,0.05,0.95,12.0,40.0,aitken-gpu-fixed-round,annual,3.236209,0.371428,366,simple,,,,,,ode,hydrate,base
-18.0,123.0,0.497086,29.0999,507.08,LiCl,7.75,0.95,0.9,0.05,0.95,12.0,60.0,aitken-gpu-fixed-round,annual,3.231393,0.326866,366,simple,,,,,,ode,hydrate,base
-18.0,126.0,0.454783,28.9953,510.63,LiCl,7.75,0.95,0.9,0.05,0.95,12.0,60.0,aitken-gpu-fixed-round,annual,2.95577,0.297929,366,simple,,,,,,ode,hydrate,base
-18.0,129.0,0.479494,26.3688,509.48,LiCl,7.75,0.95,0.9,0.05,0.95,12.0,60.0,aitken-gpu-fixed-round,annual,2.903225,0.295243,366,simple,,,,,,ode,hydrate,base
-15.0,132.0,0.585653,26.8891,503.13,LiCl,7.75,0.95,0.9,0.05,0.95,12.0,60.0,aitken-gpu-fixed-round,annual,3.272477,0.340858,366,simple,,,,,,ode,hydrate,base
-15.0,135.0,0.665417,26.3657,495.54,LiCl,5.5,0.95,0.9,0.05,0.95,12.0,60.0,aitken-gpu-fixed-round,annual,3.663192,0.384541,366,simple,,,,,,ode,hydrate,base
-15.0,144.0,0.696933,25.4016,461.18,LiCl,5.5,0.95,0.9,0.05,0.95,12.0,50.0,aitken-gpu-fixed-round,annual,3.341287,0.376257,366,simple,,,,,,ode,hydrate,base
-12.0,-75.0,0.781305,2.5133,471.22,LiCl,7.75,0.95,0.9,0.05,0.95,3.0,60.0,aitken-gpu-fixed-round,annual,1.865771,0.204941,366,simple,,,,,,ode,hydrate,base
-12.0,-72.0,0.76831,5.8309,441.16,LiCl,7.75,0.95,0.9,0.05,0.95,5.275,60.0,aitken-gpu-fixed-round,annual,1.996405,0.232275,366,simple,,,,,,ode,hydrate,base
-12.0,-69.0,0.804721,25.607,435.57,LiCl,5.5,0.95,0.9,0.05,0.95,12.0,30.0,aitken-gpu-fixed-round,annual,3.386893,0.403445,366,simple,,,,,,ode,hydrate,base
-9.0,-45.0,0.587687,27.2432,512.02,LiCl,7.75,0.95,0.9,0.05,0.95,12.0,60.0,aitken-gpu-fixed-round,annual,3.341842,0.342045,366,simple,,,,,,ode,hydrate,base
-9.0,-42.0,0.551288,25.6692,517.65,LiCl,7.75,0.95,0.9,0.05,0.95,12.0,60.0,aitken-gpu-fixed-round,annual,3.184465,0.321575,366,simple,,,,,,ode,hydrate,base
-9.0,-39.0,0.61788,25.5284,504.17,LiCl,7.75,0.95,0.9,0.05,0.95,12.0,60.0,aitken-gpu-fixed-round,annual,3.448078,0.355719,366,simple,,,,,,ode,hydrate,base
-9.0,-36.0,0.808868,26.0268,455.49,LiCl,5.5,0.95,0.9,0.05,0.95,12.0,30.0,aitken-gpu-fixed-round,annual,3.642199,0.413389,366,simple,,,,,,ode,hydrate,base
-9.0,15.0,0.772835,21.1443,464.22,LiCl,5.5,0.95,0.9,0.05,0.95,12.0,40.0,aitken-gpu-fixed-round,annual,3.375958,0.380943,366,simple,,,,,,ode,hydrate,base
-9.0,18.0,0.651838,21.4473,475.57,LiCl,5.5,0.95,0.9,0.05,0.95,12.0,60.0,aitken-gpu-fixed-round,annual,2.991447,0.329799,366,simple,,,,,,ode,hydrate,base
-9.0,21.0,0.622234,23.6659,484.34,LiCl,5.5,0.95,0.9,0.05,0.95,12.0,60.0,aitken-gpu-fixed-round,annual,3.04132,0.330506,366,simple,,,,,,ode,hydrate,base
-6.0,24.0,0.664033,25.5228,455.47,LiCl,5.5,0.95,0.9,0.05,0.95,12.0,60.0,aitken-gpu-fixed-round,annual,3.172585,0.364699,366,simple,,,,,,ode,hydrate,base
-6.0,27.0,0.606107,26.9446,469.28,LiCl,7.75,0.95,0.9,0.05,0.95,12.0,60.0,aitken-gpu-fixed-round,annual,3.118518,0.34651,366,simple,,,,,,ode,hydrate,base
-6.0,30.0,0.734432,24.1006,473.18,LiCl,5.5,0.95,0.9,0.05,0.95,12.0,50.0,aitken-gpu-fixed-round,annual,3.392693,0.37568,366,simple,,,,,,ode,hydrate,base
-6.0,33.0,0.600534,23.4148,511.83,LiCl,7.75,0.95,0.9,0.05,0.95,12.0,60.0,aitken-gpu-fixed-round,annual,3.146846,0.323789,366,simple,,,,,,ode,hydrate,base
-6.0,36.0,0.620969,25.1045,521.36,LiCl,7.75,0.95,0.9,0.05,0.95,12.0,60.0,aitken-gpu-fixed-round,annual,3.60786,0.361103,366,simple,,,,,,ode,hydrate,base
-6.0,141.0,0.882707,26.1427,394.54,LiCl,3.25,0.95,0.9,0.05,0.95,12.0,30.0,aitken-gpu-fixed-round,annual,3.28219,0.432457,366,simple,,,,,,ode,hydrate,base
-6.0,144.0,0.912162,29.5046,422.67,LiCl,3.25,0.95,0.9,0.05,0.95,12.0,30.0,aitken-gpu-fixed-round,annual,3.606771,0.447115,366,simple,,,,,,ode,hydrate,base
-3.0,120.0,0.89418,27.4562,447.79,LiCl,3.25,0.95,0.9,0.05,0.95,12.0,30.0,aitken-gpu-fixed-round,annual,3.823012,0.446556,366,simple,,,,,,ode,hydrate,base
-3.0,129.0,0.916081,26.5269,393.79,LiCl,3.25,0.95,0.9,0.05,0.95,12.0,30.0,aitken-gpu-fixed-round,annual,3.299414,0.435917,366,simple,,,,,,ode,hydrate,base
-3.0,138.0,0.878389,8.5494,423.93,LiCl,5.5,0.95,0.9,0.05,0.95,5.275,60.0,aitken-gpu-fixed-round,annual,2.433209,0.296958,366,simple,,,,,,ode,hydrate,base
-3.0,141.0,0.894852,25.6296,399.88,LiCl,3.25,0.95,0.9,0.05,0.95,12.0,30.0,aitken-gpu-fixed-round,annual,3.245182,0.421693,366,simple,,,,,,ode,hydrate,base
0.0,-78.0,0.878217,0.6558,418.5,LiCl,7.75,0.95,0.9,0.05,0.95,3.0,60.0,aitken-gpu-fixed-round,annual,1.734738,0.208277,366,simple,,,,,,ode,hydrate,base
0.0,-75.0,0.869006,25.6896,426.15,LiCl,5.5,0.95,0.9,0.05,0.95,12.0,30.0,aitken-gpu-fixed-round,annual,3.452394,0.420022,366,simple,,,,,,ode,hydrate,base
0.0,-72.0,0.871623,25.943,444.02,LiCl,5.5,0.95,0.9,0.05,0.95,12.0,30.0,aitken-gpu-fixed-round,annual,3.643159,0.426469,366,simple,,,,,,ode,hydrate,base
3.0,-57.0,0.750686,26.655,485.22,LiCl,5.5,0.95,0.9,0.05,0.95,12.0,40.0,aitken-gpu-fixed-round,annual,3.720902,0.400384,366,simple,,,,,,ode,hydrate,base
3.0,-54.0,0.787226,26.2912,470.65,LiCl,5.5,0.95,0.9,0.05,0.95,12.0,30.0,aitken-gpu-fixed-round,annual,3.726457,0.414802,366,simple,,,,,,ode,hydrate,base
3.0,-51.0,0.810743,26.9796,467.27,LiCl,5.5,0.95,0.9,0.05,0.95,12.0,40.0,aitken-gpu-fixed-round,annual,3.61393,0.403179,366,simple,,,,,,ode,hydrate,base
3.0,12.0,0.802881,23.9142,424.26,LiCl,5.5,0.95,0.9,0.05,0.95,12.0,30.0,aitken-gpu-fixed-round,annual,3.267642,0.40269,366,simple,,,,,,ode,hydrate,base
3.0,15.0,0.787852,24.8408,453.09,LiCl,5.5,0.95,0.9,0.05,0.95,12.0,30.0,aitken-gpu-fixed-round,annual,3.506343,0.403243,366,simple,,,,,,ode,hydrate,base
3.0,18.0,0.825457,25.4383,448.12,LiCl,5.5,0.95,0.9,0.05,0.95,12.0,30.0,aitken-gpu-fixed-round,annual,3.604545,0.418548,366,simple,,,,,,ode,hydrate,base
3.0,21.0,0.725913,26.241,459.11,LiCl,5.5,0.95,0.9,0.05,0.95,12.0,50.0,aitken-gpu-fixed-round,annual,3.417525,0.389184,366,simple,,,,,,ode,hydrate,base
6.0,27.0,0.525162,27.4776,481.99,LiCl,5.5,0.95,0.9,0.05,0.95,12.0,60.0,aitken-gpu-fixed-round,annual,2.827248,0.309865,366,simple,,,,,,ode,hydrate,base
6.0,30.0,0.51313,28.7841,477.86,LiCl,5.5,0.95,0.9,0.05,0.95,12.0,60.0,aitken-gpu-fixed-round,annual,2.87088,0.315851,366,simple,,,,,,ode,hydrate,base
6.0,33.0,0.486697,30.2298,478.32,LiCl,7.75,0.95,0.9,0.05,0.95,12.0,60.0,aitken-gpu-fixed-round,annual,2.883003,0.315818,366,simple,,,,,,ode,hydrate,base
6.0,36.0,0.586464,28.2055,488.4,LiCl,7.75,0.95,0.9,0.05,0.95,12.0,60.0,aitken-gpu-fixed-round,annual,3.317891,0.355685,366,simple,,,,,,ode,hydrate,base
6.0,39.0,0.710878,20.806,502.31,LiCl,5.5,0.95,0.9,0.05,0.95,12.0,60.0,aitken-gpu-fixed-round,annual,3.325484,0.349399,366,simple,,,,,,ode,hydrate,base
6.0,42.0,0.557394,22.5704,518.11,LiCl,7.75,0.95,0.9,0.05,0.95,12.0,60.0,aitken-gpu-fixed-round,annual,2.934876,0.298636,366,simple,,,,,,ode,hydrate,base
6.0,45.0,0.521933,27.7505,527.93,LiCl,7.75,0.95,0.9,0.05,0.95,12.0,60.0,aitken-gpu-fixed-round,annual,3.341864,0.330596,366,simple,,,,,,ode,hydrate,base
9.0,48.0,0.501517,27.2576,535.48,LiCl,7.75,0.95,0.9,0.05,0.95,12.0,60.0,aitken-gpu-fixed-round,annual,3.289985,0.318455,366,simple,,,,,,ode,hydrate,base
9.0,78.0,0.69584,28.8757,467.43,LiCl,5.5,0.95,0.9,0.05,0.95,12.0,50.0,aitken-gpu-fixed-round,annual,3.564297,0.396371,366,simple,,,,,,ode,hydrate,base
9.0,81.0,0.762592,28.2447,469.05,LiCl,5.5,0.95,0.9,0.05,0.95,12.0,40.0,aitken-gpu-fixed-round,annual,3.693535,0.406853,366,simple,,,,,,ode,hydrate,base
9.0,99.0,0.794745,27.7102,447.39,LiCl,5.5,0.95,0.9,0.05,0.95,12.0,30.0,aitken-gpu-fixed-round,annual,3.630822,0.420619,366,simple,,,,,,ode,hydrate,base
9.0,105.0,0.79756,27.8995,442.57,LiCl,5.5,0.95,0.9,0.05,0.95,12.0,30.0,aitken-gpu-fixed-round,annual,3.553604,0.415792,366,simple,,,,,,ode,hydrate,base
9.0,126.0,0.850927,26.0709,420.68,LiCl,5.5,0.95,0.9,0.05,0.95,12.0,30.0,aitken-gpu-fixed-round,annual,3.366057,0.40972,366,simple,,,,,,ode,hydrate,base
12.0,-84.0,0.872598,25.8919,411.62,LiCl,3.25,0.95,0.9,0.05,0.95,12.0,30.0,aitken-gpu-fixed-round,annual,3.334715,0.419829,366,simple,,,,,,ode,hydrate,base
15.0,-15.0,0.416408,29.2732,489.99,LiCl,5.5,0.95,0.9,0.05,0.95,12.0,60.0,aitken-gpu-fixed-round,annual,2.330398,0.255654,366,simple,,,,,,ode,hydrate,base
15.0,-12.0,0.379074,30.1421,488.92,LiCl,7.75,0.95,0.9,0.05,0.95,12.0,60.0,aitken-gpu-fixed-round,annual,1.941745,0.218377,366,simple,,,,,,ode,hydrate,base
15.0,-9.0,0.358883,29.2678,502.09,LiCl,5.5,0.95,0.9,0.05,0.95,12.0,60.0,aitken-gpu-fixed-round,annual,1.862013,0.20478,366,simple,,,,,,ode,hydrate,base
15.0,-6.0,0.329956,29.7293,504.81,LiCl,7.75,0.95,0.9,0.05,0.95,12.0,60.0,aitken-gpu-fixed-round,annual,1.837192,0.197462,366,simple,,,,,,ode,hydrate,base
15.0,-3.0,0.320218,29.5441,506.24,LiCl,7.75,0.95,0.9,0.05,0.95,12.0,60.0,aitken-gpu-fixed-round,annual,1.84026,0.196365,366,simple,,,,,,ode,hydrate,base
15.0,0.0,0.32404,29.9905,503.72,LiCl,7.75,0.95,0.9,0.05,0.95,12.0,60.0,aitken-gpu-fixed-round,annual,1.808303,0.192805,366,simple,,,,,,ode,hydrate,base
15.0,3.0,0.329958,29.1058,508.11,LiCl,7.75,0.95,0.9,0.05,0.95,12.0,60.0,aitken-gpu-fixed-round,annual,1.898022,0.199058,366,simple,,,,,,ode,hydrate,base
18.0,-6.0,0.260671,28.0453,521.95,LiCl,7.75,0.95,0.9,0.05,0.95,12.0,60.0,aitken-gpu-fixed-round,annual,1.64235,0.167121,366,simple,,,,,,ode,hydrate,base
18.0,-3.0,0.241264,29.1671,509.83,LiCl,7.75,0.95,0.9,0.05,0.95,12.0,60.0,aitken-gpu-fixed-round,annual,1.475071,0.154215,366,simple,,,,,,ode,hydrate,base
18.0,0.0,0.228384,30.1249,503.16,LiCl,7.75,0.95,0.9,0.05,0.95,12.0,60.0,aitken-gpu-fixed-round,annual,1.391256,0.147549,366,simple,,,,,,ode,hydrate,base
18.0,3.0,0.235773,29.1197,516.42,LiCl,7.75,0.95,0.9,0.05,0.95,12.0,60.0,aitken-gpu-fixed-round,annual,1.486583,0.153378,366,simple,,,,,,ode,hydrate,base
18.0,6.0,0.225694,29.7725,513.12,LiCl,7.75,0.95,0.9,0.05,0.95,12.0,60.0,aitken-gpu-fixed-round,annual,1.431855,0.14738,366,simple,,,,,,ode,hydrate,base
18.0,9.0,0.242464,25.4038,531.15,LiCl,7.75,0.95,0.9,0.05,0.95,12.0,60.0,aitken-gpu-fixed-round,annual,1.409785,0.143616,366,simple,,,,,,ode,hydrate,base
21.0,-6.0,0.197664,29.1751,510.17,LiCl,10.0,0.95,0.9,0.05,0.95,12.0,60.0,aitken-gpu-fixed-round,annual,1.275997,0.13289,366,simple,,,,,,ode,hydrate,base
21.0,-3.0,0.195001,29.4276,510.54,LiCl,7.75,0.95,0.9,0.05,0.95,12.0,60.0,aitken-gpu-fixed-round,annual,1.234467,0.129844,366,simple,,,,,,ode,hydrate,base
21.0,0.0,0.189628,29.527,506.03,LiCl,10.0,0.95,0.9,0.05,0.95,12.0,60.0,aitken-gpu-fixed-round,annual,1.193267,0.125648,366,simple,,,,,,ode,hydrate,base
21.0,3.0,0.190966,28.1434,516.2,LiCl,7.75,0.95,0.9,0.05,0.95,12.0,60.0,aitken-gpu-fixed-round,annual,1.179537,0.122583,366,simple,,,,,,ode,hydrate,base
21.0,6.0,0.189916,27.9494,523.67,LiCl,7.75,0.95,0.9,0.05,0.95,12.0,60.0,aitken-gpu-fixed-round,annual,1.151637,0.117809,366,simple,,,,,,ode,hydrate,base
21.0,9.0,0.213624,26.7153,527.15,LiCl,7.75,0.95,0.9,0.05,0.95,12.0,60.0,aitken-gpu-fixed-round,annual,1.235143,0.126621,366,simple,,,,,,ode,hydrate,base
24.0,-9.0,0.247476,27.724,507.18,LiCl,7.75,0.95,0.9,0.05,0.95,12.0,60.0,aitken-gpu-fixed-round,annual,1.524095,0.158576,366,simple,,,,,,ode,hydrate,base
24.0,-6.0,0.201922,28.8533,501.57,LiCl,7.75,0.95,0.9,0.05,0.95,12.0,60.0,aitken-gpu-fixed-round,annual,1.153528,0.126013,366,simple,,,,,,ode,hydrate,base
24.0,-3.0,0.201769,28.3448,507.98,LiCl,7.75,0.95,0.9,0.05,0.95,12.0,60.0,aitken-gpu-fixed-round,annual,1.179607,0.128109,366,simple,,,,,,ode,hydrate,base
24.0,0.0,0.190846,28.7869,507.86,LiCl,7.75,0.95,0.9,0.05,0.95,12.0,60.0,aitken-gpu-fixed-round,annual,1.08795,0.118133,366,simple,,,,,,ode,hydrate,base
24.0,3.0,0.180444,28.2984,508.08,LiCl,7.75,0.95,0.9,0.05,0.95,12.0,60.0,aitken-gpu-fixed-round,annual,1.025075,0.110473,366,simple,,,,,,ode,hydrate,base
24.0,6.0,0.199773,24.3084,514.12,LiCl,7.75,0.95,0.9,0.05,0.95,12.0,60.0,aitken-gpu-fixed-round,annual,1.093245,0.115799,366,simple,,,,,,ode,hydrate,base
24.0,111.0,0.783805,19.155,348.63,LiCl,5.5,0.95,0.9,0.05,0.95,12.0,40.0,aitken-gpu-fixed-round,annual,2.348328,0.328138,366,simple,,,,,,ode,hydrate,base
24.0,114.0,0.811497,17.1485,350.43,LiCl,5.5,0.95,0.9,0.05,0.95,12.0,40.0,aitken-gpu-fixed-round,annual,2.312086,0.325802,366,simple,,,,,,ode,hydrate,base
24.0,117.0,0.806077,22.4341,365.91,LiCl,5.5,0.95,0.9,0.05,0.95,12.0,30.0,aitken-gpu-fixed-round,annual,2.671905,0.365428,366,simple,,,,,,ode,hydrate,base
27.0,-114.0,0.697306,18.4737,539.07,LiCl,7.75,0.95,0.9,0.05,0.95,12.0,60.0,aitken-gpu-fixed-round,annual,3.305495,0.31774,366,simple,,,,,,ode,hydrate,base
27.0,-108.0,0.3445,26.0952,558.28,LiCl,10.0,0.95,0.9,0.05,0.95,12.0,60.0,aitken-gpu-fixed-round,annual,2.462713,0.223361,366,simple,,,,,,ode,hydrate,base
27.0,-105.0,0.332664,21.0155,562.45,LiCl,7.75,0.95,0.9,0.05,0.95,12.0,60.0,aitken-gpu-fixed-round,annual,1.96695,0.186239,366,simple,,,,,,ode,hydrate,base
27.0,-102.0,0.427678,24.506,542.71,LiCl,10.0,0.95,0.9,0.05,0.95,12.0,60.0,aitken-gpu-fixed-round,annual,2.629429,0.24922,366,simple,,,,,,ode,hydrate,base
27.0,72.0,0.450937,26.9709,441.47,LiCl,5.5,0.95,0.9,0.05,0.95,12.0,60.0,aitken-gpu-fixed-round,annual,2.252032,0.269871,366,simple,,,,,,ode,hydrate,base
27.0,75.0,0.521366,25.4059,431.96,LiCl,5.5,0.95,0.9,0.05,0.95,12.0,60.0,aitken-gpu-fixed-round,annual,2.315701,0.287529,366,simple,,,,,,ode,hydrate,base
27.0,78.0,0.629445,25.1448,419.88,LiCl,5.5,0.95,0.9,0.05,0.95,12.0,60.0,aitken-gpu-fixed-round,annual,2.526922,0.321461,366,simple,,,,,,ode,hydrate,base
27.0,81.0,0.66212,24.9663,413.23,LiCl,5.5,0.95,0.9,0.05,0.95,12.0,60.0,aitken-gpu-fixed-round,annual,2.60636,0.334871,366,simple,,,,,,ode,hydrate,base
27.0,84.0,0.701417,24.727,389.86,LiCl,5.5,0.95,0.9,0.05,0.95,12.0,50.0,aitken-gpu-fixed-round,annual,2.59255,0.347374,366,simple,,,,,,ode,hydrate,base
27.0,87.0,0.778847,14.1867,389.47,LiCl,5.5,0.95,0.9,0.05,0.95,12.0,50.0,aitken-gpu-fixed-round,annual,2.287068,0.303473,366,simple,,,,,,ode,hydrate,base
27.0,90.0,0.846044,12.0673,380.98,LiCl,5.5,0.95,0.9,0.05,0.95,12.0,50.0,aitken-gpu-fixed-round,annual,2.198008,0.294091,366,simple,,,,,,ode,hydrate,base
30.0,24.0,0.508172,22.5933,513.46,LiCl,7.75,0.95,0.9,0.05,0.95,12.0,60.0,aitken-gpu-fixed-round,annual,2.739415,0.27699,366,simple,,,,,,ode,hydrate,base
30.0,27.0,0.456533,24.6361,503.66,LiCl,7.75,0.95,0.9,0.05,0.95,12.0,60.0,aitken-gpu-fixed-round,annual,2.69034,0.273569,366,simple,,,,,,ode,hydrate,base
30.0,30.0,0.559425,22.3064,508.74,LiCl,7.75,0.95,0.9,0.05,0.95,12.0,60.0,aitken-gpu-fixed-round,annual,3.052926,0.304414,366,simple,,,,,,ode,hydrate,base
30.0,33.0,0.507366,21.0148,522.85,LiCl,7.75,0.95,0.9,0.05,0.95,12.0,60.0,aitken-gpu-fixed-round,annual,2.776999,0.272752,366,simple,,,,,,ode,hydrate,base
30.0,36.0,0.408337,20.3024,524.31,LiCl,7.75,0.95,0.9,0.05,0.95,12.0,60.0,aitken-gpu-fixed-round,annual,2.341496,0.231542,366,simple,,,,,,ode,hydrate,base
30.0,39.0,0.333181,23.2608,517.05,LiCl,7.75,0.95,0.9,0.05,0.95,12.0,60.0,aitken-gpu-fixed-round,annual,1.735818,0.18188,366,simple,,,,,,ode,hydrate,base
33.0,-108.0,0.360049,13.7847,507.97,LiCl,7.75,0.95,0.9,0.05,0.95,12.0,60.0,aitken-gpu-fixed-round,annual,1.441362,0.152172,366,simple,,,,,,ode,hydrate,base
33.0,-105.0,0.366946,16.413,510.66,LiCl,10.0,0.95,0.9,0.05,0.95,12.0,60.0,aitken-gpu-fixed-round,annual,1.684088,0.168325,366,simple,,,,,,ode,hydrate,base
33.0,-102.0,0.517373,17.76,493.45,LiCl,7.75,0.95,0.9,0.05,0.95,12.0,60.0,aitken-gpu-fixed-round,annual,2.376146,0.240053,366,simple,,,,,,ode,hydrate,base
33.0,-99.0,0.614504,19.724,456.35,LiCl,7.75,0.95,0.9,0.05,0.95,12.0,60.0,aitken-gpu-fixed-round,annual,2.72525,0.289931,366,simple,,,,,,ode,hydrate,base
33.0,-96.0,0.685277,19.6872,412.02,LiCl,7.75,0.95,0.9,0.05,0.95,12.0,60.0,aitken-gpu-fixed-round,annual,2.655396,0.310982,366,simple,,,,,,ode,hydrate,base
33.0,-93.0,0.706235,18.9411,409.38,LiCl,7.75,0.95,0.9,0.05,0.95,12.0,60.0,aitken-gpu-fixed-round,annual,2.608612,0.309424,366,simple,,,,,,ode,hydrate,base
33.0,96.0,0.603418,-5.0902,486.11,LiCl,7.75,0.95,0.9,0.05,0.95,5.275,60.0,aitken-gpu-fixed-round,annual,1.089395,0.112749,366,simple,,,,,,ode,hydrate,base
33.0,99.0,0.635983,-3.6337,473.48,LiCl,7.75,0.95,0.9,0.05,0.95,5.275,60.0,aitken-gpu-fixed-round,annual,1.17985,0.125569,366,simple,,,,,,ode,hydrate,base
33.0,102.0,0.609593,2.3,441.89,LiCl,7.75,0.95,0.9,0.05,0.95,9.825,60.0,aitken-gpu-fixed-round,annual,1.509966,0.167345,366,simple,,,,,,ode,hydrate,base
33.0,105.0,0.761144,11.0992,324.19,LiCl,5.5,0.95,0.9,0.05,0.95,12.0,50.0,aitken-gpu-fixed-round,annual,1.878941,0.270367,366,simple,,,,,,ode,hydrate,base
33.0,108.0,0.733969,10.3729,310.19,LiCl,5.5,0.95,0.9,0.05,0.95,12.0,60.0,aitken-gpu-fixed-round,annual,1.724143,0.250198,366,simple,,,,,,ode,hydrate,base
36.0,66.0,0.494989,13.6113,410.6,LiCl,10.0,0.95,0.9,0.05,0.95,12.0,60.0,aitken-gpu-fixed-round,annual,1.491858,0.181108,366,simple,,,,,,ode,hydrate,base
36.0,69.0,0.507765,15.6514,410.11,LiCl,7.75,0.95,0.9,0.05,0.95,12.0,60.0,aitken-gpu-fixed-round,annual,1.678243,0.207405,366,simple,,,,,,ode,hydrate,base
36.0,72.0,0.422953,8.9404,467.87,LiCl,10.0,0.95,0.9,0.05,0.95,12.0,60.0,aitken-gpu-fixed-round,annual,1.516317,0.154169,366,simple,,,,,,ode,hydrate,base
36.0,75.0,0.7064,-10.7515,507.91,LiCl,10.0,0.95,0.9,0.05,0.95,3.0,60.0,aitken-gpu-fixed-round,annual,0.879958,0.082629,366,simple,,,,,,ode,hydrate,base
36.0,78.0,0.444779,-4.6777,541.2,LiCl,10.0,0.95,0.9,0.05,0.95,12.0,60.0,aitken-gpu-fixed-round,annual,0.901462,0.079596,366,simple,,,,,,ode,hydrate,base
39.0,-78.0,0.682306,12.874,380.08,LiCl,10.0,0.95,0.9,0.05,0.95,12.0,60.0,aitken-gpu-fixed-round,annual,1.966572,0.23857,366,simple,,,,,,ode,hydrate,base
39.0,-9.0,0.749826,17.5358,386.06,LiCl,7.75,0.95,0.9,0.05,0.95,12.0,60.0,aitken-gpu-fixed-round,annual,2.377434,0.300166,366,simple,,,,,,ode,hydrate,base
39.0,-6.0,0.650121,17.9944,395.32,LiCl,5.5,0.95,0.9,0.05,0.95,12.0,60.0,aitken-gpu-fixed-round,annual,2.196289,0.276044,366,simple,,,,,,ode,hydrate,base
39.0,-3.0,0.562475,16.2814,409.35,LiCl,7.75,0.95,0.9,0.05,0.95,12.0,60.0,aitken-gpu-fixed-round,annual,1.854689,0.232361,366,simple,,,,,,ode,hydrate,base
39.0,21.0,0.725171,18.4804,372.93,LiCl,7.75,0.95,0.9,0.05,0.95,12.0,60.0,aitken-gpu-fixed-round,annual,2.49209,0.315862,366,simple,,,,,,ode,hydrate,base
39.0,141.0,0.778482,12.6809,302.94,LiCl,5.5,0.95,0.9,0.05,0.95,12.0,40.0,aitken-gpu-fixed-round,annual,1.7624,0.271095,366,simple,,,,,,ode,hydrate,base
42.0,-123.0,0.589568,8.4956,403.48,LiCl,10.0,0.95,0.9,0.05,0.95,12.0,60.0,aitken-gpu-fixed-round,annual,1.398303,0.165438,366,simple,,,,,,ode,hydrate,base
42.0,-120.0,0.511952,8.529,430.05,LiCl,10.0,0.95,0.9,0.05,0.95,12.0,60.0,aitken-gpu-fixed-round,annual,1.186281,0.146572,366,simple,,,,,,ode,hydrate,base
42.0,-117.0,0.485171,9.3395,424.26,LiCl,10.0,0.95,0.9,0.05,0.95,12.0,60.0,aitken-gpu-fixed-round,annual,1.196574,0.151439,366,simple,,,,,,ode,hydrate,base
42.0,-114.0,0.502329,9.4227,422.77,LiCl,7.75,0.95,0.9,0.05,0.95,12.0,60.0,aitken-gpu-fixed-round,annual,1.380735,0.16698,366,simple,,,,,,ode,hydrate,base
42.0,63.0,0.432592,16.061,364.15,LiCl,5.5,0.95,0.9,0.05,0.95,12.0,60.0,aitken-gpu-fixed-round,annual,1.223539,0.171029,366,simple,,,,,,ode,hydrate,base
42.0,66.0,0.477435,15.6586,361.3,LiCl,7.75,0.95,0.9,0.05,0.95,12.0,60.0,aitken-gpu-fixed-round,annual,1.259918,0.178636,366,simple,,,,,,ode,hydrate,base
42.0,69.0,0.557191,14.2708,355.39,LiCl,5.5,0.95,0.9,0.05,0.95,12.0,60.0,aitken-gpu-fixed-round,annual,1.58987,0.210221,366,simple,,,,,,ode,hydrate,base
42.0,72.0,0.726644,-3.6377,403.27,LiCl,7.75,0.95,0.9,0.05,0.95,5.275,60.0,aitken-gpu-fixed-round,annual,1.241271,0.139897,366,simple,,,,,,ode,hydrate,base
42.0,75.0,0.603916,3.3619,389.81,LiCl,7.75,0.95,0.9,0.05,0.95,12.0,60.0,aitken-gpu-fixed-round,annual,1.453768,0.172062,366,simple,,,,,,ode,hydrate,base
45.0,-87.0,0.788648,7.873,347.93,LiCl,7.75,0.95,0.9,0.05,0.95,7.55,60.0,aitken-gpu-fixed-round,annual,1.733236,0.218634,366,simple,,,,,,ode,hydrate,base
45.0,-84.0,0.709727,9.2474,329.6,LiCl,7.75,0.95,0.9,0.05,0.95,12.0,60.0,aitken-gpu-fixed-round,annual,1.685512,0.21907,366,simple,,,,,,ode,hydrate,base
45.0,-81.0,0.767155,9.1247,316.24,LiCl,7.75,0.95,0.9,0.05,0.95,12.0,60.0,aitken-gpu-fixed-round,annual,1.649783,0.218987,366,simple,,,,,,ode,hydrate,base
45.0,-78.0,0.754382,7.0429,317.65,LiCl,7.75,0.95,0.9,0.05,0.95,12.0,60.0,aitken-gpu-fixed-round,annual,1.619463,0.214783,366,simple,,,,,,ode,hydrate,base
45.0,-75.0,0.766521,8.6338,318.34,LiCl,7.75,0.95,0.9,0.05,0.95,12.0,60.0,aitken-gpu-fixed-round,annual,1.711229,0.230189,366,simple,,,,,,ode,hydrate,base
45.0,99.0,0.393209,3.9956,385.1,LiCl,7.75,0.95,0.9,0.05,0.95,12.0,60.0,aitken-gpu-fixed-round,annual,0.988825,0.119785,366,simple,,,,,,ode,hydrate,base
45.0,102.0,0.457372,5.5208,367.62,LiCl,7.75,0.95,0.9,0.05,0.95,12.0,60.0,aitken-gpu-fixed-round,annual,1.141259,0.142374,366,simple,,,,,,ode,hydrate,base
45.0,105.0,0.481738,5.2416,357.77,LiCl,7.75,0.95,0.9,0.05,0.95,12.0,60.0,aitken-gpu-fixed-round,annual,1.127317,0.145696,366,simple,,,,,,ode,hydrate,base
45.0,108.0,0.5084,5.39,358.33,LiCl,5.5,0.95,0.9,0.05,0.95,12.0,60.0,aitken-gpu-fixed-round,annual,1.179575,0.155906,366,simple,,,,,,ode,hydrate,base
45.0,111.0,0.521817,5.3255,359.18,LiCl,7.75,0.95,0.9,0.05,0.95,12.0,60.0,aitken-gpu-fixed-round,annual,1.194158,0.155825,366,simple,,,,,,ode,hydrate,base
48.0,3.0,0.817912,12.0319,244.18,LiCl,5.5,0.95,0.9,0.05,0.95,12.0,50.0,aitken-gpu-fixed-round,annual,1.408396,0.245013,366,simple,,,,,,ode,hydrate,base
48.0,6.0,0.817715,11.135,237.87,LiCl,5.5,0.95,0.9,0.05,0.95,12.0,50.0,aitken-gpu-fixed-round,annual,1.365921,0.23916,366,simple,,,,,,ode,hydrate,base
48.0,9.0,0.817278,9.3157,256.13,LiCl,5.5,0.95,0.9,0.05,0.95,12.0,50.0,aitken-gpu-fixed-round,annual,1.380808,0.236401,366,simple,,,,,,ode,hydrate,base
48.0,12.0,0.808006,10.7985,256.9,LiCl,5.5,0.95,0.9,0.05,0.95,12.0,50.0,aitken-gpu-fixed-round,annual,1.474271,0.242282,366,simple,,,,,,ode,hydrate,base
48.0,15.0,0.74753,11.8946,264.68,LiCl,7.75,0.95,0.9,0.05,0.95,12.0,60.0,aitken-gpu-fixed-round,annual,1.440615,0.223203,366,simple,,,,,,ode,hydrate,base
48.0,111.0,0.592188,1.0891,331.78,LiCl,7.75,0.95,0.9,0.05,0.95,12.0,60.0,aitken-gpu-fixed-round,annual,1.157166,0.15215,366,simple,,,,,,ode,hydrate,base
48.0,114.0,0.587514,3.0012,330.51,LiCl,7.75,0.95,0.9,0.05,0.95,12.0,60.0,aitken-gpu-fixed-round,annual,1.238421,0.164627,366,simple,,,,,,ode,hydrate,base
48.0,117.0,0.576638,3.6931,330.94,LiCl,7.75,0.95,0.9,0.05,0.95,12.0,60.0,aitken-gpu-fixed-round,annual,1.222548,0.161863,366,simple,,,,,,ode,hydrate,base
48.0,120.0,0.671385,0.6868,319.74,LiCl,7.75,0.95,0.9,0.05,0.95,12.0,60.0,aitken-gpu-fixed-round,annual,1.231683,0.163317,366,simple,,,,,,ode,hydrate,base
48.0,123.0,0.601133,4.5094,319.03,LiCl,7.75,0.95,0.9,0.05,0.95,12.0,60.0,aitken-gpu-fixed-round,annual,1.329455,0.178637,366,simple,,,,,,ode,hydrate,base
51.0,3.0,0.831941,11.4247,226.01,LiCl,5.5,0.95,0.9,0.05,0.95,12.0,50.0,aitken-gpu-fixed-round,annual,1.28901,0.231137,366,simple,,,,,,ode,hydrate,base
51.0,6.0,0.810527,11.4575,229.64,LiCl,5.5,0.95,0.9,0.05,0.95,12.0,50.0,aitken-gpu-fixed-round,annual,1.294802,0.22877,366,simple,,,,,,ode,hydrate,base
51.0,9.0,0.819937,9.7809,223.99,LiCl,10.0,0.95,0.9,0.05,0.95,12.0,50.0,aitken-gpu-fixed-round,annual,1.230623,0.219474,366,simple,,,,,,ode,hydrate,base
51.0,12.0,0.759938,11.5927,242.6,LiCl,5.5,0.95,0.9,0.05,0.95,12.0,60.0,aitken-gpu-fixed-round,annual,1.361446,0.231097,366,simple,,,,,,ode,hydrate,base
51.0,15.0,0.75072,10.9964,240.53,LiCl,5.5,0.95,0.9,0.05,0.95,12.0,60.0,aitken-gpu-fixed-round,annual,1.282379,0.214269,366,simple,,,,,,ode,hydrate,base
51.0,111.0,0.677051,-0.2094,291.92,LiCl,7.75,0.95,0.9,0.05,0.95,12.0,60.0,aitken-gpu-fixed-round,annual,1.155537,0.162853,366,simple,,,,,,ode,hydrate,base
51.0,114.0,0.582307,1.5287,305.85,LiCl,7.75,0.95,0.9,0.05,0.95,12.0,60.0,aitken-gpu-fixed-round,annual,1.115352,0.153262,366,simple,,,,,,ode,hydrate,base
51.0,117.0,0.638603,-0.4367,309.75,LiCl,7.75,0.95,0.9,0.05,0.95,12.0,60.0,aitken-gpu-fixed-round,annual,1.103915,0.147594,366,simple,,,,,,ode,hydrate,base
51.0,120.0,0.676165,-0.8893,300.62,LiCl,7.75,0.95,0.9,0.05,0.95,12.0,60.0,aitken-gpu-fixed-round,annual,1.165874,0.158295,366,simple,,,,,,ode,hydrate,base
51.0,123.0,0.672438,-0.8682,299.77,LiCl,7.75,0.95,0.9,0.05,0.95,12.0,60.0,aitken-gpu-fixed-round,annual,1.16226,0.157701,366,simple,,,,,,ode,hydrate,base
54.0,12.0,0.813906,10.6858,218.53,LiCl,5.5,0.95,0.9,0.05,0.95,12.0,50.0,aitken-gpu-fixed-round,annual,1.237811,0.217925,366,simple,,,,,,ode,hydrate,base
54.0,15.0,0.809762,10.6381,217.47,LiCl,10.0,0.95,0.9,0.05,0.95,12.0,60.0,aitken-gpu-fixed-round,annual,1.261854,0.225268,366,simple,,,,,,ode,hydrate,base
54.0,18.0,0.786205,10.0764,217.07,LiCl,7.75,0.95,0.9,0.05,0.95,12.0,40.0,aitken-gpu-fixed-round,annual,1.219742,0.221645,366,simple,,,,,,ode,hydrate,base
54.0,21.0,0.778032,10.0862,229.18,LiCl,10.0,0.95,0.9,0.05,0.95,12.0,40.0,aitken-gpu-fixed-round,annual,1.232886,0.195189,366,simple,,,,,,ode,hydrate,base
54.0,24.0,0.763337,10.1467,226.99,LiCl,7.75,0.95,0.9,0.05,0.95,12.0,60.0,aitken-gpu-fixed-round,annual,1.238423,0.198509,366,simple,,,,,,ode,hydrate,base
54.0,120.0,0.64774,-2.3564,285.06,LiCl,7.75,0.95,0.9,0.05,0.95,12.0,60.0,aitken-gpu-fixed-round,annual,1.026005,0.140291,366,simple,,,,,,ode,hydrate,base
54.0,123.0,0.65596,-1.4806,273.45,LiCl,7.75,0.95,0.9,0.05,0.95,12.0,60.0,aitken-gpu-fixed-round,annual,1.077391,0.147666,366,simple,,,,,,ode,hydrate,base
54.0,126.0,0.64082,-0.9417,269.38,LiCl,7.75,0.95,0.9,0.05,0.95,12.0,60.0,aitken-gpu-fixed-round,annual,1.022616,0.142512,366,simple,,,,,,ode,hydrate,base
54.0,129.0,0.701498,-2.2876,262.11,LiCl,7.75,0.95,0.9,0.05,0.95,12.0,60.0,aitken-gpu-fixed-round,annual,1.034346,0.147123,366,simple,,,,,,ode,hydrate,base
54.0,132.0,0.709599,-2.5157,247.61,LiCl,7.75,0.95,0.9,0.05,0.95,12.0,60.0,aitken-gpu-fixed-round,annual,0.963278,0.145475,366,simple,,,,,,ode,hydrate,base
57.0,36.0,0.787312,6.6825,212.51,LiCl,5.5,0.95,0.9,0.05,0.95,12.0,60.0,aitken-gpu-fixed-round,annual,1.12767,0.184113,366,simple,,,,,,ode,hydrate,base
57.0,39.0,0.774665,6.2904,215.59,LiCl,5.5,0.95,0.9,0.05,0.95,12.0,60.0,aitken-gpu-fixed-round,annual,1.108343,0.178084,366,simple,,,,,,ode,hydrate,base
57.0,42.0,0.772161,5.8356,216.85,LiCl,5.5,0.95,0.9,0.05,0.95,12.0,60.0,aitken-gpu-fixed-round,annual,1.093897,0.175818,366,simple,,,,,,ode,hydrate,base
57.0,45.0,0.742663,5.7061,221.21,LiCl,5.5,0.95,0.9,0.05,0.95,12.0,60.0,aitken-gpu-fixed-round,annual,1.065473,0.168456,366,simple,,,,,,ode,hydrate,base
57.0,48.0,0.733218,5.3525,227.17,LiCl,5.5,0.95,0.9,0.05,0.95,12.0,60.0,aitken-gpu-fixed-round,annual,1.069069,0.167129,366,simple,,,,,,ode,hydrate,base
57.0,162.0,0.812292,-0.8574,223.0,LiCl,7.75,0.95,0.9,0.05,0.95,12.0,60.0,aitken-gpu-fixed-round,annual,0.851802,0.135052,366,simple,,,,,,ode,hydrate,base
60.0,-162.0,0.826819,0.9859,166.0,LiCl,7.75,0.95,0.9,0.05,0.95,12.0,60.0,aitken-gpu-fixed-round,annual,0.659631,0.136199,366,simple,,,,,,ode,hydrate,base
60.0,-159.0,0.813277,-1.4851,169.1,LiCl,7.75,0.95,0.9,0.05,0.95,12.0,60.0,aitken-gpu-fixed-round,annual,0.641715,0.121848,366,simple,,,,,,ode,hydrate,base
60.0,-156.0,0.78859,1.1026,172.0,LiCl,7.75,0.95,0.9,0.05,0.95,12.0,60.0,aitken-gpu-fixed-round,annual,0.690145,0.132088,366,simple,,,,,,ode,hydrate,base
60.0,48.0,0.780945,3.7254,184.49,LiCl,5.5,0.95,0.9,0.05,0.95,12.0,60.0,aitken-gpu-fixed-round,annual,0.874202,0.149949,366,simple,,,,,,ode,hydrate,base
60.0,51.0,0.768235,3.3394,185.48,LiCl,5.5,0.95,0.9,0.05,0.95,12.0,60.0,aitken-gpu-fixed-round,annual,0.846845,0.147669,366,simple,,,,,,ode,hydrate,base
60.0,54.0,0.769862,2.9812,182.98,LiCl,5.5,0.95,0.9,0.05,0.95,12.0,60.0,aitken-gpu-fixed-round,annual,0.82462,0.144472,366,simple,,,,,,ode,hydrate,base
60.0,57.0,0.768758,2.6919,186.1,LiCl,5.5,0.95,0.9,0.05,0.95,12.0,60.0,aitken-gpu-fixed-round,annual,0.819477,0.143309,366,simple,,,,,,ode,hydrate,base
60.0,162.0,0.848758,-3.5088,199.92,LiCl,7.75,0.95,0.9,0.05,0.95,12.0,60.0,aitken-gpu-fixed-round,annual,0.73665,0.121331,366,simple,,,,,,ode,hydrate,base
60.0,165.0,0.805466,-2.417,199.64,LiCl,7.75,0.95,0.9,0.05,0.95,12.0,60.0,aitken-gpu-fixed-round,annual,0.727322,0.120244,366,simple,,,,,,ode,hydrate,base
63.0,-162.0,0.832922,-2.218,152.81,LiCl,5.5,0.95,0.9,0.05,0.95,12.0,50.0,aitken-gpu-fixed-round,annual,0.547984,0.114365,366,simple,,,,,,ode,hydrate,base
63.0,-159.0,0.771518,-0.7961,160.58,LiCl,7.75,0.95,0.9,0.05,0.95,12.0,60.0,aitken-gpu-fixed-round,annual,0.618798,0.116417,366,simple,,,,,,ode,hydrate,base
66.0,18.0,0.829594,1.0681,142.37,LiCl,7.75,0.95,0.9,0.05,0.95,12.0,60.0,aitken-gpu-fixed-round,annual,0.595953,0.11276,366,simple,,,,,,ode,hydrate,base
66.0,21.0,0.79561,2.2839,145.87,LiCl,7.75,0.95,0.9,0.05,0.95,12.0,60.0,aitken-gpu-fixed-round,annual,0.641219,0.116457,366,simple,,,,,,ode,hydrate,base
66.0,24.0,0.834641,3.0067,150.69,LiCl,7.75,0.95,0.9,0.05,0.95,12.0,60.0,aitken-gpu-fixed-round,annual,0.70918,0.120904,366,simple,,,,,,ode,hydrate,base
66.0,27.0,0.838793,2.2294,132.56,LiCl,10.0,0.95,0.9,0.05,0.95,12.0,60.0,aitken-gpu-fixed-round,annual,0.626727,0.109974,366,simple,,,,,,ode,hydrate,base
-54.0,-72.0,0.896395,4.6081,170.13,LiCl,5.5,0.95,0.9,0.05,0.95,12.0,40.0,aitken-gpu-fixed-round,annual,0.782533,0.189868,366,simple,,,,,,ode,drh,drh
-54.0,-69.0,0.777261,5.8082,228.91,LiCl,7.75,0.95,0.9,0.05,0.95,12.0,60.0,aitken-gpu-fixed-round,annual,0.986486,0.181848,366,simple,,,,,,ode,drh,drh
-51.0,-75.0,0.877541,4.3905,152.53,LiCl,10.0,0.95,0.9,0.05,0.95,9.825,30.0,aitken-gpu-fixed-round,annual,0.680615,0.162602,366,simple,,,,,,ode,drh,drh
-51.0,-72.0,0.750157,4.9094,285.8,LiCl,7.75,0.95,0.9,0.05,0.95,12.0,60.0,aitken-gpu-fixed-round,annual,1.187986,0.189823,366,simple,,,,,,ode,drh,drh
-48.0,-75.0,0.873332,4.5918,185.1,LiCl,5.5,0.95,0.9,0.05,0.95,12.0,40.0,aitken-gpu-fixed-round,annual,0.869198,0.190276,366,simple,,,,,,ode,drh,drh
-33.0,-60.0,0.71566,18.7644,407.26,LiCl,7.75,0.95,0.9,0.05,0.95,12.0,60.0,aitken-gpu-fixed-round,annual,2.578272,0.308898,366,simple,,,,,,ode,drh,drh
-33.0,-57.0,0.767087,18.0952,383.77,LiCl,7.75,0.95,0.9,0.05,0.95,12.0,60.0,aitken-gpu-fixed-round,annual,2.481399,0.309288,366,simple,,,,,,ode,drh,drh
-33.0,-54.0,0.797183,17.6645,369.51,LiCl,7.75,0.95,0.9,0.05,0.95,12.0,50.0,aitken-gpu-fixed-round,annual,2.420651,0.313241,366,simple,,,,,,ode,drh,drh
-33.0,21.0,0.548378,19.5423,477.23,LiCl,10.0,0.95,0.9,0.05,0.95,12.0,60.0,aitken-gpu-fixed-round,annual,2.596194,0.272067,366,simple,,,,,,ode,drh,drh
-33.0,24.0,0.556394,21.4462,461.97,LiCl,10.0,0.95,0.9,0.05,0.95,12.0,60.0,aitken-gpu-fixed-round,annual,2.71461,0.291762,366,simple,,,,,,ode,drh,drh
-33.0,27.0,0.667701,20.5481,410.38,LiCl,7.75,0.95,0.9,0.05,0.95,12.0,60.0,aitken-gpu-fixed-round,annual,2.672399,0.320441,366,simple,,,,,,ode,drh,drh
-30.0,144.0,0.472725,22.0822,471.22,LiCl,10.0,0.95,0.9,0.05,0.95,12.0,60.0,aitken-gpu-fixed-round,annual,2.026438,0.232087,366,simple,,,,,,ode,drh,drh
-30.0,147.0,0.527482,21.752,469.82,LiCl,10.0,0.95,0.9,0.05,0.95,12.0,60.0,aitken-gpu-fixed-round,annual,2.325654,0.260582,366,simple,,,,,,ode,drh,drh
-30.0,150.0,0.628566,19.1124,448.81,LiCl,10.0,0.95,0.9,0.05,0.95,12.0,60.0,aitken-gpu-fixed-round,annual,2.56614,0.285347,366,simple,,,,,,ode,drh,drh
-30.0,153.0,0.788959,19.3233,397.89,LiCl,5.5,0.95,0.9,0.05,0.95,12.0,40.0,aitken-gpu-fixed-round,annual,2.753785,0.345538,366,simple,,,,,,ode,drh,drh
-27.0,-69.0,0.355265,-2.8483,618.51,LiCl,10.0,0.95,0.9,0.05,0.95,3.0,60.0,aitken-gpu-fixed-round,annual,0.569472,0.048828,366,simple,,,,,,ode,drh,drh
-27.0,-66.0,0.311647,15.9632,560.6,LiCl,10.0,0.95,0.9,0.05,0.95,12.0,60.0,aitken-gpu-fixed-round,annual,1.658223,0.141821,366,simple,,,,,,ode,drh,drh
-24.0,-51.0,0.737361,22.5114,442.36,LiCl,7.75,0.95,0.9,0.05,0.95,12.0,60.0,aitken-gpu-fixed-round,annual,3.031958,0.346543,366,simple,,,,,,ode,drh,drh
-24.0,-48.0,0.825863,24.4571,414.39,LiCl,5.5,0.95,0.9,0.05,0.95,12.0,30.0,aitken-gpu-fixed-round,annual,3.194218,0.391043,366,simple,,,,,,ode,drh,drh
-24.0,15.0,0.487018,20.3407,559.64,LiCl,10.0,0.95,0.9,0.05,0.95,12.0,60.0,aitken-gpu-fixed-round,annual,2.85583,0.258563,366,simple,,,,,,ode,drh,drh
-24.0,18.0,0.250756,23.3275,549.12,LiCl,10.0,0.95,0.9,0.05,0.95,12.0,60.0,aitken-gpu-fixed-round,annual,1.327077,0.131123,366,simple,,,,,,ode,drh,drh
-24.0,21.0,0.301924,23.8665,542.72,LiCl,10.0,0.95,0.9,0.05,0.95,12.0,60.0,aitken-gpu-fixed-round,annual,1.724582,0.168198,366,simple,,,,,,ode,drh,drh
-24.0,24.0,0.355074,22.681,527.18,LiCl,10.0,0.95,0.9,0.05,0.95,12.0,60.0,aitken-gpu-fixed-round,annual,1.951808,0.193908,366,simple,,,,,,ode,drh,drh
-21.0,24.0,0.344894,24.8204,540.15,LiCl,10.0,0.95,0.9,0.05,0.95,12.0,60.0,aitken-gpu-fixed-round,annual,2.065815,0.200176,366,simple,,,,,,ode,drh,drh
-21.0,27.0,0.430806,22.8101,527.39,LiCl,10.0,0.95,0.9,0.05,0.95,12.0,60.0,aitken-gpu-fixed-round,annual,2.420681,0.239471,366,simple,,,,,,ode,drh,drh
-21.0,30.0,0.560793,23.6989,487.09,LiCl,10.0,0.95,0.9,0.05,0.95,12.0,60.0,aitken-gpu-fixed-round,annual,2.909189,0.305053,366,simple,,,,,,ode,drh,drh
-21.0,33.0,0.620556,26.1568,484.12,LiCl,7.75,0.95,0.9,0.05,0.95,12.0,60.0,aitken-gpu-fixed-round,annual,3.425063,0.360871,366,simple,,,,,,ode,drh,drh
-21.0,45.0,0.567964,26.1798,507.44,LiCl,7.75,0.95,0.9,0.05,0.95,12.0,60.0,aitken-gpu-fixed-round,annual,3.365304,0.342231,366,simple,,,,,,ode,drh,drh
-21.0,48.0,0.851081,23.2792,406.82,LiCl,10.0,0.95,0.9,0.05,0.95,12.0,30.0,aitken-gpu-fixed-round,annual,3.177201,0.395278,366,simple,,,,,,ode,drh,drh
-18.0,36.0,0.695035,26.4495,479.6,LiCl,5.5,0.95,0.9,0.05,0.95,12.0,50.0,aitken-gpu-fixed-round,annual,3.65138,0.393452,366,simple,,,,,,ode,drh,drh
-18.0,45.0,0.66744,24.1176,507.58,LiCl,5.5,0.95,0.9,0.05,0.95,12.0,60.0,aitken-gpu-fixed-round,annual,3.617503,0.369176,366,simple,,,,,,ode,drh,drh
-18.0,48.0,0.777099,20.2345,450.44,LiCl,5.5,0.95,0.9,0.05,0.95,12.0,40.0,aitken-gpu-fixed-round,annual,3.236118,0.371425,366,simple,,,,,,ode,drh,drh
-18.0,123.0,0.497086,29.0999,507.08,LiCl,7.75,0.95,0.9,0.05,0.95,12.0,60.0,aitken-gpu-fixed-round,annual,3.198166,0.323619,366,simple,,,,,,ode,drh,drh
-18.0,126.0,0.454783,28.9953,510.63,LiCl,10.0,0.95,0.9,0.05,0.95,12.0,60.0,aitken-gpu-fixed-round,annual,2.909724,0.293152,366,simple,,,,,,ode,drh,drh
-18.0,129.0,0.479494,26.3688,509.48,LiCl,10.0,0.95,0.9,0.05,0.95,12.0,60.0,aitken-gpu-fixed-round,annual,2.851789,0.290249,366,simple,,,,,,ode,drh,drh
-15.0,132.0,0.585653,26.8891,503.13,LiCl,7.75,0.95,0.9,0.05,0.95,12.0,60.0,aitken-gpu-fixed-round,annual,3.248339,0.338771,366,simple,,,,,,ode,drh,drh
-15.0,135.0,0.665417,26.3657,495.54,LiCl,5.5,0.95,0.9,0.05,0.95,12.0,60.0,aitken-gpu-fixed-round,annual,3.664633,0.384685,366,simple,,,,,,ode,drh,drh
-15.0,144.0,0.696933,25.4016,461.18,LiCl,5.5,0.95,0.9,0.05,0.95,12.0,50.0,aitken-gpu-fixed-round,annual,3.34061,0.37622,366,simple,,,,,,ode,drh,drh
-12.0,-75.0,0.781305,2.5133,471.22,LiCl,10.0,0.95,0.9,0.05,0.95,3.0,60.0,aitken-gpu-fixed-round,annual,1.85989,0.204024,366,simple,,,,,,ode,drh,drh
-12.0,-72.0,0.76831,5.8309,441.16,LiCl,7.75,0.95,0.9,0.05,0.95,5.275,60.0,aitken-gpu-fixed-round,annual,1.996411,0.232276,366,simple,,,,,,ode,drh,drh
-12.0,-69.0,0.804721,25.607,435.57,LiCl,5.5,0.95,0.9,0.05,0.95,12.0,30.0,aitken-gpu-fixed-round,annual,3.386893,0.403445,366,simple,,,,,,ode,drh,drh
-12.0,-66.0,0.76084,26.509,441.79,LiCl,5.5,0.95,0.9,0.05,0.95,12.0,40.0,aitken-gpu-fixed-round,annual,3.361641,0.395693,366,simple,,,,,,ode,drh,drh
-9.0,-45.0,0.587687,27.2432,512.02,LiCl,10.0,0.95,0.9,0.05,0.95,12.0,60.0,aitken-gpu-fixed-round,annual,3.274954,0.335442,366,simple,,,,,,ode,drh,drh
-9.0,-42.0,0.551288,25.6692,517.65,LiCl,10.0,0.95,0.9,0.05,0.95,12.0,60.0,aitken-gpu-fixed-round,annual,3.13434,0.316446,366,simple,,,,,,ode,drh,drh
-9.0,-39.0,0.61788,25.5284,504.17,LiCl,7.75,0.95,0.9,0.05,0.95,12.0,60.0,aitken-gpu-fixed-round,annual,3.448144,0.35573,366,simple,,,,,,ode,drh,drh
-9.0,-36.0,0.808868,26.0268,455.49,LiCl,5.5,0.95,0.9,0.05,0.95,12.0,30.0,aitken-gpu-fixed-round,annual,3.642199,0.413389,366,simple,,,,,,ode,drh,drh
-9.0,15.0,0.772835,21.1443,464.22,LiCl,5.5,0.95,0.9,0.05,0.95,12.0,40.0,aitken-gpu-fixed-round,annual,3.375958,0.380943,366,simple,,,,,,ode,drh,drh
-9.0,18.0,0.651838,21.4473,475.57,LiCl,7.75,0.95,0.9,0.05,0.95,12.0,60.0,aitken-gpu-fixed-round,annual,2.975616,0.327496,366,simple,,,,,,ode,drh,drh
-9.0,21.0,0.622234,23.6659,484.34,LiCl,7.75,0.95,0.9,0.05,0.95,12.0,60.0,aitken-gpu-fixed-round,annual,2.997347,0.325445,366,simple,,,,,,ode,drh,drh
-6.0,24.0,0.664033,25.5228,455.47,LiCl,5.5,0.95,0.9,0.05,0.95,12.0,60.0,aitken-gpu-fixed-round,annual,3.170236,0.364463,366,simple,,,,,,ode,drh,drh
-6.0,27.0,0.606107,26.9446,469.28,LiCl,7.75,0.95,0.9,0.05,0.95,12.0,60.0,aitken-gpu-fixed-round,annual,3.116974,0.346356,366,simple,,,,,,ode,drh,drh
-6.0,30.0,0.734432,24.1006,473.18,LiCl,5.5,0.95,0.9,0.05,0.95,12.0,50.0,aitken-gpu-fixed-round,annual,3.392693,0.37568,366,simple,,,,,,ode,drh,drh
-6.0,33.0,0.600534,23.4148,511.83,LiCl,7.75,0.95,0.9,0.05,0.95,12.0,60.0,aitken-gpu-fixed-round,annual,3.105335,0.320275,366,simple,,,,,,ode,drh,drh
-6.0,36.0,0.620969,25.1045,521.36,LiCl,7.75,0.95,0.9,0.05,0.95,12.0,60.0,aitken-gpu-fixed-round,annual,3.60786,0.361103,366,simple,,,,,,ode,drh,drh
-6.0,141.0,0.882707,26.1427,394.54,LiCl,3.25,0.95,0.9,0.05,0.95,12.0,30.0,aitken-gpu-fixed-round,annual,3.28219,0.432457,366,simple,,,,,,ode,drh,drh
-6.0,144.0,0.912162,29.5046,422.67,LiCl,3.25,0.95,0.9,0.05,0.95,12.0,30.0,aitken-gpu-fixed-round,annual,3.605946,0.447084,366,simple,,,,,,ode,drh,drh
-3.0,120.0,0.89418,27.4562,447.79,LiCl,3.25,0.95,0.9,0.05,0.95,12.0,30.0,aitken-gpu-fixed-round,annual,3.823012,0.446556,366,simple,,,,,,ode,drh,drh
-3.0,129.0,0.916081,26.5269,393.79,LiCl,3.25,0.95,0.9,0.05,0.95,12.0,30.0,aitken-gpu-fixed-round,annual,3.299414,0.435917,366,simple,,,,,,ode,drh,drh
-3.0,138.0,0.878389,8.5494,423.93,LiCl,5.5,0.95,0.9,0.05,0.95,5.275,60.0,aitken-gpu-fixed-round,annual,2.433209,0.296958,366,simple,,,,,,ode,drh,drh
-3.0,141.0,0.894852,25.6296,399.88,LiCl,3.25,0.95,0.9,0.05,0.95,12.0,30.0,aitken-gpu-fixed-round,annual,3.245182,0.421693,366,simple,,,,,,ode,drh,drh
0.0,-78.0,0.878217,0.6558,418.5,LiCl,7.75,0.95,0.9,0.05,0.95,3.0,60.0,aitken-gpu-fixed-round,annual,1.730902,0.208394,366,simple,,,,,,ode,drh,drh
0.0,-75.0,0.869006,25.6896,426.15,LiCl,5.5,0.95,0.9,0.05,0.95,12.0,30.0,aitken-gpu-fixed-round,annual,3.452394,0.420022,366,simple,,,,,,ode,drh,drh
3.0,-57.0,0.750686,26.655,485.22,LiCl,5.5,0.95,0.9,0.05,0.95,12.0,40.0,aitken-gpu-fixed-round,annual,3.720902,0.400384,366,simple,,,,,,ode,drh,drh
3.0,-54.0,0.787226,26.2912,470.65,LiCl,5.5,0.95,0.9,0.05,0.95,12.0,30.0,aitken-gpu-fixed-round,annual,3.726457,0.414802,366,simple,,,,,,ode,drh,drh
3.0,-51.0,0.810743,26.9796,467.27,LiCl,5.5,0.95,0.9,0.05,0.95,12.0,40.0,aitken-gpu-fixed-round,annual,3.61393,0.403179,366,simple,,,,,,ode,drh,drh
3.0,12.0,0.802881,23.9142,424.26,LiCl,5.5,0.95,0.9,0.05,0.95,12.0,30.0,aitken-gpu-fixed-round,annual,3.267642,0.40269,366,simple,,,,,,ode,drh,drh
3.0,15.0,0.787852,24.8408,453.09,LiCl,5.5,0.95,0.9,0.05,0.95,12.0,30.0,aitken-gpu-fixed-round,annual,3.506343,0.403243,366,simple,,,,,,ode,drh,drh
3.0,18.0,0.825457,25.4383,448.12,LiCl,5.5,0.95,0.9,0.05,0.95,12.0,30.0,aitken-gpu-fixed-round,annual,3.604545,0.418548,366,simple,,,,,,ode,drh,drh
3.0,21.0,0.725913,26.241,459.11,LiCl,5.5,0.95,0.9,0.05,0.95,12.0,50.0,aitken-gpu-fixed-round,annual,3.417525,0.389184,366,simple,,,,,,ode,drh,drh
6.0,27.0,0.525162,27.4776,481.99,LiCl,10.0,0.95,0.9,0.05,0.95,12.0,60.0,aitken-gpu-fixed-round,annual,2.735068,0.299324,366,simple,,,,,,ode,drh,drh
6.0,30.0,0.51313,28.7841,477.86,LiCl,10.0,0.95,0.9,0.05,0.95,12.0,60.0,aitken-gpu-fixed-round,annual,2.808228,0.308493,366,simple,,,,,,ode,drh,drh
6.0,33.0,0.486697,30.2298,478.32,LiCl,10.0,0.95,0.9,0.05,0.95,12.0,60.0,aitken-gpu-fixed-round,annual,2.861158,0.313179,366,simple,,,,,,ode,drh,drh
6.0,36.0,0.586464,28.2055,488.4,LiCl,7.75,0.95,0.9,0.05,0.95,12.0,60.0,aitken-gpu-fixed-round,annual,3.321445,0.356101,366,simple,,,,,,ode,drh,drh
6.0,39.0,0.710878,20.806,502.31,LiCl,7.75,0.95,0.9,0.05,0.95,12.0,60.0,aitken-gpu-fixed-round,annual,3.327053,0.349085,366,simple,,,,,,ode,drh,drh
6.0,42.0,0.557394,22.5704,518.11,LiCl,10.0,0.95,0.9,0.05,0.95,12.0,60.0,aitken-gpu-fixed-round,annual,2.910458,0.296118,366,simple,,,,,,ode,drh,drh
6.0,45.0,0.521933,27.7505,527.93,LiCl,7.75,0.95,0.9,0.05,0.95,12.0,60.0,aitken-gpu-fixed-round,annual,3.346452,0.331139,366,simple,,,,,,ode,drh,drh
9.0,48.0,0.501517,27.2576,535.48,LiCl,7.75,0.95,0.9,0.05,0.95,12.0,60.0,aitken-gpu-fixed-round,annual,3.284892,0.318135,366,simple,,,,,,ode,drh,drh
9.0,78.0,0.69584,28.8757,467.43,LiCl,5.5,0.95,0.9,0.05,0.95,12.0,50.0,aitken-gpu-fixed-round,annual,3.564297,0.396371,366,simple,,,,,,ode,drh,drh
9.0,81.0,0.762592,28.2447,469.05,LiCl,5.5,0.95,0.9,0.05,0.95,12.0,40.0,aitken-gpu-fixed-round,annual,3.693535,0.406853,366,simple,,,,,,ode,drh,drh
9.0,99.0,0.794745,27.7102,447.39,LiCl,5.5,0.95,0.9,0.05,0.95,12.0,30.0,aitken-gpu-fixed-round,annual,3.630822,0.420619,366,simple,,,,,,ode,drh,drh
9.0,105.0,0.79756,27.8995,442.57,LiCl,5.5,0.95,0.9,0.05,0.95,12.0,30.0,aitken-gpu-fixed-round,annual,3.553604,0.415792,366,simple,,,,,,ode,drh,drh
9.0,126.0,0.850927,26.0709,420.68,LiCl,5.5,0.95,0.9,0.05,0.95,12.0,30.0,aitken-gpu-fixed-round,annual,3.366057,0.40972,366,simple,,,,,,ode,drh,drh
12.0,-84.0,0.872598,25.8919,411.62,LiCl,3.25,0.95,0.9,0.05,0.95,12.0,30.0,aitken-gpu-fixed-round,annual,3.33668,0.420101,366,simple,,,,,,ode,drh,drh
15.0,-15.0,0.416408,29.2732,489.99,LiCl,10.0,0.95,0.9,0.05,0.95,12.0,60.0,aitken-gpu-fixed-round,annual,2.191312,0.241011,366,simple,,,,,,ode,drh,drh
15.0,-12.0,0.379074,30.1421,488.92,LiCl,10.0,0.95,0.9,0.05,0.95,12.0,60.0,aitken-gpu-fixed-round,annual,1.766069,0.20125,366,simple,,,,,,ode,drh,drh
15.0,-9.0,0.358883,29.2678,502.09,LiCl,10.0,0.95,0.9,0.05,0.95,12.0,60.0,aitken-gpu-fixed-round,annual,1.689812,0.186963,366,simple,,,,,,ode,drh,drh
15.0,-6.0,0.329956,29.7293,504.81,LiCl,10.0,0.95,0.9,0.05,0.95,12.0,60.0,aitken-gpu-fixed-round,annual,1.649583,0.178301,366,simple,,,,,,ode,drh,drh
15.0,-3.0,0.320218,29.5441,506.24,LiCl,10.0,0.95,0.9,0.05,0.95,12.0,60.0,aitken-gpu-fixed-round,annual,1.657306,0.177741,366,simple,,,,,,ode,drh,drh
15.0,0.0,0.32404,29.9905,503.72,LiCl,10.0,0.95,0.9,0.05,0.95,12.0,60.0,aitken-gpu-fixed-round,annual,1.653245,0.176653,366,simple,,,,,,ode,drh,drh
15.0,3.0,0.329958,29.1058,508.11,LiCl,10.0,0.95,0.9,0.05,0.95,12.0,60.0,aitken-gpu-fixed-round,annual,1.736838,0.182464,366,simple,,,,,,ode,drh,drh
18.0,-6.0,0.260671,28.0453,521.95,LiCl,10.0,0.95,0.9,0.05,0.95,12.0,60.0,aitken-gpu-fixed-round,annual,1.433776,0.146836,366,simple,,,,,,ode,drh,drh
18.0,-3.0,0.241264,29.1671,509.83,LiCl,10.0,0.95,0.9,0.05,0.95,12.0,60.0,aitken-gpu-fixed-round,annual,1.263032,0.132502,366,simple,,,,,,ode,drh,drh
18.0,0.0,0.228384,30.1249,503.16,LiCl,10.0,0.95,0.9,0.05,0.95,12.0,60.0,aitken-gpu-fixed-round,annual,1.176465,0.124831,366,simple,,,,,,ode,drh,drh
18.0,3.0,0.235773,29.1197,516.42,LiCl,10.0,0.95,0.9,0.05,0.95,12.0,60.0,aitken-gpu-fixed-round,annual,1.233161,0.127623,366,simple,,,,,,ode,drh,drh
18.0,6.0,0.225694,29.7725,513.12,LiCl,10.0,0.95,0.9,0.05,0.95,12.0,60.0,aitken-gpu-fixed-round,annual,1.199659,0.123347,366,simple,,,,,,ode,drh,drh
18.0,9.0,0.242464,25.4038,531.15,LiCl,10.0,0.95,0.9,0.05,0.95,12.0,60.0,aitken-gpu-fixed-round,annual,1.194444,0.122971,366,simple,,,,,,ode,drh,drh
18.0,12.0,0.255079,26.7146,538.05,LiCl,10.0,0.95,0.9,0.05,0.95,12.0,60.0,aitken-gpu-fixed-round,annual,1.392191,0.139406,366,simple,,,,,,ode,drh,drh
18.0,15.0,0.262086,27.0164,534.1,LiCl,10.0,0.95,0.9,0.05,0.95,12.0,60.0,aitken-gpu-fixed-round,annual,1.383427,0.141008,366,simple,,,,,,ode,drh,drh
21.0,-6.0,0.197664,29.1751,510.17,LiCl,10.0,0.95,0.9,0.05,0.95,12.0,60.0,aitken-gpu-fixed-round,annual,1.013006,0.107516,366,simple,,,,,,ode,drh,drh
21.0,-3.0,0.195001,29.4276,510.54,LiCl,10.0,0.95,0.9,0.05,0.95,12.0,60.0,aitken-gpu-fixed-round,annual,0.978994,0.104262,366,simple,,,,,,ode,drh,drh
21.0,0.0,0.189628,29.527,506.03,LiCl,10.0,0.95,0.9,0.05,0.95,12.0,60.0,aitken-gpu-fixed-round,annual,0.934082,0.099402,366,simple,,,,,,ode,drh,drh
21.0,3.0,0.190966,28.1434,516.2,LiCl,10.0,0.95,0.9,0.05,0.95,12.0,60.0,aitken-gpu-fixed-round,annual,0.930156,0.097416,366,simple,,,,,,ode,drh,drh
21.0,6.0,0.189916,27.9494,523.67,LiCl,10.0,0.95,0.9,0.05,0.95,12.0,60.0,aitken-gpu-fixed-round,annual,0.898701,0.09306,366,simple,,,,,,ode,drh,drh
21.0,9.0,0.213624,26.7153,527.15,LiCl,10.0,0.95,0.9,0.05,0.95,12.0,60.0,aitken-gpu-fixed-round,annual,1.000698,0.104376,366,simple,,,,,,ode,drh,drh
24.0,-9.0,0.247476,27.724,507.18,LiCl,10.0,0.95,0.9,0.05,0.95,12.0,60.0,aitken-gpu-fixed-round,annual,1.290882,0.136511,366,simple,,,,,,ode,drh,drh
24.0,-6.0,0.201922,28.8533,501.57,LiCl,10.0,0.95,0.9,0.05,0.95,12.0,60.0,aitken-gpu-fixed-round,annual,0.940298,0.105392,366,simple,,,,,,ode,drh,drh
24.0,-3.0,0.201769,28.3448,507.98,LiCl,10.0,0.95,0.9,0.05,0.95,12.0,60.0,aitken-gpu-fixed-round,annual,0.961199,0.107441,366,simple,,,,,,ode,drh,drh
24.0,0.0,0.190846,28.7869,507.86,LiCl,10.0,0.95,0.9,0.05,0.95,12.0,60.0,aitken-gpu-fixed-round,annual,0.866343,0.096843,366,simple,,,,,,ode,drh,drh
24.0,3.0,0.180444,28.2984,508.08,LiCl,10.0,0.95,0.9,0.05,0.95,12.0,60.0,aitken-gpu-fixed-round,annual,0.80108,0.088239,366,simple,,,,,,ode,drh,drh
24.0,6.0,0.199773,24.3084,514.12,LiCl,10.0,0.95,0.9,0.05,0.95,12.0,60.0,aitken-gpu-fixed-round,annual,0.890373,0.09631,366,simple,,,,,,ode,drh,drh
24.0,9.0,0.229913,24.1266,519.67,LiCl,10.0,0.95,0.9,0.05,0.95,12.0,60.0,aitken-gpu-fixed-round,annual,1.047657,0.112004,366,simple,,,,,,ode,drh,drh
24.0,111.0,0.783805,19.155,348.63,LiCl,5.5,0.95,0.9,0.05,0.95,12.0,40.0,aitken-gpu-fixed-round,annual,2.348328,0.328138,366,simple,,,,,,ode,drh,drh
24.0,114.0,0.811497,17.1485,350.43,LiCl,5.5,0.95,0.9,0.05,0.95,12.0,40.0,aitken-gpu-fixed-round,annual,2.312086,0.325802,366,simple,,,,,,ode,drh,drh
24.0,117.0,0.806077,22.4341,365.91,LiCl,5.5,0.95,0.9,0.05,0.95,12.0,30.0,aitken-gpu-fixed-round,annual,2.671905,0.365428,366,simple,,,,,,ode,drh,drh
27.0,-114.0,0.697306,18.4737,539.07,LiCl,7.75,0.95,0.9,0.05,0.95,12.0,60.0,aitken-gpu-fixed-round,annual,3.306267,0.318073,366,simple,,,,,,ode,drh,drh
27.0,-108.0,0.3445,26.0952,558.28,LiCl,10.0,0.95,0.9,0.05,0.95,12.0,60.0,aitken-gpu-fixed-round,annual,2.26432,0.206067,366,simple,,,,,,ode,drh,drh
27.0,-105.0,0.332664,21.0155,562.45,LiCl,10.0,0.95,0.9,0.05,0.95,12.0,60.0,aitken-gpu-fixed-round,annual,1.797595,0.172193,366,simple,,,,,,ode,drh,drh
27.0,72.0,0.450937,26.9709,441.47,LiCl,7.75,0.95,0.9,0.05,0.95,12.0,60.0,aitken-gpu-fixed-round,annual,2.167075,0.261309,366,simple,,,,,,ode,drh,drh
27.0,75.0,0.521366,25.4059,431.96,LiCl,7.75,0.95,0.9,0.05,0.95,12.0,60.0,aitken-gpu-fixed-round,annual,2.222087,0.277821,366,simple,,,,,,ode,drh,drh
27.0,78.0,0.629445,25.1448,419.88,LiCl,7.75,0.95,0.9,0.05,0.95,12.0,50.0,aitken-gpu-fixed-round,annual,2.436874,0.311995,366,simple,,,,,,ode,drh,drh
27.0,81.0,0.66212,24.9663,413.23,LiCl,7.75,0.95,0.9,0.05,0.95,12.0,50.0,aitken-gpu-fixed-round,annual,2.544182,0.327977,366,simple,,,,,,ode,drh,drh
27.0,84.0,0.701417,24.727,389.86,LiCl,5.5,0.95,0.9,0.05,0.95,12.0,40.0,aitken-gpu-fixed-round,annual,2.556273,0.344757,366,simple,,,,,,ode,drh,drh
27.0,87.0,0.778847,14.1867,389.47,LiCl,5.5,0.95,0.9,0.05,0.95,12.0,40.0,aitken-gpu-fixed-round,annual,2.278389,0.303439,366,simple,,,,,,ode,drh,drh
30.0,24.0,0.508172,22.5933,513.46,LiCl,10.0,0.95,0.9,0.05,0.95,12.0,60.0,aitken-gpu-fixed-round,annual,2.660554,0.270505,366,simple,,,,,,ode,drh,drh
30.0,27.0,0.456533,24.6361,503.66,LiCl,10.0,0.95,0.9,0.05,0.95,12.0,60.0,aitken-gpu-fixed-round,annual,2.614329,0.267381,366,simple,,,,,,ode,drh,drh
30.0,30.0,0.559425,22.3064,508.74,LiCl,10.0,0.95,0.9,0.05,0.95,12.0,60.0,aitken-gpu-fixed-round,annual,3.024149,0.301702,366,simple,,,,,,ode,drh,drh
30.0,33.0,0.507366,21.0148,522.85,LiCl,10.0,0.95,0.9,0.05,0.95,12.0,60.0,aitken-gpu-fixed-round,annual,2.669966,0.264407,366,simple,,,,,,ode,drh,drh
30.0,36.0,0.408337,20.3024,524.31,LiCl,10.0,0.95,0.9,0.05,0.95,12.0,60.0,aitken-gpu-fixed-round,annual,2.173484,0.218649,366,simple,,,,,,ode,drh,drh
30.0,39.0,0.333181,23.2608,517.05,LiCl,10.0,0.95,0.9,0.05,0.95,12.0,60.0,aitken-gpu-fixed-round,annual,1.499661,0.162265,366,simple,,,,,,ode,drh,drh
33.0,-108.0,0.360049,13.7847,507.97,LiCl,10.0,0.95,0.9,0.05,0.95,12.0,60.0,aitken-gpu-fixed-round,annual,1.312667,0.141298,366,simple,,,,,,ode,drh,drh
33.0,-105.0,0.366946,16.413,510.66,LiCl,10.0,0.95,0.9,0.05,0.95,12.0,60.0,aitken-gpu-fixed-round,annual,1.514163,0.155718,366,simple,,,,,,ode,drh,drh
33.0,-102.0,0.517373,17.76,493.45,LiCl,10.0,0.95,0.9,0.05,0.95,12.0,60.0,aitken-gpu-fixed-round,annual,2.301642,0.23417,366,simple,,,,,,ode,drh,drh
33.0,-99.0,0.614504,19.724,456.35,LiCl,10.0,0.95,0.9,0.05,0.95,12.0,60.0,aitken-gpu-fixed-round,annual,2.735575,0.289512,366,simple,,,,,,ode,drh,drh
33.0,-96.0,0.685277,19.6872,412.02,LiCl,7.75,0.95,0.9,0.05,0.95,12.0,60.0,aitken-gpu-fixed-round,annual,2.655396,0.310982,366,simple,,,,,,ode,drh,drh
33.0,-93.0,0.706235,18.9411,409.38,LiCl,7.75,0.95,0.9,0.05,0.95,12.0,60.0,aitken-gpu-fixed-round,annual,2.612042,0.309866,366,simple,,,,,,ode,drh,drh
33.0,96.0,0.603418,-5.0902,486.11,LiCl,10.0,0.95,0.9,0.05,0.95,5.275,60.0,aitken-gpu-fixed-round,annual,1.045554,0.108983,366,simple,,,,,,ode,drh,drh
33.0,99.0,0.635983,-3.6337,473.48,LiCl,10.0,0.95,0.9,0.05,0.95,5.275,60.0,aitken-gpu-fixed-round,annual,1.14701,0.122922,366,simple,,,,,,ode,drh,drh
33.0,102.0,0.609593,2.3,441.89,LiCl,10.0,0.95,0.9,0.05,0.95,7.55,60.0,aitken-gpu-fixed-round,annual,1.483794,0.165318,366,simple,,,,,,ode,drh,drh
33.0,105.0,0.761144,11.0992,324.19,LiCl,5.5,0.95,0.9,0.05,0.95,12.0,50.0,aitken-gpu-fixed-round,annual,1.878941,0.270367,366,simple,,,,,,ode,drh,drh
33.0,108.0,0.733969,10.3729,310.19,LiCl,5.5,0.95,0.9,0.05,0.95,12.0,60.0,aitken-gpu-fixed-round,annual,1.724143,0.250198,366,simple,,,,,,ode,drh,drh
36.0,66.0,0.494989,13.6113,410.6,LiCl,10.0,0.95,0.9,0.05,0.95,12.0,60.0,aitken-gpu-fixed-round,annual,1.376553,0.172253,366,simple,,,,,,ode,drh,drh
36.0,69.0,0.507765,15.6514,410.11,LiCl,10.0,0.95,0.9,0.05,0.95,12.0,60.0,aitken-gpu-fixed-round,annual,1.55597,0.19644,366,simple,,,,,,ode,drh,drh
36.0,72.0,0.422953,8.9404,467.87,LiCl,10.0,0.95,0.9,0.05,0.95,12.0,60.0,aitken-gpu-fixed-round,annual,1.423685,0.148116,366,simple,,,,,,ode,drh,drh
36.0,75.0,0.7064,-10.7515,507.91,LiCl,10.0,0.95,0.9,0.05,0.95,3.0,60.0,aitken-gpu-fixed-round,annual,0.833243,0.080134,366,simple,,,,,,ode,drh,drh
36.0,78.0,0.444779,-4.6777,541.2,LiCl,10.0,0.95,0.9,0.05,0.95,3.0,60.0,aitken-gpu-fixed-round,annual,0.829455,0.073319,366,simple,,,,,,ode,drh,drh
39.0,-78.0,0.682306,12.874,380.08,LiCl,10.0,0.95,0.9,0.05,0.95,12.0,60.0,aitken-gpu-fixed-round,annual,1.969581,0.239345,366,simple,,,,,,ode,drh,drh
39.0,-9.0,0.749826,17.5358,386.06,LiCl,7.75,0.95,0.9,0.05,0.95,12.0,60.0,aitken-gpu-fixed-round,annual,2.37366,0.300097,366,simple,,,,,,ode,drh,drh
39.0,-6.0,0.650121,17.9944,395.32,LiCl,10.0,0.95,0.9,0.05,0.95,12.0,60.0,aitken-gpu-fixed-round,annual,2.164248,0.269879,366,simple,,,,,,ode,drh,drh
39.0,-3.0,0.562475,16.2814,409.35,LiCl,10.0,0.95,0.9,0.05,0.95,12.0,60.0,aitken-gpu-fixed-round,annual,1.757635,0.224131,366,simple,,,,,,ode,drh,drh
39.0,21.0,0.725171,18.4804,372.93,LiCl,7.75,0.95,0.9,0.05,0.95,12.0,60.0,aitken-gpu-fixed-round,annual,2.49209,0.315862,366,simple,,,,,,ode,drh,drh
39.0,27.0,0.630968,18.4461,402.73,LiCl,10.0,0.95,0.9,0.05,0.95,12.0,60.0,aitken-gpu-fixed-round,annual,2.363997,0.287511,366,simple,,,,,,ode,drh,drh
39.0,141.0,0.778482,12.6809,302.94,LiCl,5.5,0.95,0.9,0.05,0.95,12.0,40.0,aitken-gpu-fixed-round,annual,1.763927,0.271481,366,simple,,,,,,ode,drh,drh
42.0,-123.0,0.589568,8.4956,403.48,LiCl,10.0,0.95,0.9,0.05,0.95,9.825,60.0,aitken-gpu-fixed-round,annual,1.311309,0.15974,366,simple,,,,,,ode,drh,drh
42.0,-120.0,0.511952,8.529,430.05,LiCl,10.0,0.95,0.9,0.05,0.95,9.825,60.0,aitken-gpu-fixed-round,annual,1.080225,0.139689,366,simple,,,,,,ode,drh,drh
42.0,-117.0,0.485171,9.3395,424.26,LiCl,10.0,0.95,0.9,0.05,0.95,12.0,60.0,aitken-gpu-fixed-round,annual,1.094818,0.144966,366,simple,,,,,,ode,drh,drh
42.0,63.0,0.432592,16.061,364.15,LiCl,10.0,0.95,0.9,0.05,0.95,12.0,60.0,aitken-gpu-fixed-round,annual,1.110177,0.158757,366,simple,,,,,,ode,drh,drh
42.0,66.0,0.477435,15.6586,361.3,LiCl,10.0,0.95,0.9,0.05,0.95,12.0,60.0,aitken-gpu-fixed-round,annual,1.136835,0.167115,366,simple,,,,,,ode,drh,drh
42.0,69.0,0.557191,14.2708,355.39,LiCl,10.0,0.95,0.9,0.05,0.95,12.0,60.0,aitken-gpu-fixed-round,annual,1.532376,0.20272,366,simple,,,,,,ode,drh,drh
42.0,72.0,0.726644,-3.6377,403.27,LiCl,10.0,0.95,0.9,0.05,0.95,3.0,60.0,aitken-gpu-fixed-round,annual,1.223809,0.139128,366,simple,,,,,,ode,drh,drh
42.0,75.0,0.603916,3.3619,389.81,LiCl,10.0,0.95,0.9,0.05,0.95,12.0,60.0,aitken-gpu-fixed-round,annual,1.444581,0.171169,366,simple,,,,,,ode,drh,drh
45.0,-87.0,0.788648,7.873,347.93,LiCl,7.75,0.95,0.9,0.05,0.95,7.55,60.0,aitken-gpu-fixed-round,annual,1.732592,0.218865,366,simple,,,,,,ode,drh,drh
45.0,-84.0,0.709727,9.2474,329.6,LiCl,10.0,0.95,0.9,0.05,0.95,12.0,60.0,aitken-gpu-fixed-round,annual,1.682024,0.217259,366,simple,,,,,,ode,drh,drh
45.0,-81.0,0.767155,9.1247,316.24,LiCl,7.75,0.95,0.9,0.05,0.95,12.0,60.0,aitken-gpu-fixed-round,annual,1.64591,0.219195,366,simple,,,,,,ode,drh,drh
45.0,-78.0,0.754382,7.0429,317.65,LiCl,7.75,0.95,0.9,0.05,0.95,12.0,60.0,aitken-gpu-fixed-round,annual,1.620794,0.215602,366,simple,,,,,,ode,drh,drh
45.0,99.0,0.393209,3.9956,385.1,LiCl,10.0,0.95,0.9,0.05,0.95,12.0,60.0,aitken-gpu-fixed-round,annual,0.936827,0.115559,366,simple,,,,,,ode,drh,drh
45.0,102.0,0.457372,5.5208,367.62,LiCl,10.0,0.95,0.9,0.05,0.95,12.0,60.0,aitken-gpu-fixed-round,annual,1.099183,0.138555,366,simple,,,,,,ode,drh,drh
45.0,105.0,0.481738,5.2416,357.77,LiCl,10.0,0.95,0.9,0.05,0.95,12.0,60.0,aitken-gpu-fixed-round,annual,1.088713,0.142058,366,simple,,,,,,ode,drh,drh
45.0,108.0,0.5084,5.39,358.33,LiCl,10.0,0.95,0.9,0.05,0.95,12.0,60.0,aitken-gpu-fixed-round,annual,1.143165,0.151803,366,simple,,,,,,ode,drh,drh
45.0,111.0,0.521817,5.3255,359.18,LiCl,10.0,0.95,0.9,0.05,0.95,12.0,60.0,aitken-gpu-fixed-round,annual,1.159577,0.152503,366,simple,,,,,,ode,drh,drh
48.0,3.0,0.817912,12.0319,244.18,LiCl,5.5,0.95,0.9,0.05,0.95,12.0,50.0,aitken-gpu-fixed-round,annual,1.408597,0.245123,366,simple,,,,,,ode,drh,drh
48.0,6.0,0.817715,11.135,237.87,LiCl,5.5,0.95,0.9,0.05,0.95,12.0,40.0,aitken-gpu-fixed-round,annual,1.365994,0.239922,366,simple,,,,,,ode,drh,drh
48.0,9.0,0.817278,9.3157,256.13,LiCl,5.5,0.95,0.9,0.05,0.95,12.0,50.0,aitken-gpu-fixed-round,annual,1.380338,0.236451,366,simple,,,,,,ode,drh,drh
48.0,12.0,0.808006,10.7985,256.9,LiCl,5.5,0.95,0.9,0.05,0.95,12.0,50.0,aitken-gpu-fixed-round,annual,1.474684,0.242394,366,simple,,,,,,ode,drh,drh
48.0,15.0,0.74753,11.8946,264.68,LiCl,7.75,0.95,0.9,0.05,0.95,12.0,60.0,aitken-gpu-fixed-round,annual,1.440818,0.22324,366,simple,,,,,,ode,drh,drh
48.0,111.0,0.592188,1.0891,331.78,LiCl,7.75,0.95,0.9,0.05,0.95,12.0,60.0,aitken-gpu-fixed-round,annual,1.150538,0.152205,366,simple,,,,,,ode,drh,drh
48.0,114.0,0.587514,3.0012,330.51,LiCl,7.75,0.95,0.9,0.05,0.95,12.0,60.0,aitken-gpu-fixed-round,annual,1.226238,0.164492,366,simple,,,,,,ode,drh,drh
48.0,117.0,0.576638,3.6931,330.94,LiCl,10.0,0.95,0.9,0.05,0.95,12.0,60.0,aitken-gpu-fixed-round,annual,1.211349,0.160673,366,simple,,,,,,ode,drh,drh
48.0,120.0,0.671385,0.6868,319.74,LiCl,10.0,0.95,0.9,0.05,0.95,12.0,60.0,aitken-gpu-fixed-round,annual,1.227429,0.162778,366,simple,,,,,,ode,drh,drh
48.0,123.0,0.601133,4.5094,319.03,LiCl,7.75,0.95,0.9,0.05,0.95,12.0,60.0,aitken-gpu-fixed-round,annual,1.32838,0.179152,366,simple,,,,,,ode,drh,drh
51.0,3.0,0.831941,11.4247,226.01,LiCl,5.5,0.95,0.9,0.05,0.95,12.0,40.0,aitken-gpu-fixed-round,annual,1.291399,0.232445,366,simple,,,,,,ode,drh,drh
51.0,6.0,0.810527,11.4575,229.64,LiCl,5.5,0.95,0.9,0.05,0.95,12.0,40.0,aitken-gpu-fixed-round,annual,1.296029,0.229892,366,simple,,,,,,ode,drh,drh
51.0,9.0,0.819937,9.7809,223.99,LiCl,10.0,0.95,0.9,0.05,0.95,12.0,50.0,aitken-gpu-fixed-round,annual,1.230623,0.219474,366,simple,,,,,,ode,drh,drh
51.0,12.0,0.759938,11.5927,242.6,LiCl,5.5,0.95,0.9,0.05,0.95,12.0,50.0,aitken-gpu-fixed-round,annual,1.36198,0.231889,366,simple,,,,,,ode,drh,drh
51.0,15.0,0.75072,10.9964,240.53,LiCl,7.75,0.95,0.9,0.05,0.95,12.0,60.0,aitken-gpu-fixed-round,annual,1.282542,0.211914,366,simple,,,,,,ode,drh,drh
51.0,111.0,0.677051,-0.2094,291.92,LiCl,7.75,0.95,0.9,0.05,0.95,12.0,60.0,aitken-gpu-fixed-round,annual,1.157431,0.163233,366,simple,,,,,,ode,drh,drh
51.0,114.0,0.582307,1.5287,305.85,LiCl,7.75,0.95,0.9,0.05,0.95,12.0,60.0,aitken-gpu-fixed-round,annual,1.111468,0.153262,366,simple,,,,,,ode,drh,drh
51.0,117.0,0.638603,-0.4367,309.75,LiCl,10.0,0.95,0.9,0.05,0.95,12.0,60.0,aitken-gpu-fixed-round,annual,1.09938,0.146841,366,simple,,,,,,ode,drh,drh
51.0,120.0,0.676165,-0.8893,300.62,LiCl,7.75,0.95,0.9,0.05,0.95,12.0,60.0,aitken-gpu-fixed-round,annual,1.166048,0.158512,366,simple,,,,,,ode,drh,drh
51.0,123.0,0.672438,-0.8682,299.77,LiCl,7.75,0.95,0.9,0.05,0.95,12.0,60.0,aitken-gpu-fixed-round,annual,1.162205,0.157818,366,simple,,,,,,ode,drh,drh
54.0,12.0,0.813906,10.6858,218.53,LiCl,5.5,0.95,0.9,0.05,0.95,12.0,50.0,aitken-gpu-fixed-round,annual,1.237445,0.218119,366,simple,,,,,,ode,drh,drh
54.0,15.0,0.809762,10.6381,217.47,LiCl,10.0,0.95,0.9,0.05,0.95,12.0,60.0,aitken-gpu-fixed-round,annual,1.262814,0.225501,366,simple,,,,,,ode,drh,drh
54.0,18.0,0.786205,10.0764,217.07,LiCl,7.75,0.95,0.9,0.05,0.95,12.0,40.0,aitken-gpu-fixed-round,annual,1.221138,0.222016,366,simple,,,,,,ode,drh,drh
54.0,21.0,0.778032,10.0862,229.18,LiCl,5.5,0.95,0.9,0.05,0.95,12.0,60.0,aitken-gpu-fixed-round,annual,1.236666,0.199056,366,simple,,,,,,ode,drh,drh
54.0,24.0,0.763337,10.1467,226.99,LiCl,7.75,0.95,0.9,0.05,0.95,12.0,60.0,aitken-gpu-fixed-round,annual,1.238564,0.198537,366,simple,,,,,,ode,drh,drh
54.0,120.0,0.64774,-2.3564,285.06,LiCl,10.0,0.95,0.9,0.05,0.95,12.0,60.0,aitken-gpu-fixed-round,annual,1.024988,0.139581,366,simple,,,,,,ode,drh,drh
54.0,123.0,0.65596,-1.4806,273.45,LiCl,7.75,0.95,0.9,0.05,0.95,12.0,60.0,aitken-gpu-fixed-round,annual,1.077581,0.147822,366,simple,,,,,,ode,drh,drh
54.0,126.0,0.64082,-0.9417,269.38,LiCl,10.0,0.95,0.9,0.05,0.95,12.0,60.0,aitken-gpu-fixed-round,annual,1.021136,0.14168,366,simple,,,,,,ode,drh,drh
54.0,129.0,0.701498,-2.2876,262.11,LiCl,7.75,0.95,0.9,0.05,0.95,12.0,60.0,aitken-gpu-fixed-round,annual,1.033833,0.14732,366,simple,,,,,,ode,drh,drh
54.0,132.0,0.709599,-2.5157,247.61,LiCl,7.75,0.95,0.9,0.05,0.95,12.0,60.0,aitken-gpu-fixed-round,annual,0.963587,0.145636,366,simple,,,,,,ode,drh,drh
57.0,36.0,0.787312,6.6825,212.51,LiCl,5.5,0.95,0.9,0.05,0.95,12.0,60.0,aitken-gpu-fixed-round,annual,1.125882,0.184275,366,simple,,,,,,ode,drh,drh
57.0,39.0,0.774665,6.2904,215.59,LiCl,7.75,0.95,0.9,0.05,0.95,12.0,60.0,aitken-gpu-fixed-round,annual,1.108103,0.175994,366,simple,,,,,,ode,drh,drh
57.0,42.0,0.772161,5.8356,216.85,LiCl,7.75,0.95,0.9,0.05,0.95,12.0,60.0,aitken-gpu-fixed-round,annual,1.092394,0.173866,366,simple,,,,,,ode,drh,drh
57.0,45.0,0.742663,5.7061,221.21,LiCl,7.75,0.95,0.9,0.05,0.95,12.0,60.0,aitken-gpu-fixed-round,annual,1.06422,0.166678,366,simple,,,,,,ode,drh,drh
57.0,48.0,0.733218,5.3525,227.17,LiCl,7.75,0.95,0.9,0.05,0.95,12.0,60.0,aitken-gpu-fixed-round,annual,1.067142,0.165352,366,simple,,,,,,ode,drh,drh
57.0,162.0,0.812292,-0.8574,223.0,LiCl,7.75,0.95,0.9,0.05,0.95,12.0,60.0,aitken-gpu-fixed-round,annual,0.850247,0.135788,366,simple,,,,,,ode,drh,drh
60.0,-162.0,0.826819,0.9859,166.0,LiCl,7.75,0.95,0.9,0.05,0.95,12.0,60.0,aitken-gpu-fixed-round,annual,0.659631,0.136199,366,simple,,,,,,ode,drh,drh
60.0,-159.0,0.813277,-1.4851,169.1,LiCl,7.75,0.95,0.9,0.05,0.95,12.0,60.0,aitken-gpu-fixed-round,annual,0.641465,0.122027,366,simple,,,,,,ode,drh,drh
60.0,-156.0,0.78859,1.1026,172.0,LiCl,7.75,0.95,0.9,0.05,0.95,12.0,60.0,aitken-gpu-fixed-round,annual,0.690145,0.132088,366,simple,,,,,,ode,drh,drh
60.0,48.0,0.780945,3.7254,184.49,LiCl,7.75,0.95,0.9,0.05,0.95,12.0,60.0,aitken-gpu-fixed-round,annual,0.872163,0.147672,366,simple,,,,,,ode,drh,drh
60.0,51.0,0.768235,3.3394,185.48,LiCl,7.75,0.95,0.9,0.05,0.95,12.0,60.0,aitken-gpu-fixed-round,annual,0.846447,0.145479,366,simple,,,,,,ode,drh,drh
60.0,54.0,0.769862,2.9812,182.98,LiCl,7.75,0.95,0.9,0.05,0.95,12.0,60.0,aitken-gpu-fixed-round,annual,0.824737,0.142403,366,simple,,,,,,ode,drh,drh
60.0,57.0,0.768758,2.6919,186.1,LiCl,7.75,0.95,0.9,0.05,0.95,12.0,60.0,aitken-gpu-fixed-round,annual,0.819694,0.141504,366,simple,,,,,,ode,drh,drh
60.0,162.0,0.848758,-3.5088,199.92,LiCl,10.0,0.95,0.9,0.05,0.95,12.0,60.0,aitken-gpu-fixed-round,annual,0.735673,0.120086,366,simple,,,,,,ode,drh,drh
60.0,165.0,0.805466,-2.417,199.64,LiCl,10.0,0.95,0.9,0.05,0.95,12.0,60.0,aitken-gpu-fixed-round,annual,0.726151,0.118843,366,simple,,,,,,ode,drh,drh
63.0,-162.0,0.832922,-2.218,152.81,LiCl,7.75,0.95,0.9,0.05,0.95,12.0,50.0,aitken-gpu-fixed-round,annual,0.547751,0.112366,366,simple,,,,,,ode,drh,drh
63.0,-159.0,0.771518,-0.7961,160.58,LiCl,7.75,0.95,0.9,0.05,0.95,12.0,60.0,aitken-gpu-fixed-round,annual,0.618645,0.116487,366,simple,,,,,,ode,drh,drh
66.0,18.0,0.829594,1.0681,142.37,LiCl,7.75,0.95,0.9,0.05,0.95,12.0,60.0,aitken-gpu-fixed-round,annual,0.595714,0.113042,366,simple,,,,,,ode,drh,drh
66.0,21.0,0.79561,2.2839,145.87,LiCl,7.75,0.95,0.9,0.05,0.95,12.0,60.0,aitken-gpu-fixed-round,annual,0.641113,0.116663,366,simple,,,,,,ode,drh,drh
66.0,24.0,0.834641,3.0067,150.69,LiCl,7.75,0.95,0.9,0.05,0.95,12.0,60.0,aitken-gpu-fixed-round,annual,0.708658,0.121099,366,simple,,,,,,ode,drh,drh
66.0,27.0,0.838793,2.2294,132.56,LiCl,10.0,0.95,0.9,0.05,0.95,12.0,60.0,aitken-gpu-fixed-round,annual,0.626971,0.110074,366,simple,,,,,,ode,drh,drh
