lat,lon,hydrogel_thickness_mm,vapor_gap_mm,fin_area_ratio,insulation_gap_mm,tilt_deg,salt,salt_loading,case,warmup_method,resolution,best_combined_lcow_usd_m3,n_evals,stopped_reason,wall_time_s,improvement_vs_baseline_frac,flagged_as_surrogate_artifact,max_neighbor_improvement_frac,cv_rmse,standardized_residual_mean,standardized_residual_std,msll_gp_minus_trivial,n_hyperparameter_warnings,n_de_calls,frac_de_hit_maxiter,frac_de_not_success
-54.0,-72.0,1.0000000293204572,28.436859213312488,11.999999030083801,5.0,30.0,LiCl,4.0,case2,aitken-gpu-fixed-round,monthly,28.138124,39,stalled,1109.0,0.22430595871480796,False,-0.000067,1.5433762465474825,0.10119871205034692,2.1764367109546607,-2.19354514526034,4,15,0.0,0.0
-54.0,-69.0,1.7253738732516517,49.61307389028469,12.0,5.0,30.0,LiCl,4.0,case2,aitken-gpu-fixed-round,monthly,23.864191,33,stalled,1059.4,0.14139068732266347,False,-0.003846,0.6569200555181149,0.3663144712927647,1.8206768557655935,-2.676438282275819,1,9,0.0,0.0
-51.0,-75.0,1.0,29.004997651048367,12.0,5.0,30.0,LiCl,4.0,case2,aitken-gpu-fixed-round,monthly,34.023742,36,stalled,897.8,0.22815763271838763,False,-0.000230,6.268970184468086,0.6258410852957174,9.595127870608756,42.85743393308164,3,12,0.0,0.0
-51.0,-72.0,1.7356418157944373,59.99999927033017,11.999999752667751,5.0,30.0,LiCl,4.0,case2,aitken-gpu-fixed-round,monthly,19.988434,33,stalled,1063.8,0.11681017151615715,False,-0.001519,0.2021010687516298,0.09296817895217224,1.807996018114008,-3.730515427599417,3,9,0.0,0.0
-48.0,-75.0,1.1521374886751137,31.103481290821442,4.916147117998203,5.0,30.0,LiCl,4.0,case2,aitken-gpu-fixed-round,monthly,26.188367,33,stalled,773.6,0.2132695715079617,False,0.000368,2.862536084776703,0.37273492138782865,6.167405322538126,15.343234732701974,2,9,0.0,0.0
-48.0,-72.0,1.4523248021297699,59.9999997263983,11.9999998211099,5.0,30.0,LiCl,4.0,case2,aitken-gpu-fixed-round,monthly,21.898567,33,stalled,1091.7,0.1380667435086553,False,-0.000377,0.1935182963417294,0.16204692276608315,1.6379199265285984,-4.03160493075667,3,9,0.0,0.0
-48.0,-69.0,1.9939248165622543,59.999917957552164,11.999999982948292,5.0,30.0,LiCl,4.0,case2,aitken-gpu-fixed-round,monthly,19.074864,33,stalled,884.3,0.10908329499906254,False,-0.005118,0.22318201199517457,0.07376170004076421,1.3918653145160427,-3.9811396097818257,3,9,0.0,0.0
-48.0,-66.0,1.9577295486415676,57.02637467076395,11.999999987787275,5.0,30.0,LiCl,4.0,case2,aitken-gpu-fixed-round,monthly,18.455221,33,stalled,673.0,0.08612142184806053,False,-0.000258,0.41150245733823887,0.4268935106279335,2.7026867597512476,-0.6877271161090281,3,9,0.0,0.0
-45.0,-72.0,1.6440854696097937,45.715774868818535,11.999999968994938,5.0,30.0,LiCl,4.0,case2,aitken-gpu-fixed-round,monthly,19.989502,33,stalled,845.4,0.1272791460223855,False,-0.001784,0.2386469002118714,-0.08359651896448604,2.3694956303616923,-2.052209667228163,2,9,0.0,0.0
-45.0,-69.0,1.9878885396840702,59.999999602995,11.99999999262508,5.0,30.0,LiCl,4.0,case2,aitken-gpu-fixed-round,monthly,18.599836,33,stalled,888.5,0.11627837809463333,False,-0.002958,0.21771786330548104,0.18491040746868226,1.2923595573318898,-4.355798916271955,4,9,0.0,0.0
-45.0,-66.0,2.215768595436172,59.999999962227896,11.459450254771221,5.0,30.0,LiCl,4.0,case2,aitken-gpu-fixed-round,monthly,17.398986,36,stalled,883.5,0.0822159082116685,False,-0.003196,0.2673989834992652,0.2565731923122164,1.6603718555044844,-3.3074250582460625,4,12,0.0,0.0
-45.0,168.0,1.645785985812627,57.82512263357607,11.999999292254552,5.0,30.0,LiCl,4.0,case2,aitken-gpu-fixed-round,monthly,16.050734,33,stalled,322.4,0.14060087856365575,False,-0.003913,0.8037085902451521,0.3782711977716673,4.110427061646643,3.5336658533933343,3,9,0.0,0.0
-45.0,171.0,2.016818714414479,59.9999986545704,11.999999961566463,5.0,30.0,LiCl,4.0,case2,aitken-gpu-fixed-round,monthly,15.004093,33,stalled,545.8,0.10222160355439969,False,-0.002598,0.22859493842344605,0.07339977517421932,3.2137921565609986,0.3025910126164466,3,9,0.0,0.0
-42.0,-72.0,1.8519365729274193,59.99999982555684,11.999999681201372,5.0,30.0,LiCl,4.0,case2,aitken-gpu-fixed-round,monthly,15.861317,33,stalled,728.3,0.12048980243096356,False,-0.004907,0.37861358664289463,-0.08856554975803219,2.08228301579212,-2.264564132009687,2,9,0.0,0.0
-42.0,-69.0,2.0965330625833043,59.999999983614885,11.999999990392448,5.0,30.0,LiCl,4.0,case2,aitken-gpu-fixed-round,monthly,15.362515,33,stalled,709.8,0.11187894075918754,False,-0.004413,0.13074063669844152,-0.03334062483955908,1.5004159916454907,-3.6386589666920433,3,9,0.0,0.0
-42.0,-66.0,2.237902271888044,59.99999997780017,11.99999999324575,5.0,30.0,LiCl,4.0,case2,aitken-gpu-fixed-round,monthly,16.037227,36,stalled,736.3,0.07422879443190036,False,-0.002412,0.25000336642512594,0.11580954260875567,1.249455192368755,-3.741805011645358,4,12,0.0,0.0
-42.0,147.0,1.9803633482426592,46.35650141202613,12.0,5.0,30.0,LiCl,4.0,case2,aitken-gpu-fixed-round,monthly,12.605638,33,stalled,551.4,0.10171764999543176,False,-0.002538,0.8482651230754723,-0.19941744937635933,4.99958488205875,8.675813372549708,2,9,0.0,0.0
-42.0,174.0,2.2274737853700914,59.999999200094024,11.99999994281701,5.0,30.0,LiCl,4.0,case2,aitken-gpu-fixed-round,monthly,13.216492,33,stalled,555.3,0.07833538284155095,False,-0.001493,0.12327555784824101,-0.11593947806869084,1.727314124271611,-3.6839764308839738,4,9,0.0,0.0
-39.0,-72.0,1.8034214209711559,60.0,12.0,5.0,30.0,LiCl,4.0,case2,aitken-gpu-fixed-round,monthly,14.830093,33,stalled,700.7,0.11582932754971752,False,-0.001249,0.19455732112283677,0.4270236898255982,2.9941488606484805,-0.3042441752315894,2,9,0.0,0.0
-39.0,-69.0,2.11989215255467,59.9999997446955,10.305703699659519,5.0,30.0,LiCl,4.0,case2,aitken-gpu-fixed-round,monthly,17.404971,33,stalled,722.9,0.12268455377914345,False,-0.003901,0.24168284083226443,0.17110901632948214,2.1568317266980928,-2.5942394816447245,4,9,0.0,0.0
-39.0,-66.0,2.535076206781306,59.999999807346036,11.999999996306896,5.0,30.0,LiCl,4.0,case2,aitken-gpu-fixed-round,monthly,15.018805,36,stalled,732.8,0.08819313948265232,False,-0.005032,0.32695770664057733,0.9818983461336123,5.860522392058636,13.059100261375768,4,12,0.0,0.0
-39.0,-63.0,2.3611496101764,59.99999995564148,11.99999999128297,5.0,30.0,LiCl,4.0,case2,aitken-gpu-fixed-round,monthly,12.679026,36,stalled,717.3,0.06502525990145044,False,-0.001392,0.15414412786224224,0.12706244887502732,1.2265291098781992,-4.102882037079468,4,12,0.0,0.0
-39.0,177.0,2.0851455313157055,60.0,12.0,5.0,30.0,LiCl,4.0,case2,aitken-gpu-fixed-round,monthly,11.947252,33,stalled,543.9,0.09932066393561487,False,-0.003118,0.6148096977813055,0.6526355339799871,7.438613095478155,23.732799179582198,2,9,0.0,0.0
-36.0,-72.0,2.348839254189235,59.999999982031525,11.999999998981773,5.0,30.0,LiCl,4.0,case2,aitken-gpu-fixed-round,monthly,11.838762,36,stalled,713.5,0.085525397259703,False,-0.001232,0.10912370003947611,0.1813596819436599,1.3240486071049757,-4.200270894889642,4,12,0.0,0.0
-36.0,-69.0,2.462648037724331,60.0,12.0,5.0,30.0,LiCl,4.0,case2,aitken-gpu-fixed-round,monthly,13.862378,36,stalled,871.6,0.09297715497644905,False,-0.005438,0.18617420714733784,0.4189461108697249,1.4628069647340716,-3.475011257241486,3,12,0.0,0.0
-36.0,-66.0,2.5337157781092854,59.999999682621095,11.999999997074134,5.0,30.0,LiCl,4.0,case2,aitken-gpu-fixed-round,monthly,12.288230,36,stalled,709.3,0.06984821033157282,False,-0.004288,0.18030472825324143,0.2809514149699827,1.6164415261429124,-3.2961122679937427,3,12,0.0,0.0
-36.0,-63.0,2.148770033692177,59.999999045041704,11.999999991109002,5.0,30.0,LiCl,4.0,case2,aitken-gpu-fixed-round,monthly,11.382635,33,stalled,546.4,0.06585914555079998,False,-0.000172,0.17572991561287743,0.23159304813120798,2.0926174998846694,-2.4272243766176405,4,9,0.0,0.0
-36.0,-60.0,2.090232796689397,59.99999997721131,11.999999909381506,5.0,30.0,LiCl,4.0,case2,aitken-gpu-fixed-round,monthly,11.157032,33,stalled,296.4,0.07409363466720677,False,-0.001091,0.10984121254524722,0.4261315333534236,2.8311203220303836,-0.708997069867809,4,9,0.0,0.0
-36.0,141.0,2.241261665914266,59.9999986584951,11.999999848449047,5.0,30.0,LiCl,4.0,case2,aitken-gpu-fixed-round,monthly,11.659563,33,stalled,611.6,0.07686143318715583,False,0.000447,0.14616448939366902,0.28655378393243286,3.758987233651823,2.4380069108086597,4,9,0.0,0.0
-36.0,144.0,2.2788095717037944,59.99999988423578,11.484446030238079,5.0,30.0,LiCl,4.0,case2,aitken-gpu-fixed-round,monthly,11.874665,39,stalled,918.8,0.07905521260103554,False,-0.003026,0.3336948661663205,0.32071777680879504,2.4275561272325863,-1.7348383885937455,4,15,0.0,0.0
-36.0,147.0,2.247168430817771,59.9999983100078,11.999999820691066,5.0,30.0,LiCl,4.0,case2,aitken-gpu-fixed-round,monthly,12.002950,33,stalled,638.4,0.07829207447645696,False,-0.003002,0.10570435261438112,-0.05070066529832202,1.4183159817923277,-3.8811768658224524,3,9,0.0,0.0
-36.0,150.0,2.0461217320234932,59.99999996381784,11.999999980945635,5.0,30.0,LiCl,4.0,case2,aitken-gpu-fixed-round,monthly,10.775559,33,stalled,612.5,0.09891783723812096,False,-0.001954,0.10016491873193532,0.7808412881488624,3.9016405104847123,2.2395561082743067,4,9,0.0,0.0
-36.0,174.0,2.0157578830523306,59.99999986024361,11.999999971741678,5.0,30.0,LiCl,4.0,case2,aitken-gpu-fixed-round,monthly,10.838178,33,stalled,605.0,0.09803152321874144,False,-0.001928,0.09965589187683516,0.12062836950286507,1.9423873037685355,-3.5226861776176213,3,9,0.0,0.0
-33.0,-69.0,2.5003720507119915,59.99999983758272,11.999999957124523,5.0,30.0,LiCl,4.0,case2,aitken-gpu-fixed-round,monthly,13.417675,36,stalled,788.8,0.07381649982637717,False,-0.003853,0.1923847108771344,0.22295026471675491,2.0571276444415534,-2.5084934585601655,3,12,0.0,0.0
-33.0,-66.0,2.633920609506136,59.99999983826775,11.99999999621876,5.0,30.0,LiCl,4.0,case2,aitken-gpu-fixed-round,monthly,10.590549,36,stalled,761.0,0.05213006087461358,False,-0.002146,0.14669135792943774,0.26950459988257164,1.386228861709079,-3.9499566482367383,4,12,0.0,0.0
-33.0,-63.0,2.190126065359445,59.999999792053785,11.999999907841,5.0,30.0,LiCl,4.0,case2,aitken-gpu-fixed-round,monthly,10.279788,33,stalled,606.6,0.06863383111521194,False,-0.000486,0.10534969152155296,0.3680267551828562,2.293700538959214,-2.1138509412182436,4,9,0.0,0.0
3.0,-57.0,2.317024475214104,60.0,12.0,5.0,30.0,LiCl,4.0,case2,aitken-gpu-fixed-round,monthly,6.668657,39,stalled,755.7,0.07757014298475427,False,-0.001305,0.2952750791633882,0.3659376140376893,3.822250217428474,3.3979685104411557,4,15,0.0,0.0
3.0,-54.0,2.125373114622626,52.61548597947724,12.0,5.0,30.0,LiCl,4.0,case2,aitken-gpu-fixed-round,monthly,6.439759,33,stalled,497.8,0.10412219653008445,False,-0.003123,1.045665971586697,0.35025078583554625,7.566067925258944,25.621115707233272,3,9,0.0,0.0
3.0,-51.0,2.260977865328085,59.999999230478416,11.999999779577395,5.0,30.0,LiCl,4.0,case2,aitken-gpu-fixed-round,monthly,6.822897,33,stalled,470.5,0.08394692829345135,False,-0.001721,0.696941180616678,0.24479386337867703,5.622187278590913,12.562038764740237,3,9,0.0,0.0
3.0,12.0,1.9958837579484532,52.616168780086944,11.414163059164329,5.0,30.0,LiCl,4.0,case2,aitken-gpu-fixed-round,monthly,7.073966,33,stalled,499.0,0.13360786492203844,False,-0.001023,4.382773580152156,6.834591929274868,39.779167593244836,811.7078079080328,3,9,0.0,0.0
3.0,15.0,1.9958837579484532,52.616168780086944,11.414163059164329,5.0,30.0,LiCl,4.0,case2,aitken-gpu-fixed-round,monthly,6.832452,33,stalled,481.1,0.10529694930891344,False,-0.000126,2.873921081730729,3.211639842548538,19.95273856480374,201.4152730339076,5,9,0.0,0.0
3.0,18.0,1.9958837579484532,52.616168780086944,11.414163059164329,5.0,30.0,LiCl,4.0,case2,aitken-gpu-fixed-round,monthly,6.525989,33,stalled,476.4,0.12263524054631658,False,-0.003979,0.9044387728942294,0.3996630916024436,5.386133591594781,11.336240600575248,4,9,0.0,0.0
3.0,21.0,1.9958837579484532,52.616168780086944,11.414163059164329,5.0,30.0,LiCl,4.0,case2,aitken-gpu-fixed-round,monthly,7.251886,33,stalled,496.4,0.07886765465692257,False,0.004909,1.1089616089834584,1.5326414168067386,11.884359641067865,68.70113075233009,3,9,0.0,0.0
3.0,24.0,2.3940809344866842,54.27568555035707,12.0,5.0,30.0,LiCl,4.0,case2,aitken-gpu-fixed-round,monthly,7.648835,42,stalled,902.7,0.07249940885827763,False,-0.001613,0.6917538953310414,0.6930056136222986,5.206987172349111,10.234750655853961,2,18,0.0,0.0
3.0,27.0,2.056291319081915,44.18054133131345,12.0,5.0,30.0,LiCl,4.0,case2,aitken-gpu-fixed-round,monthly,7.377184,33,stalled,514.4,0.08230228714784196,False,0.001810,1.5928740993054165,1.405444387129267,13.057731370059402,83.15662263384533,2,9,0.0,0.0
3.0,30.0,2.3721598847226586,59.999999598737055,11.999999989107048,5.0,30.0,LiCl,4.0,case2,aitken-gpu-fixed-round,monthly,7.840938,36,stalled,654.7,0.07283204009840244,False,-0.001515,0.07971485099677755,0.13489154784115093,1.2204358036973164,-4.400003148428986,4,12,0.0,0.0
3.0,33.0,2.5579790912489435,59.99999998201033,11.999999985870108,5.0,30.0,LiCl,4.0,case2,aitken-gpu-fixed-round,monthly,7.640250,36,stalled,673.7,0.05240775772575838,False,-0.000034,0.09798720334750056,0.18359548993276936,1.1635333035625726,-4.257682552724792,4,12,0.0,0.0
3.0,36.0,3.621649712683064,59.9999997712828,11.347981882073972,5.0,30.0,LiCl,4.0,case2,aitken-gpu-fixed-round,monthly,8.314225,36,stalled,675.9,0.020336753278089672,False,-0.000147,0.3295367863347931,0.7034686059083399,2.1478552832633526,-1.3310538931188631,4,12,0.0,0.0
3.0,39.0,3.156426345991767,59.99999989553483,11.999999993712173,5.0,30.0,LiCl,4.0,case2,aitken-gpu-fixed-round,monthly,9.209108,36,stalled,662.8,0.028919095367735233,False,-0.000206,0.1806290644859191,0.05912580835990204,1.2776100583513943,-3.445180888834821,4,12,0.0,0.0
3.0,42.0,2.832141913559975,59.99999953984628,11.999999989103774,5.0,30.0,LiCl,4.0,case2,aitken-gpu-fixed-round,monthly,7.650752,36,stalled,668.4,0.043576669875065276,False,-0.001638,0.12382429922347304,0.7019226649250968,2.5047232924452594,-1.4340287467660433,4,12,0.0,0.0
3.0,45.0,2.7550750666178154,60.0,12.0,5.0,30.0,LiCl,4.0,case2,aitken-gpu-fixed-round,monthly,6.685025,36,stalled,665.1,0.05446193757815141,False,-0.002730,0.09190430368239545,0.27462269178273396,1.2115485594022959,-4.021322575262067,4,12,0.0,0.0
3.0,99.0,1.9958837579484532,52.616168780086944,11.414163059164329,5.0,30.0,LiCl,4.0,case2,aitken-gpu-fixed-round,monthly,7.264149,33,stalled,431.9,0.14276914118349718,False,0.004333,19.599021223678776,37.2274565169085,208.4147450390002,22407.82286142115,3,9,0.0,0.0
3.0,102.0,1.4463584590327083,59.06587341332302,9.970163871494666,5.0,30.0,LiCl,4.0,case2,aitken-gpu-fixed-round,monthly,7.209265,33,stalled,650.9,0.14977309221063934,False,0.005040,3.5387054301262366,3.59692497359633,19.363509036409365,191.14053974014695,4,9,0.0,0.0
3.0,114.0,1.4463584590327083,59.06587341332302,9.970163871494666,5.0,30.0,LiCl,4.0,case2,aitken-gpu-fixed-round,monthly,6.606671,33,stalled,687.2,0.17323401442936973,False,-0.000400,7.083434294271488,1.3315001868554093,15.543820930804312,119.2078687869178,4,9,0.0,0.0
3.0,117.0,1.4463584590327083,59.06587341332302,9.970163871494666,5.0,30.0,LiCl,4.0,case2,aitken-gpu-fixed-round,monthly,6.777171,33,stalled,251.2,0.16952807971325515,False,0.000682,1.6744616820684095,-2.6600931001576956e-06,3.0740563948073847,1.734034865564273,4,9,0.0,0.0
6.0,-75.0,1.89059726292427,49.43316718923775,12.0,5.0,30.0,LiCl,4.0,case2,aitken-gpu-fixed-round,monthly,6.754885,33,stalled,518.7,0.11961220031520985,False,-0.001463,0.8961269350919533,1.1082721662407222,9.481965270862057,42.259011345275674,3,9,0.0,0.0
6.0,-72.0,2.250473571808695,59.99999980049406,11.999999995837884,5.0,30.0,LiCl,4.0,case2,aitken-gpu-fixed-round,monthly,7.266561,33,stalled,536.7,0.09211978639210737,False,-0.003078,0.07332354268155104,0.08132655119289606,2.8803354792416753,-0.800488192762481,2,9,0.0,0.0
6.0,-69.0,2.303273714683015,44.817966429106235,12.0,5.0,30.0,LiCl,4.0,case2,aitken-gpu-fixed-round,monthly,7.079801,33,stalled,511.3,0.08272103743479267,False,-0.002114,2.1059674125316357,1.046692059480963,12.162618012626055,71.72464502477412,3,9,0.0,0.0
6.0,-66.0,2.1230040317088346,59.99999934394401,11.999999932849452,5.0,30.0,LiCl,4.0,case2,aitken-gpu-fixed-round,monthly,7.218804,33,stalled,526.8,0.08398857762968003,False,-0.000058,0.7029110587372431,0.45200902384294367,7.741926584895624,26.934708036967898,3,9,0.0,0.0
6.0,-63.0,1.9958837579484532,52.616168780086944,11.414163059164329,5.0,30.0,LiCl,4.0,case2,aitken-gpu-fixed-round,monthly,6.615045,33,stalled,523.1,0.08309820123370242,False,0.002601,1.3606868975270814,0.3495716208698114,8.33567143507256,31.859112346450097,3,9,0.0,0.0
6.0,-60.0,1.9958837579484532,52.616168780086944,11.414163059164329,5.0,30.0,LiCl,4.0,case2,aitken-gpu-fixed-round,monthly,6.073751,33,stalled,515.5,0.11044157670561637,False,-0.000552,2.001318594733269,1.3179146687345833,16.42246366331782,132.75844281606575,4,9,0.0,0.0
6.0,-9.0,1.4463584590327083,59.06587341332302,9.970163871494666,5.0,30.0,LiCl,4.0,case2,aitken-gpu-fixed-round,monthly,6.985827,33,stalled,416.0,0.16104717987673278,False,0.003830,6.64400308182962,3.8119463599040486,26.924514236890488,366.94056328819664,4,9,0.0,0.0
6.0,-6.0,1.9958837579484532,52.616168780086944,11.414163059164329,5.0,30.0,LiCl,4.0,case2,aitken-gpu-fixed-round,monthly,6.882280,33,stalled,499.8,0.14859288455226558,False,0.005987,4.241412556648813,0.7772861016327947,9.205634645799236,40.07683108344835,4,9,0.0,0.0
6.0,-3.0,1.4463584590327083,59.06587341332302,9.970163871494666,5.0,30.0,LiCl,4.0,case2,aitken-gpu-fixed-round,monthly,6.822354,33,stalled,424.2,0.15079959296232912,False,0.007055,6.038018115342338,6.098689017523789,32.41959564999072,541.1724830912347,3,9,0.0,0.0
6.0,0.0,1.9958837579484532,52.616168780086944,11.414163059164329,5.0,30.0,LiCl,4.0,case2,aitken-gpu-fixed-round,monthly,6.750963,33,stalled,431.9,0.1274979018698791,False,-0.003951,7.2770729293405525,10.162564210475658,63.52200405792293,2066.3349476971707,4,9,0.0,0.0
6.0,6.0,1.9958837579484532,52.616168780086944,11.414163059164329,5.0,30.0,LiCl,4.0,case2,aitken-gpu-fixed-round,monthly,7.072414,33,stalled,475.7,0.14620719371438431,False,0.006440,1.155029242927583,0.1429809883126128,3.64625386884352,3.6853279743682466,4,9,0.0,0.0
6.0,9.0,1.9958837579484532,52.616168780086944,11.414163059164329,5.0,30.0,LiCl,4.0,case2,aitken-gpu-fixed-round,monthly,7.470855,33,stalled,488.1,0.1225010522096471,False,-0.003879,2.44703045218083,1.2416251529391273,12.885603724098337,80.8935327180692,4,9,0.0,0.0
6.0,12.0,2.290286891776774,60.0,12.0,5.0,30.0,LiCl,4.0,case2,aitken-gpu-fixed-round,monthly,8.075532,33,stalled,512.1,0.08101231729872523,False,-0.001617,0.7677317968895293,0.7827393087852497,8.583466316305675,33.70365535913371,3,9,0.0,0.0
6.0,15.0,2.1689689687674147,59.99999991121367,11.999999922583884,5.0,30.0,LiCl,4.0,case2,aitken-gpu-fixed-round,monthly,8.509910,36,stalled,669.9,0.0793283480887287,False,-0.000449,0.11109521226927957,0.8544781549159615,3.787061967668036,2.713625600165113,4,12,0.0,0.0
6.0,18.0,2.358994633602447,57.86560795409727,11.999999876348697,5.0,30.0,LiCl,4.0,case2,aitken-gpu-fixed-round,monthly,8.242770,39,stalled,825.8,0.06755662690028501,False,-0.001278,0.5976523877609721,0.3509446766179487,6.07062565513995,14.766708673049973,3,15,0.0,0.0
6.0,21.0,2.381963244721779,59.99999981765664,11.999999833460903,5.0,30.0,LiCl,4.0,case2,aitken-gpu-fixed-round,monthly,8.211714,36,stalled,689.5,0.05909175063230789,False,-0.000127,0.2629261488970244,0.035183575772494,4.365963796421608,5.160625104671183,3,12,0.0,0.0
6.0,24.0,2.4475580967157082,59.999999912398515,11.999999970117115,5.0,30.0,LiCl,4.0,case2,aitken-gpu-fixed-round,monthly,9.141614,42,stalled,1000.3,0.06649580137099873,False,-0.001427,0.2543831125822037,0.4153097344646621,2.016395575951292,-2.206641554937294,3,18,0.0,0.0
6.0,27.0,2.464156029998254,59.999999981275515,11.999999957145082,5.0,30.0,LiCl,4.0,case2,aitken-gpu-fixed-round,monthly,9.173361,36,stalled,673.4,0.062125717612453515,False,-0.000478,0.14590318032821697,0.31784837435742913,1.4502853898714545,-3.611212759754606,4,12,0.0,0.0
6.0,30.0,2.695125246853288,59.651562175614984,11.999999981779139,5.0,30.0,LiCl,4.0,case2,aitken-gpu-fixed-round,monthly,9.212745,36,stalled,681.3,0.050398452518300586,False,-0.000604,0.1709112167975023,0.3088106378594236,1.2479774780089723,-3.919209162783783,4,12,0.0,0.0
6.0,33.0,3.1456836925820832,59.999999867038966,11.999999936273685,5.0,30.0,LiCl,4.0,case2,aitken-gpu-fixed-round,monthly,9.402341,36,stalled,696.1,0.03434745969713381,False,-0.001120,0.19040005430330803,0.1285307013877461,1.0448422910360526,-3.8548409226025893,4,12,0.0,0.0
6.0,36.0,2.972534812609467,59.999999844731754,11.9999999887071,5.0,30.0,LiCl,4.0,case2,aitken-gpu-fixed-round,monthly,7.938192,36,stalled,673.9,0.04142590641452348,False,-0.002089,0.12785038657948283,0.1421181394719549,1.277478587511645,-3.8673095382982527,3,12,0.0,0.0
6.0,39.0,2.2620049823282775,59.83432724207119,11.99999995786013,5.0,30.0,LiCl,4.0,case2,aitken-gpu-fixed-round,monthly,7.596076,33,stalled,512.3,0.06810921916240902,False,-0.000945,0.07857873275761365,0.26877545401709996,2.3033602910619404,-2.1696065669153923,4,9,0.0,0.0
6.0,42.0,2.927298220516486,59.99999985229366,11.99999973137491,5.0,30.0,LiCl,4.0,case2,aitken-gpu-fixed-round,monthly,9.244236,36,stalled,685.1,0.041079577175006356,False,-0.001515,0.16988121790191898,0.24033255600321504,1.572211622866416,-2.9850142271417024,4,12,0.0,0.0
6.0,45.0,2.992982332694807,60.0,12.0,5.0,30.0,LiCl,4.0,case2,aitken-gpu-fixed-round,monthly,8.110266,36,stalled,673.3,0.03426819911633835,False,-0.000802,0.15170302451861356,0.21890019379949652,1.361797554210321,-3.5003612253028433,4,12,0.0,0.0
6.0,48.0,3.0285977352229234,59.999999980972426,11.99999989020124,5.0,30.0,LiCl,4.0,case2,aitken-gpu-fixed-round,monthly,6.801304,36,stalled,676.6,0.03612129857534729,False,-0.001772,0.09215031898860448,0.15361506665702257,1.024971087871917,-3.9868326018842017,4,12,0.0,0.0
6.0,102.0,1.8381033177269097,25.322596712691528,11.999993875426233,5.0,30.0,LiCl,4.0,case2,aitken-gpu-fixed-round,monthly,6.666084,33,stalled,484.9,0.14348433810282318,False,-0.002878,1.225602302770284,-0.15313938712831673,2.3971196793327274,-0.40676698931661326,4,9,0.0,0.0
6.0,117.0,1.9958837579484532,52.616168780086944,11.414163059164329,5.0,30.0,LiCl,4.0,case2,aitken-gpu-fixed-round,monthly,6.865954,33,stalled,502.7,0.1380146058508284,False,0.003345,2.9668518641815482,5.254806732968299,36.887137910244554,691.3790848890527,2,9,0.0,0.0
9.0,-78.0,1.4463584590327083,59.06587341332302,9.970163871494666,5.0,30.0,LiCl,4.0,case2,aitken-gpu-fixed-round,monthly,6.655722,33,stalled,506.9,0.1617776921848108,False,0.002593,7.284977160186453,0.6442038078807987,3.963222932553298,5.547958754487037,4,9,0.0,0.0
9.0,-75.0,1.9958837579484532,52.616168780086944,11.414163059164329,5.0,30.0,LiCl,4.0,case2,aitken-gpu-fixed-round,monthly,6.357928,33,stalled,493.6,0.12002462307492545,False,-0.002785,1.0408260927402442,0.49042979987127844,7.667346363087381,26.433330369305384,2,9,0.0,0.0
9.0,-72.0,1.9958837579484532,52.616168780086944,11.414163059164329,5.0,30.0,LiCl,4.0,case2,aitken-gpu-fixed-round,monthly,6.174751,33,stalled,492.2,0.12413589685565297,False,-0.003302,3.3070443737350517,3.593183906270183,26.068616147560657,343.5978864803198,4,9,0.0,0.0
9.0,-69.0,2.5186931310577383,59.99999893409526,11.99999992306996,5.0,30.0,LiCl,4.0,case2,aitken-gpu-fixed-round,monthly,7.089053,39,stalled,781.0,0.065425159452733,False,-0.002092,0.43368127259492084,0.9600853826607347,8.654573759074816,34.033392037803516,3,15,0.0,0.0
9.0,-66.0,2.5531974757211575,59.999996713786544,11.99999996298877,5.0,30.0,LiCl,4.0,case2,aitken-gpu-fixed-round,monthly,6.716466,33,stalled,527.1,0.060168192664216996,False,-0.001010,0.22857049941809923,0.2735032739465271,3.2727595528744353,1.465807519167531,3,9,0.0,0.0
9.0,-63.0,2.3728769666635965,41.9715131740829,11.999999986717091,5.0,30.0,LiCl,4.0,case2,aitken-gpu-fixed-round,monthly,6.627310,33,stalled,662.1,0.08051814077781781,False,-0.001992,0.3548713300122014,0.7398725428639038,6.354200965561912,16.570902212819654,3,9,0.0,0.0
9.0,-12.0,1.9958837579484532,52.616168780086944,11.414163059164329,5.0,30.0,LiCl,4.0,case2,aitken-gpu-fixed-round,monthly,8.041128,33,stalled,733.5,0.11244443440490856,False,-0.002323,1.3930123300933643,0.18317439999719404,6.285792628729826,16.695061953713367,3,9,0.0,0.0
9.0,-9.0,2.2412886160525556,48.00025572813041,12.0,5.0,30.0,LiCl,4.0,case2,aitken-gpu-fixed-round,monthly,7.936640,33,stalled,535.8,0.08147468364326631,False,-0.002327,1.7521002773028747,0.9573382692281458,9.61156729374317,43.661806694085676,3,9,0.0,0.0
9.0,-6.0,2.423973780328958,59.99999651976666,11.999999833609571,5.0,30.0,LiCl,4.0,case2,aitken-gpu-fixed-round,monthly,8.137638,42,stalled,896.1,0.0682097319616073,False,-0.002376,0.743592963095653,0.9077387743676303,4.420457491020687,6.591933861175408,3,18,0.0,0.0
9.0,-3.0,2.383234467356352,59.99999919802662,11.999999671295862,5.0,30.0,LiCl,4.0,case2,aitken-gpu-fixed-round,monthly,8.395660,39,stalled,845.9,0.06816887551167033,False,-0.001312,0.2924724370795258,0.32177558618066904,3.2879799620187473,0.9530846651383886,3,15,0.0,0.0
9.0,0.0,2.45033751657273,60.0,12.0,5.0,30.0,LiCl,4.0,case2,aitken-gpu-fixed-round,monthly,8.569871,42,stalled,992.0,0.07314765899081847,False,-0.001878,0.9625554773611829,1.0399174171473202,4.831981459492582,8.680947688607647,2,18,0.0,0.0
9.0,3.0,1.9958837579484532,52.616168780086944,11.414163059164329,5.0,30.0,LiCl,4.0,case2,aitken-gpu-fixed-round,monthly,8.636924,33,stalled,567.3,0.07725750153311002,False,0.002357,1.9876139141195466,0.86988049973564,10.43265290452819,52.01242431040397,2,9,0.0,0.0
9.0,6.0,2.33974605793963,60.0,12.0,5.0,30.0,LiCl,4.0,case2,aitken-gpu-fixed-round,monthly,9.275603,42,stalled,1000.2,0.061477651531133194,False,0.000409,0.6975114373731842,0.24844897086086046,3.4259383375147436,2.2576227759392387,3,18,0.0,0.0
9.0,9.0,2.411913258369672,57.536844528524355,11.999999918102432,5.0,30.0,LiCl,4.0,case2,aitken-gpu-fixed-round,monthly,9.854414,42,stalled,970.3,0.07590217730723063,False,-0.001701,0.7529044205044895,0.36641807572443413,2.348806244231348,-0.9586866007923349,4,18,0.0,0.0
9.0,12.0,2.468868272934309,59.99999999894377,11.999999958518401,5.0,30.0,LiCl,4.0,case2,aitken-gpu-fixed-round,monthly,10.008940,36,stalled,731.8,0.06567723925707107,False,-0.001259,0.19946215183494698,0.4788016165124392,1.585633141131835,-3.201759670711187,4,12,0.0,0.0
9.0,15.0,2.4465063398423834,60.0,12.0,5.0,30.0,LiCl,4.0,case2,aitken-gpu-fixed-round,monthly,9.763651,42,stalled,1010.4,0.07643162182899646,False,-0.001360,1.099463861250383,0.45358113739448175,3.9913744198253656,4.9857683900961955,3,18,0.0,0.0
9.0,18.0,2.4573645279532705,60.0,12.0,5.0,30.0,LiCl,4.0,case2,aitken-gpu-fixed-round,monthly,10.314010,36,stalled,713.8,0.07011154308462747,False,-0.002018,0.7842986141749653,0.5303388374020956,7.626727297469372,25.582100698261765,3,12,0.0,0.0
9.0,21.0,2.5636778515554766,56.938799522775824,12.0,5.0,30.0,LiCl,4.0,case2,aitken-gpu-fixed-round,monthly,9.412071,42,stalled,973.3,0.061947796167284415,False,-0.000793,0.8313981626694236,0.4383304616668693,2.4953696782964863,-0.2793325127865274,4,18,0.0,0.0
9.0,24.0,2.357998303909336,59.99999969401221,11.999999950271553,5.0,30.0,LiCl,4.0,case2,aitken-gpu-fixed-round,monthly,10.317919,36,stalled,578.1,0.08304356925662143,False,-0.000894,0.2287125457500005,0.3895064259257278,1.5938297053090258,-3.224524837712116,4,12,0.0,0.0
9.0,27.0,2.532131532957199,59.99999971785034,11.308989501974796,5.0,30.0,LiCl,4.0,case2,aitken-gpu-fixed-round,monthly,11.251201,36,stalled,669.6,0.07207250612776449,False,-0.001246,0.2924764681179435,0.24249073007165123,1.3985363488763187,-3.5208779706501687,4,12,0.0,0.0
9.0,30.0,2.420055522035147,59.999999939372955,11.999999886678983,5.0,30.0,LiCl,4.0,case2,aitken-gpu-fixed-round,monthly,11.103661,42,stalled,916.4,0.0802589312865304,False,-0.002221,0.5853676471798133,0.3774985404012157,2.368357772097606,-1.1787032517296483,3,18,0.0,0.0
9.0,33.0,2.597198651769874,59.99999997474315,11.999999731986657,5.0,30.0,LiCl,4.0,case2,aitken-gpu-fixed-round,monthly,10.370794,36,stalled,679.9,0.05755437535159801,False,-0.000192,0.23380381597129374,0.3162890250445495,1.3863145755160597,-3.548459782898173,4,12,0.0,0.0
9.0,36.0,2.369851986319214,59.999998853834406,11.999999939859674,5.0,30.0,LiCl,4.0,case2,aitken-gpu-fixed-round,monthly,8.625903,36,stalled,671.8,0.05714506042779763,False,-0.000300,0.09919609520850112,0.2923995804572976,1.5666710847255447,-3.757755371333883,4,12,0.0,0.0
9.0,39.0,2.3755854528118467,59.99999762109379,11.999999987068641,5.0,30.0,LiCl,4.0,case2,aitken-gpu-fixed-round,monthly,8.697907,36,stalled,674.7,0.06357133186654534,False,-0.000708,0.07540260247977694,0.7769420427597789,4.31456723293488,4.318266916230824,4,12,0.0,0.0
9.0,42.0,2.6725867710970417,59.99999978821301,11.999999991641578,5.0,30.0,LiCl,4.0,case2,aitken-gpu-fixed-round,monthly,8.788011,36,stalled,693.0,0.05000983617957816,False,-0.001797,0.12069446489872734,0.32589443492358444,1.5268475847288256,-3.5688921194359775,4,12,0.0,0.0
9.0,45.0,3.2437313790599775,59.99999977211982,11.999999985593082,5.0,30.0,LiCl,4.0,case2,aitken-gpu-fixed-round,monthly,8.346332,36,stalled,685.9,0.02595610932691405,False,-0.000538,0.16114863246069627,0.2641170517254718,1.2905470802050323,-3.389152962323518,4,12,0.0,0.0
9.0,48.0,3.3438557645176763,59.999999853717846,11.999999996502927,5.0,30.0,LiCl,4.0,case2,aitken-gpu-fixed-round,monthly,8.389432,36,stalled,674.9,0.027453699274743466,False,-0.001791,0.140453088337257,0.12578151693679618,1.1188303182248631,-3.8843283944543527,4,12,0.0,0.0
9.0,78.0,2.5633944705186216,47.887923172697775,11.999999950347007,5.0,30.0,LiCl,4.0,case2,aitken-gpu-fixed-round,monthly,7.113411,33,stalled,477.8,0.06390284656277882,False,-0.001801,0.38911362362650914,0.5296136140535267,6.06703685475415,14.753009380244476,3,9,0.0,0.0
9.0,81.0,2.384508607525604,59.99999900571309,11.999998552845604,5.0,30.0,LiCl,4.0,case2,aitken-gpu-fixed-round,monthly,6.736050,39,stalled,758.5,0.07760459759789551,False,-0.001959,0.5976951619473098,0.5529093174220936,8.855226878255332,35.4771610135606,4,15,0.0,0.0
9.0,99.0,1.9958837579484532,52.616168780086944,11.414163059164329,5.0,30.0,LiCl,4.0,case2,aitken-gpu-fixed-round,monthly,6.564928,33,stalled,515.4,0.11123999450517952,False,-0.001442,2.3000450972270867,1.3348321631629407,12.208158929074445,72.67332254221026,4,9,0.0,0.0
9.0,105.0,1.9958837579484532,52.616168780086944,11.414163059164329,5.0,30.0,LiCl,4.0,case2,aitken-gpu-fixed-round,monthly,6.752237,33,stalled,494.8,0.10621238387919169,False,-0.000232,2.02299047095168,0.10499202358410716,6.443599705249129,17.989671980828966,4,9,0.0,0.0
9.0,126.0,1.9958837579484532,52.616168780086944,11.414163059164329,5.0,30.0,LiCl,4.0,case2,aitken-gpu-fixed-round,monthly,6.951472,33,stalled,494.0,0.12831507202581285,False,-0.004915,2.913349235004683,0.021672012251835467,6.546958165591039,18.594324139782508,2,9,0.0,0.0
12.0,-84.0,1.6505952717649715,43.513493317478435,12.0,5.0,30.0,LiCl,4.0,case2,aitken-gpu-fixed-round,monthly,6.839344,39,stalled,792.0,0.14831054866711915,False,-0.001549,2.4514598432775934,0.5743989120715063,6.595429184403749,18.680484362271518,4,15,0.0,0.0
12.0,-72.0,2.609223254511669,59.999999692039076,11.999999985982303,5.0,30.0,LiCl,4.0,case2,aitken-gpu-fixed-round,monthly,6.449281,36,stalled,639.3,0.057825575753965956,False,-0.001380,0.1078261056618386,-0.16342064027275235,1.7835032926571295,-3.0438743039248606,3,12,0.0,0.0
12.0,-15.0,2.3964499591446806,60.0,12.0,5.0,30.0,LiCl,4.0,case2,aitken-gpu-fixed-round,monthly,8.135401,36,stalled,621.8,0.06138650755359391,False,-0.001190,0.5767034657207593,-0.05685131044899752,3.0499747095974996,0.9643155260081824,1,12,0.0,0.0
12.0,-12.0,2.4908518016858574,59.78584495478553,12.0,5.0,30.0,LiCl,4.0,case2,aitken-gpu-fixed-round,monthly,9.726773,42,stalled,934.5,0.0736518938910303,False,-0.002091,1.1461079759142623,0.6903378622219764,4.308139278891413,6.169594149799433,3,18,0.0,0.0
12.0,-9.0,2.5068180171164247,59.99999098149968,11.999999971916662,5.0,30.0,LiCl,4.0,case2,aitken-gpu-fixed-round,monthly,10.482394,33,stalled,536.8,0.07753234606005474,False,0.004043,0.9085699857559989,0.5290192993088676,7.971885729894739,28.342713635139283,3,9,0.0,0.0
12.0,-6.0,2.2710997960184316,56.17979682148407,12.0,5.0,30.0,LiCl,4.0,case2,aitken-gpu-fixed-round,monthly,10.274244,42,stalled,929.0,0.07335489211602784,False,-0.000755,1.1814743140262693,0.5014845945853584,3.8921403067944595,4.291653444898747,2,18,0.0,0.0
12.0,-3.0,2.3893243667108814,60.0,12.0,5.0,30.0,LiCl,4.0,case2,aitken-gpu-fixed-round,monthly,10.140587,42,stalled,944.2,0.07544830361755023,False,-0.001535,1.3148588452476049,0.6727530939205296,4.507583634950451,6.976218624977591,3,18,0.0,0.0
12.0,0.0,2.329860567161123,59.99999947315784,11.999999950393716,5.0,30.0,LiCl,4.0,case2,aitken-gpu-fixed-round,monthly,10.424953,42,stalled,1067.6,0.06598711458190858,False,0.000352,0.8335372553130609,0.4709255500571789,3.742433062592961,3.5145353520036524,4,18,0.0,0.0
12.0,3.0,2.474254747393408,59.99999927712012,11.999999810079155,5.0,30.0,LiCl,4.0,case2,aitken-gpu-fixed-round,monthly,10.854724,39,stalled,849.0,0.08028717993061753,False,-0.003515,1.0354102155735594,0.6033195333536059,8.170660072430001,29.837640326694434,3,15,0.0,0.0
12.0,6.0,2.311282583252147,59.999999751661456,11.99999990803849,5.0,30.0,LiCl,4.0,case2,aitken-gpu-fixed-round,monthly,10.020281,39,stalled,263.5,0.08173242594883384,False,-0.001621,0.5221906608654965,0.1532663794506922,4.038502408970594,4.343860538372519,4,15,0.0,0.0
12.0,9.0,2.4740879038337518,59.99999985295984,11.999999857120933,5.0,30.0,LiCl,4.0,case2,aitken-gpu-fixed-round,monthly,9.983997,42,stalled,1000.9,0.06274379935547027,False,-0.001085,0.3888901879847034,0.35372258863283507,2.134575995727846,-1.7221805603920046,4,18,0.0,0.0
12.0,12.0,2.076150889844602,55.148398284993085,11.99999984566534,5.0,30.0,LiCl,4.0,case2,aitken-gpu-fixed-round,monthly,11.414998,33,stalled,533.2,0.08996144391922493,False,0.003150,0.49060305178356767,0.22453752379035194,3.113899627048542,1.1550142811077877,3,9,0.0,0.0
12.0,15.0,2.4069230656056186,60.0,12.0,5.0,30.0,LiCl,4.0,case2,aitken-gpu-fixed-round,monthly,12.370344,36,stalled,707.6,0.08893540126838952,False,-0.000987,0.8039850311686523,0.21723242452207397,5.272235044598849,10.157728990949316,3,12,0.0,0.0
12.0,18.0,2.386815366960152,59.07163361649348,12.0,5.0,30.0,LiCl,4.0,case2,aitken-gpu-fixed-round,monthly,12.373510,39,stalled,876.0,0.0829758161327323,False,-0.003144,0.8437996006617797,0.06469453512238683,3.7529625213694917,3.459903258492718,3,15,0.0,0.0
12.0,21.0,2.521178099570473,60.0,12.0,5.0,30.0,LiCl,4.0,case2,aitken-gpu-fixed-round,monthly,12.394033,42,stalled,1032.7,0.07618312184686032,False,-0.003531,1.4446894263664063,0.5467359060461195,3.4717132078390893,2.850502432211481,3,18,0.0,0.0
12.0,24.0,2.3666282668538106,59.99999994766479,11.999999994271604,5.0,30.0,LiCl,4.0,case2,aitken-gpu-fixed-round,monthly,12.558631,36,stalled,762.2,0.08622323771541371,False,-0.002265,0.3901251022555234,0.42571382496641663,1.8269163320695245,-2.6927023754943886,4,12,0.0,0.0
12.0,27.0,2.496745136843323,59.99999985254713,11.9999999611827,5.0,30.0,LiCl,4.0,case2,aitken-gpu-fixed-round,monthly,12.998826,39,stalled,881.0,0.06297495533984807,False,-0.001336,0.5578696750544277,0.09044814013264849,2.2427862204447866,-1.4815362146057485,3,15,0.0,0.0
12.0,30.0,2.526227921181602,59.99999774976576,11.999999876133359,5.0,30.0,LiCl,4.0,case2,aitken-gpu-fixed-round,monthly,12.620803,36,stalled,741.0,0.06022429042702398,False,-0.000568,0.31789106879287715,0.23965282700708257,1.5379781298691433,-3.0466838730978276,4,12,0.0,0.0
12.0,33.0,2.6981259406909226,59.99999992372812,11.999999992220733,5.0,30.0,LiCl,4.0,case2,aitken-gpu-fixed-round,monthly,12.316225,36,stalled,741.3,0.06981319642697299,False,-0.001517,0.35138532577367193,0.2516650833854606,1.3276384935832404,-3.350689262724389,4,12,0.0,0.0
12.0,36.0,2.4664148804171284,59.99999948502095,11.999999995262211,5.0,30.0,LiCl,4.0,case2,aitken-gpu-fixed-round,monthly,9.689803,42,stalled,1020.1,0.08728736138513342,False,-0.001644,0.3786831421715878,0.22052127810017888,2.1776379963339165,-1.8560684685390645,4,18,0.0,0.0
12.0,39.0,2.6600788651545955,59.99999989703239,11.999999971559657,5.0,30.0,LiCl,4.0,case2,aitken-gpu-fixed-round,monthly,10.261564,36,stalled,542.0,0.04538073707886818,False,-0.001214,0.1698579357715394,0.26531338467900323,1.365581217145813,-3.669259101846275,4,12,0.0,0.0
12.0,42.0,3.08400798250155,60.0,12.0,5.0,30.0,LiCl,4.0,case2,aitken-gpu-fixed-round,monthly,8.373988,36,stalled,754.7,0.034867440224919215,False,-0.001247,0.14230742654251557,0.1456009261416119,1.1661982398962916,-3.9188243542145895,3,12,0.0,0.0
12.0,51.0,3.3028217446760286,60.0,12.0,5.0,30.0,LiCl,4.0,case2,aitken-gpu-fixed-round,monthly,7.430084,33,stalled,675.7,0.02353066990553704,False,-0.001149,0.14592210234438663,0.16988122652278076,0.9908999515683974,-3.677774895475559,4,9,0.0,0.0
12.0,78.0,2.333515098694035,52.498340342432186,11.999999974157365,5.0,30.0,LiCl,4.0,case2,aitken-gpu-fixed-round,monthly,7.546822,33,stalled,606.1,0.07901590216705577,False,-0.002955,0.4570667013500512,0.5403974660159511,6.2122239650187865,15.719913137399871,3,9,0.0,0.0
12.0,99.0,1.9958837579484532,52.616168780086944,11.414163059164329,5.0,30.0,LiCl,4.0,case2,aitken-gpu-fixed-round,monthly,7.016410,33,stalled,554.1,0.11670827800681734,False,-0.002815,0.868858838378218,0.0893724597683773,4.431269790629059,6.52035766463066,3,9,0.0,0.0
12.0,105.0,2.4407085874137824,53.39764802345344,11.999999838664834,5.0,30.0,LiCl,4.0,case2,aitken-gpu-fixed-round,monthly,7.185953,39,stalled,980.1,0.08069407983945666,False,-0.003371,0.8143694757077419,-0.0012644620758315945,5.152891244996553,9.79596550389845,3,15,0.0,0.0
12.0,108.0,2.0121184882492655,46.21390603156074,12.0,5.0,30.0,LiCl,4.0,case2,aitken-gpu-fixed-round,monthly,6.698996,33,stalled,627.5,0.10877302006854311,False,-0.002474,1.712887989044181,1.9216133415816603,15.456073031373629,118.34154364741916,2,9,0.0,0.0
15.0,-90.0,2.1840773443221035,59.99999829144424,11.999999803553727,5.0,30.0,LiCl,4.0,case2,aitken-gpu-fixed-round,monthly,7.558397,33,stalled,636.9,0.0797350228703031,False,-0.001087,0.09017009096754523,-0.2528790844901182,2.2842406346055304,-2.4968995884765617,3,9,0.0,0.0
15.0,-87.0,2.242601829765275,59.24809284897399,11.999999875342628,5.0,30.0,LiCl,4.0,case2,aitken-gpu-fixed-round,monthly,7.657338,33,stalled,623.1,0.09181120600515515,False,-0.002362,0.2402451368275493,0.15832514216623533,2.7999627452002684,-0.25343291842186044,2,9,0.0,0.0
15.0,-84.0,1.9958837579484532,52.616168780086944,11.414163059164329,5.0,30.0,LiCl,4.0,case2,aitken-gpu-fixed-round,monthly,6.853816,33,stalled,618.0,0.12637589606037958,False,-0.004322,2.4767056657710893,-0.2226383802405895,3.760403532856046,4.272335538942448,4,9,0.0,0.0
15.0,-15.0,2.3447714607306027,59.999999703035684,11.999999934790061,5.0,30.0,LiCl,4.0,case2,aitken-gpu-fixed-round,monthly,10.609717,42,stalled,951.3,0.08763430214436606,False,-0.001641,0.729018048384562,0.4258199914707303,2.2140098140801565,-1.1844312617066177,3,18,0.0,0.0
15.0,-12.0,2.5173552680997706,59.99999953603259,11.999999958445347,5.0,30.0,LiCl,4.0,case2,aitken-gpu-fixed-round,monthly,12.668883,42,stalled,973.9,0.08135947030012866,False,-0.001658,0.7012012929629854,0.2580626230979262,2.258061788138952,-1.2350849215176265,4,18,0.0,0.0
15.0,-9.0,2.6229779833581675,59.99999961629339,11.999999963936629,5.0,30.0,LiCl,4.0,case2,aitken-gpu-fixed-round,monthly,12.891653,42,stalled,972.3,0.07747454586849566,False,-0.001814,0.7215543262633071,0.3172121950150486,2.122908581660999,-1.4892448638246276,3,18,0.0,0.0
15.0,-6.0,2.6449697465194624,59.9999997845209,11.999999972557063,5.0,30.0,LiCl,4.0,case2,aitken-gpu-fixed-round,monthly,13.394154,36,stalled,720.3,0.07557706474047206,False,-0.001803,0.40556461240779357,0.09907014181892737,1.3701411190535808,-3.2645992529800685,4,12,0.0,0.0
15.0,-3.0,2.876993508229888,59.9999998638751,11.999999977543762,5.0,30.0,LiCl,4.0,case2,aitken-gpu-fixed-round,monthly,13.798357,36,stalled,722.3,0.0648193126970839,False,-0.002309,0.4314333355023812,0.21347583985076563,1.6186607794748777,-3.024102230327319,4,12,0.0,0.0
15.0,0.0,2.8113599672751386,59.99999996412601,11.999999985392865,5.0,30.0,LiCl,4.0,case2,aitken-gpu-fixed-round,monthly,13.988844,36,stalled,728.3,0.05012643363257892,False,-0.000402,0.42997457930429656,0.23022404684311873,1.3989718238778255,-3.269642849068232,4,12,0.0,0.0
15.0,3.0,2.856154077936726,59.99999999856241,11.999999993478982,5.0,30.0,LiCl,4.0,case2,aitken-gpu-fixed-round,monthly,13.523359,36,stalled,725.3,0.060658334647925784,False,-0.001201,0.3922074377325786,0.17372885306544936,1.4188573249296785,-3.386019874470648,4,12,0.0,0.0
15.0,6.0,2.368052034266226,59.999999521574686,11.999999929699163,5.0,30.0,LiCl,4.0,case2,aitken-gpu-fixed-round,monthly,13.183882,36,stalled,716.9,0.0710305777486226,False,-0.001841,0.35949643923409336,0.4082441055742705,1.8003131917254092,-2.5833874559237375,4,12,0.0,0.0
15.0,9.0,2.4621968419156293,59.99999994919221,11.999999997981744,5.0,30.0,LiCl,4.0,case2,aitken-gpu-fixed-round,monthly,13.448035,36,stalled,736.4,0.07342451435206285,False,-0.001725,0.33045166740787485,0.3198827052068446,1.6163447139433966,-3.4212760737412626,3,12,0.0,0.0
15.0,12.0,2.6504271297185347,59.99999993475925,11.99999995980357,5.0,30.0,LiCl,4.0,case2,aitken-gpu-fixed-round,monthly,13.950238,36,stalled,722.7,0.06477767325138534,False,-0.001158,0.4844605524345809,0.4821533446430591,1.9254499385792703,-2.5108857789395103,4,12,0.0,0.0
15.0,15.0,2.674617046964197,59.99999997153646,11.99999999783843,5.0,30.0,LiCl,4.0,case2,aitken-gpu-fixed-round,monthly,14.125130,36,stalled,752.2,0.057635931706488605,False,-0.000582,0.3690559462084563,0.33028864644464084,1.499869764739343,-3.277797670970131,4,12,0.0,0.0
15.0,18.0,2.52950278902062,59.99999996326114,11.999999943719299,5.0,30.0,LiCl,4.0,case2,aitken-gpu-fixed-round,monthly,14.816071,36,stalled,818.0,0.06584240878113606,False,-0.000574,0.47163007182796973,0.25785072475721804,1.7914963811861206,-2.6386828892721845,4,12,0.0,0.0
15.0,21.0,2.5077392210066014,59.489844445019685,11.999999656067844,5.0,30.0,LiCl,4.0,case2,aitken-gpu-fixed-round,monthly,14.393493,36,stalled,738.8,0.06634662363103683,False,-0.000919,0.532644448488147,0.4734514058348672,1.856929332924245,-2.3168472670288476,4,12,0.0,0.0
15.0,24.0,2.441598554453106,59.99999994798191,11.999999898366633,5.0,30.0,LiCl,4.0,case2,aitken-gpu-fixed-round,monthly,13.923629,36,stalled,785.5,0.0749394947979106,False,-0.001592,0.4323092707746168,0.3621671737404488,1.9892842864093356,-2.294536256453867,3,12,0.0,0.0
15.0,27.0,2.4278693092878316,59.9999998544623,11.999999992406023,5.0,30.0,LiCl,4.0,case2,aitken-gpu-fixed-round,monthly,14.191701,36,stalled,358.5,0.07214781816385661,False,-0.001854,0.47461016250699956,0.5274987542876073,1.9150318379479536,-2.204781849813693,4,12,0.0,0.0
15.0,30.0,2.665445225422228,59.99999997497882,11.999999994670269,5.0,30.0,LiCl,4.0,case2,aitken-gpu-fixed-round,monthly,15.047365,36,stalled,818.9,0.05233532656448418,False,-0.000823,0.618378324561486,0.4601663418406542,1.775531142141773,-2.450596829036904,4,12,0.0,0.0
15.0,33.0,2.832142825219767,59.99999996222691,11.999999979349157,5.0,30.0,LiCl,4.0,case2,aitken-gpu-fixed-round,monthly,14.498897,36,stalled,809.2,0.05348205023349113,False,-0.001020,0.4336248741389371,0.21561247932410926,1.5413609111342452,-3.034029648805207,4,12,0.0,0.0
15.0,36.0,2.7096846283644935,59.99999995479625,11.999999992226702,5.0,30.0,LiCl,4.0,case2,aitken-gpu-fixed-round,monthly,10.094096,36,stalled,774.8,0.05929340443231872,False,-0.000105,0.22025304794103326,0.2772387648201201,1.408230824749236,-3.5594282147991887,4,12,0.0,0.0
15.0,39.0,2.6349698695043497,59.99999984626003,11.999999982801299,5.0,30.0,LiCl,4.0,case2,aitken-gpu-fixed-round,monthly,7.986098,36,stalled,778.8,0.04888495164718989,False,-0.001438,0.08920681029216553,0.22300496182869373,1.3296856236866748,-4.158840758502891,4,12,0.0,0.0
15.0,45.0,2.8866366358420334,59.999999910860055,11.99999999122781,5.0,30.0,LiCl,4.0,case2,aitken-gpu-fixed-round,monthly,10.672413,36,stalled,752.6,0.04185436444346285,False,-0.001164,0.27142138259144194,0.3312375210027917,1.567753361764107,-2.756503691577275,4,12,0.0,0.0
15.0,48.0,3.371882273265924,59.999999762599494,11.999999985163587,5.0,30.0,LiCl,4.0,case2,aitken-gpu-fixed-round,monthly,8.399636,33,stalled,605.2,0.02209472295494722,False,-0.001085,0.16030882542195563,0.15245638589093868,1.5270099838902589,-2.9586746781974136,4,9,0.0,0.0
15.0,75.0,1.9958837579484532,52.616168780086944,11.414163059164329,5.0,30.0,LiCl,4.0,case2,aitken-gpu-fixed-round,monthly,7.547876,33,stalled,615.0,0.08620401566233286,False,0.000873,0.7008530141431991,0.014947843957006705,4.032457988540954,5.1550562319336235,5,9,0.0,0.0
15.0,78.0,2.39308031493261,59.99999936232599,11.999999760054976,5.0,30.0,LiCl,4.0,case2,aitken-gpu-fixed-round,monthly,8.413984,36,stalled,742.7,0.06774319723875313,False,-0.000790,0.1362801426588391,0.43852496970653426,1.7206929598703105,-3.294950236312296,4,12,0.0,0.0
15.0,99.0,2.0826304672364118,60.0,12.0,5.0,30.0,LiCl,4.0,case2,aitken-gpu-fixed-round,monthly,7.820081,33,stalled,554.1,0.0898436448170958,False,-0.000382,0.6773655450751056,0.4362021526077275,7.152327274322685,22.129275955611273,2,9,0.0,0.0
15.0,102.0,2.5255674933680026,59.999997447731104,11.99999998285105,5.0,30.0,LiCl,4.0,case2,aitken-gpu-fixed-round,monthly,7.438146,42,stalled,966.9,0.06445023308575955,False,-0.001245,0.4034174816011139,0.4487146064044345,3.5371353481851586,2.381247797574016,3,18,0.0,0.0
15.0,105.0,2.448265353106334,59.999999306868155,11.999967413058606,5.0,30.0,LiCl,4.0,case2,aitken-gpu-fixed-round,monthly,7.512051,39,stalled,827.7,0.07131230863958307,False,-0.001738,0.6308439921715931,0.23142861369013323,7.566385351826183,24.764481592818598,4,15,0.0,0.0
15.0,108.0,1.873246378933758,54.037126408231856,11.999999946234404,5.0,30.0,LiCl,4.0,case2,aitken-gpu-fixed-round,monthly,9.103536,33,stalled,322.5,0.11124254319556001,False,-0.002680,0.3734906152527065,0.30437253359060673,5.308435783083927,9.92888947926279,2,9,0.0,0.0
18.0,-102.0,2.6329637653868794,46.07529966898714,12.0,5.0,30.0,LiCl,4.0,case2,aitken-gpu-fixed-round,monthly,6.662271,33,stalled,517.9,0.06949677698976643,False,0.002794,0.7046580595952814,0.06061036585893024,5.59837246963574,12.411877762899213,3,9,0.0,0.0
18.0,-99.0,2.6073716581506954,59.99999993710163,11.99999999220512,5.0,30.0,LiCl,4.0,case2,aitken-gpu-fixed-round,monthly,7.618738,36,stalled,704.4,0.04886267833436704,False,-0.000839,0.13147364531547856,0.754081630537377,3.320357066311939,1.2477672902499242,4,12,0.0,0.0
18.0,-96.0,1.9958837579484532,52.616168780086944,11.414163059164329,5.0,30.0,LiCl,4.0,case2,aitken-gpu-fixed-round,monthly,6.920839,33,stalled,527.3,0.104607256320739,False,-0.000462,1.7284231300271062,1.6846634186451492,16.243900679683634,130.42458261998758,3,9,0.0,0.0
18.0,-93.0,1.9958837579484532,52.616168780086944,11.414163059164329,5.0,30.0,LiCl,4.0,case2,aitken-gpu-fixed-round,monthly,6.940576,33,stalled,542.8,0.07912324335887903,False,0.003673,1.707089359658719,0.9267668857424519,10.442042448852673,52.200305157750854,2,9,0.0,0.0
18.0,-90.0,1.9958837579484532,52.616168780086944,11.414163059164329,5.0,30.0,LiCl,4.0,case2,aitken-gpu-fixed-round,monthly,6.827627,33,stalled,523.8,0.09391233654283042,False,0.001767,1.8225757678197125,1.8136616100631988,16.474827057876794,134.45127645581147,3,9,0.0,0.0
18.0,-66.0,1.9958837579484532,52.616168780086944,11.414163059164329,5.0,30.0,LiCl,4.0,case2,aitken-gpu-fixed-round,monthly,6.424947,33,stalled,516.5,0.10996249186398864,False,-0.000462,2.3522451585776922,1.4456825204421186,14.767380112325913,107.40531603836165,5,9,0.0,0.0
18.0,-15.0,2.684063676841733,59.99999997359006,11.999999897229094,5.0,30.0,LiCl,4.0,case2,aitken-gpu-fixed-round,monthly,11.707593,36,stalled,714.6,0.062362688950597,False,-0.000984,0.2680442728115456,0.30006472089799346,1.4576687730181728,-3.3799738912781043,4,12,0.0,0.0
18.0,-12.0,3.1343452407980963,59.99999999905577,11.999999989755857,5.0,30.0,LiCl,4.0,case2,aitken-gpu-fixed-round,monthly,16.636938,36,stalled,736.9,0.06619801371119184,False,-0.000873,0.6046820532237112,0.17071928618484597,1.2292142834736943,-3.3515092375843616,4,12,0.0,0.0
18.0,-9.0,3.009410936839644,60.0,11.755947515191735,5.0,30.0,LiCl,4.0,case2,aitken-gpu-fixed-round,monthly,16.205207,36,stalled,955.5,0.07279562762523892,False,-0.001048,0.6380487648223171,0.12056157220431277,1.4789357755543577,-3.224377862407136,4,12,0.0,0.0
18.0,-6.0,3.0839091964542122,59.99999999877838,11.999999968141681,5.0,30.0,LiCl,4.0,case2,aitken-gpu-fixed-round,monthly,15.684972,36,stalled,720.1,0.06333384824649262,False,-0.000918,0.41272463504446716,0.0181594723609459,1.2003362981898313,-3.5999279937584316,3,12,0.0,0.0
18.0,-3.0,2.8181139827376454,59.99999996239945,11.999999983885418,5.0,30.0,LiCl,4.0,case2,aitken-gpu-fixed-round,monthly,17.366071,36,stalled,743.6,0.06743090756226873,False,-0.000829,0.5297596935058245,0.19074355117929953,1.0849712151003972,-3.6510053062585044,4,12,0.0,0.0
18.0,0.0,2.8095300650241155,59.99999980874389,11.99999998749065,5.0,30.0,LiCl,4.0,case2,aitken-gpu-fixed-round,monthly,18.508773,36,stalled,748.8,0.062096310068637015,False,-0.000606,0.6843383770698463,0.23101192637653115,1.4661901404448152,-3.2092344175215515,4,12,0.0,0.0
18.0,3.0,2.633498309580695,59.99999992747879,11.9999999910617,5.0,30.0,LiCl,4.0,case2,aitken-gpu-fixed-round,monthly,17.470930,36,stalled,736.4,0.0669581469051444,False,-0.000735,0.7559541855979358,0.42658260423197947,2.038925022749281,-1.951949796510227,4,12,0.0,0.0
18.0,6.0,2.5389685414606946,60.0,12.0,5.0,30.0,LiCl,4.0,case2,aitken-gpu-fixed-round,monthly,18.103579,36,stalled,700.5,0.06733465049969728,False,-0.000574,0.854583638806012,0.24781362797689635,1.831931885934809,-2.2371701109248656,4,12,0.0,0.0
18.0,9.0,2.501344697157036,59.99999998141334,11.999999998331035,5.0,30.0,LiCl,4.0,case2,aitken-gpu-fixed-round,monthly,17.301624,36,stalled,726.8,0.07223023655255222,False,-0.001322,0.6379749134778447,0.3263817496072484,1.8753918794490558,-2.249641775129696,4,12,0.0,0.0
18.0,12.0,2.402919339376089,59.99999999991798,11.999999980594271,5.0,30.0,LiCl,4.0,case2,aitken-gpu-fixed-round,monthly,15.819432,36,stalled,723.0,0.06448079045062993,False,-0.000535,0.5868270570612288,0.39709475009450024,1.956191801431311,-1.993527743257286,4,12,0.0,0.0
18.0,15.0,2.5397248229122518,59.99999908171194,11.9999999134507,5.0,30.0,LiCl,4.0,case2,aitken-gpu-fixed-round,monthly,15.697060,36,stalled,690.9,0.0528230277937599,False,-0.000849,0.923761963001373,0.6634786903786821,2.2623258239631188,-1.0348401393036746,4,12,0.0,0.0
18.0,18.0,2.747257635674138,59.99999987749693,11.999999965598667,5.0,30.0,LiCl,4.0,case2,aitken-gpu-fixed-round,monthly,16.300520,36,stalled,737.8,0.04676211548029084,False,-0.000681,0.6031014435807546,0.2085918387966321,1.4990679607150317,-2.695615308405416,4,12,0.0,0.0
18.0,21.0,2.4758173591598145,59.99999887899478,11.999999864480838,5.0,30.0,LiCl,4.0,case2,aitken-gpu-fixed-round,monthly,15.503573,36,stalled,729.7,0.06735282149523149,False,-0.000620,0.6337141362075249,0.3511304914930041,2.0095599411460845,-2.069613499640521,4,12,0.0,0.0
18.0,24.0,2.4281525111954387,59.99999976416273,11.999999958700217,5.0,30.0,LiCl,4.0,case2,aitken-gpu-fixed-round,monthly,15.194795,39,stalled,873.6,0.05860284069264575,False,-0.001038,0.7156324385916112,0.39626247954549315,1.9743757342500077,-1.7494298969532656,4,15,0.0,0.0
18.0,27.0,2.5039054623719617,59.99999890605113,11.999999964793979,5.0,30.0,LiCl,4.0,case2,aitken-gpu-fixed-round,monthly,15.840931,36,stalled,939.3,0.05651281413381617,False,-0.000504,0.756230392493615,0.32655870864570524,2.2290309935554675,-1.4445246885329182,4,12,0.0,0.0
18.0,30.0,2.6768877657569154,59.99999850530126,11.999999964064262,5.0,30.0,LiCl,4.0,case2,aitken-gpu-fixed-round,monthly,17.203517,36,stalled,860.5,0.05086882527147653,False,-0.000646,0.8599105559470085,0.41043184317365844,2.3723438943514066,-0.970429989573145,4,12,0.0,0.0
18.0,33.0,2.7322062328494257,59.99999911972906,11.999999955722615,5.0,30.0,LiCl,4.0,case2,aitken-gpu-fixed-round,monthly,15.258683,36,stalled,862.5,0.05854176658322222,False,-0.000638,0.6024551561102746,0.3653497033671085,1.7180809956680325,-2.330112738696212,4,12,0.0,0.0
18.0,36.0,2.7065325755564476,59.99999728808197,11.99999998796806,5.0,30.0,LiCl,4.0,case2,aitken-gpu-fixed-round,monthly,9.713982,36,stalled,246.1,0.05947502595695776,False,-0.001350,0.21858060021096526,0.8317092262221253,3.4461884959610236,1.7408302742069799,4,12,0.0,0.0
18.0,42.0,3.036185844802911,59.99999989491782,11.999999983302217,5.0,30.0,LiCl,4.0,case2,aitken-gpu-fixed-round,monthly,8.297383,36,stalled,747.0,0.036209714412472116,False,-0.001275,0.1562129692079404,0.32473187069396336,1.1769844801905966,-3.510102351087692,4,12,0.0,0.0
18.0,45.0,2.5575566174518944,60.0,12.0,5.0,30.0,LiCl,4.0,case2,aitken-gpu-fixed-round,monthly,13.772736,36,stalled,755.5,0.07301548930353834,False,-0.001687,0.3979535339639631,0.2526098946403237,1.3498485774927609,-3.019963453728761,4,12,0.0,0.0
18.0,48.0,2.5137923077067064,59.999999995604455,11.999999991071324,5.0,30.0,LiCl,4.0,case2,aitken-gpu-fixed-round,monthly,14.609699,39,stalled,938.6,0.08286073169817286,False,-0.002292,0.4563250682022882,0.15322398899458534,1.0796861615507474,-3.2137326171604754,4,15,0.0,0.0
18.0,51.0,3.328239154858957,59.999999974991795,11.999999512228227,5.0,30.0,LiCl,4.0,case2,aitken-gpu-fixed-round,monthly,10.776862,36,stalled,744.1,0.03575897213329807,False,-0.001373,0.40524021838371543,0.3348047626988778,1.7513112186292197,-2.1252961855422416,4,12,0.0,0.0
18.0,54.0,3.442134848544428,59.999999630318946,11.99999990243648,5.0,30.0,LiCl,4.0,case2,aitken-gpu-fixed-round,monthly,8.763479,36,stalled,757.1,0.02293840857841718,False,-0.000575,0.2573499606138413,0.4054333436678973,1.600805993181604,-2.644407078941818,4,12,0.0,0.0
18.0,75.0,2.466168481659988,59.99999902163577,11.999999997753019,5.0,30.0,LiCl,4.0,case2,aitken-gpu-fixed-round,monthly,8.994200,33,stalled,567.3,0.07473551644260079,False,0.001569,0.3046822222083362,0.5168780331984915,3.3476971168341363,1.578670042212807,3,9,0.0,0.0
18.0,78.0,2.461113067693637,60.0,12.0,5.0,30.0,LiCl,4.0,case2,aitken-gpu-fixed-round,monthly,8.804626,33,stalled,565.2,0.06757838908681621,False,-0.001112,0.8133088147208521,0.610142269626041,7.862061716546017,27.73231032409602,3,9,0.0,0.0
18.0,81.0,1.9958837579484532,52.616168780086944,11.414163059164329,5.0,30.0,LiCl,4.0,case2,aitken-gpu-fixed-round,monthly,7.805169,33,stalled,550.3,0.08870476445473088,False,0.002398,0.9655114061229227,-0.015783718974327208,5.088204081168078,9.81922746463073,2,9,0.0,0.0
18.0,96.0,1.997920897918861,47.969879454041994,12.0,5.0,30.0,LiCl,4.0,case2,aitken-gpu-fixed-round,monthly,8.228211,33,stalled,564.2,0.09231576324452635,False,-0.001392,1.145209934789903,0.13031055487842444,1.8934324786667578,-1.4437110673300046,3,9,0.0,0.0
18.0,99.0,1.9958837579484532,52.616168780086944,11.414163059164329,5.0,30.0,LiCl,4.0,case2,aitken-gpu-fixed-round,monthly,7.445134,33,stalled,574.0,0.10563952600411504,False,-0.001515,1.7054603652931424,1.5874954588782229,12.121461779448758,71.76462934600676,3,9,0.0,0.0
18.0,102.0,2.040447415985064,50.635043141465715,12.0,5.0,30.0,LiCl,4.0,case2,aitken-gpu-fixed-round,monthly,7.748744,33,stalled,553.0,0.10293678416320094,False,-0.000995,1.5517142694651105,0.40544762647199917,7.685743373655428,26.71919555112391,5,9,0.0,0.0
18.0,105.0,1.9644750362660486,49.9087503299634,12.0,5.0,30.0,LiCl,4.0,case2,aitken-gpu-fixed-round,monthly,7.457343,33,stalled,564.2,0.12549847878911252,False,-0.004676,1.456579740406099,0.8895675162526953,9.442235156492062,41.67839885512898,3,9,0.0,0.0
21.0,-105.0,1.9958837579484532,52.616168780086944,11.414163059164329,5.0,30.0,LiCl,4.0,case2,aitken-gpu-fixed-round,monthly,6.902255,33,stalled,551.5,0.10017632117186524,False,-0.002900,1.5549985863008635,3.453763485675685,26.211074290011084,346.5959619382111,2,9,0.0,0.0
21.0,-102.0,2.718273401393451,59.99999997340981,11.999999969867284,5.0,30.0,LiCl,4.0,case2,aitken-gpu-fixed-round,monthly,9.771240,36,stalled,568.5,0.07157521880372594,False,-0.001471,0.1275713311432913,0.03394360014139327,1.1539364440746993,-4.328075004283938,4,12,0.0,0.0
21.0,-99.0,1.9958837579484532,52.616168780086944,11.414163059164329,5.0,30.0,LiCl,4.0,case2,aitken-gpu-fixed-round,monthly,7.232039,33,stalled,577.2,0.10015633045494979,False,-0.000449,1.2740097565063224,1.4376493358278113,12.71671008420915,78.70099610779805,4,9,0.0,0.0
21.0,-90.0,1.9958837579484532,52.616168780086944,11.414163059164329,5.0,30.0,LiCl,4.0,case2,aitken-gpu-fixed-round,monthly,6.944561,33,stalled,565.6,0.08336154817247235,False,0.001933,1.6936376414686483,1.5973309190746854,14.354391443467502,101.56568289879652,6,9,0.0,0.0
21.0,-87.0,1.9958837579484532,52.616168780086944,11.414163059164329,5.0,30.0,LiCl,4.0,case2,aitken-gpu-fixed-round,monthly,6.778661,33,stalled,565.6,0.09986470217493597,False,0.000634,2.3587874073535633,3.0382971998895094,23.142163578511788,269.64351283764984,3,9,0.0,0.0
21.0,-78.0,2.434705165486114,60.0,12.0,5.0,30.0,LiCl,4.0,case2,aitken-gpu-fixed-round,monthly,6.778970,33,stalled,560.8,0.08697162727362415,False,-0.000159,0.9398335654369995,1.533920950219059,11.480519774984984,63.76092077416763,3,9,0.0,0.0
21.0,-15.0,2.681748501658782,59.99999997214188,11.999999997529208,5.0,30.0,LiCl,4.0,case2,aitken-gpu-fixed-round,monthly,13.309413,36,stalled,757.9,0.059279496555838175,False,-0.001140,0.3964676355365406,0.25402515533987036,1.270578433071096,-3.031994551007889,4,12,0.0,0.0
21.0,-12.0,2.4793568965282753,59.99999998689562,11.999999945303994,5.0,30.0,LiCl,4.0,case2,aitken-gpu-fixed-round,monthly,16.554524,42,stalled,1108.4,0.10195378487257536,False,-0.001781,0.5000514977999776,0.14035966329309688,1.3502587502030101,-3.453621009423658,3,18,0.0,0.0
21.0,-9.0,2.536157937339946,59.999999997509946,11.999999956176445,5.0,30.0,LiCl,4.0,case2,aitken-gpu-fixed-round,monthly,16.999587,36,stalled,781.1,0.11386608724574358,False,-0.003030,0.534988998185483,0.3480527693950618,1.753980954566052,-2.889224373608662,3,12,0.0,0.0
21.0,-6.0,2.716039866710259,59.99999999067483,11.999999994398882,5.0,30.0,LiCl,4.0,case2,aitken-gpu-fixed-round,monthly,19.875016,42,stalled,1023.9,0.0996825796631487,False,-0.003172,1.0593621635472972,0.35704348461205093,1.7506424696943732,-2.562172528827808,4,18,0.0,0.0
21.0,-3.0,2.823482593425019,59.99999998000954,11.999999994821177,5.0,30.0,LiCl,4.0,case2,aitken-gpu-fixed-round,monthly,20.284104,39,stalled,837.4,0.09622809414527646,False,-0.001570,1.2772743088442746,0.16049567905054551,1.1629120099239754,-3.072583676896556,4,15,0.0,0.0
21.0,0.0,2.31421415110877,59.9999999862404,11.999999996882016,5.0,30.0,LiCl,4.0,case2,aitken-gpu-fixed-round,monthly,20.810555,39,stalled,841.2,0.09834536629205565,False,-0.001702,1.4668502900671256,0.04334931078724414,1.4161037962796652,-2.229745272770635,4,15,0.0,0.0
21.0,3.0,2.1604412248497593,59.99999986257963,11.999996083615972,5.0,30.0,LiCl,4.0,case2,aitken-gpu-fixed-round,monthly,20.634602,42,stalled,1010.1,0.1042949179389844,False,0.000054,1.759676278799444,0.40825247627827155,1.9311472199614539,-1.457006701979574,4,18,0.0,0.0
21.0,6.0,2.1823698341071305,59.99999995926697,11.999999884306153,5.0,30.0,LiCl,4.0,case2,aitken-gpu-fixed-round,monthly,20.551890,42,stalled,988.6,0.09731254313668994,False,-0.002565,1.5718551816026558,0.3922016003104385,1.603447029448811,-2.056707079299274,4,18,0.0,0.0
21.0,9.0,2.346697289136137,59.99999992595902,11.999999970083818,5.0,30.0,LiCl,4.0,case2,aitken-gpu-fixed-round,monthly,19.087105,42,stalled,1024.0,0.07586564308408233,False,-0.002355,0.9656421585842672,0.1504550239047251,1.6850603080594138,-2.640293043255407,4,18,0.0,0.0
21.0,12.0,2.437430246685351,59.99999998061596,11.999999967975983,5.0,30.0,LiCl,4.0,case2,aitken-gpu-fixed-round,monthly,19.696689,42,stalled,1015.0,0.08398733114751913,False,-0.002818,1.0065153167967367,0.02469606723676797,1.6669186252854309,-2.3369525466572023,3,18,0.0,0.0
21.0,15.0,2.752597910773994,59.9999999023744,11.999999578711705,5.0,30.0,LiCl,4.0,case2,aitken-gpu-fixed-round,monthly,18.133541,36,stalled,697.7,0.06744101132018954,False,-0.000638,0.8282393220326086,0.2629907991024097,1.63742232548495,-2.6543595938624533,4,12,0.0,0.0
21.0,18.0,1.9958837579484532,52.616168780086944,11.414163059164329,5.0,30.0,LiCl,4.0,case2,aitken-gpu-fixed-round,monthly,16.460149,33,stalled,543.5,0.10336697610579815,False,-0.001067,0.6044349164747115,0.19191067190795308,1.6295852251185985,-2.4230464810507804,3,9,0.0,0.0
21.0,21.0,2.77269726713274,59.99999861902285,11.99999846628293,5.0,30.0,LiCl,4.0,case2,aitken-gpu-fixed-round,monthly,15.582914,36,stalled,729.6,0.0737354091065374,False,-0.001101,0.5626239919378175,0.15491209841653955,1.3868753641045,-3.0266722427759754,4,12,0.0,0.0
21.0,24.0,2.659420354304933,59.99999990338691,11.999999926615285,5.0,30.0,LiCl,4.0,case2,aitken-gpu-fixed-round,monthly,15.845116,36,stalled,821.0,0.05649231777070797,False,-0.000898,0.6729644008240518,0.27904055085307344,1.7552970616279469,-2.3238891599168117,4,12,0.0,0.0
21.0,27.0,2.778527561236246,59.99999996882313,11.999999990654896,5.0,30.0,LiCl,4.0,case2,aitken-gpu-fixed-round,monthly,14.531278,36,stalled,749.8,0.07706961774502459,False,-0.002216,0.41007038624050024,0.04272567401515423,1.2100621486593772,-3.4453063913856603,4,12,0.0,0.0
21.0,30.0,2.7053637091046214,59.99999998967512,11.999999707160587,5.0,30.0,LiCl,4.0,case2,aitken-gpu-fixed-round,monthly,16.072282,39,stalled,910.7,0.07492661206239366,False,-0.001299,0.6093376793013855,0.27623179880326165,1.2119043991465626,-3.3041249783315436,4,15,0.0,0.0
21.0,33.0,2.6257554713996925,59.999999993871164,11.999999990347408,5.0,30.0,LiCl,4.0,case2,aitken-gpu-fixed-round,monthly,16.299870,39,stalled,585.4,0.07932787364754007,False,-0.001863,0.5937099255744475,0.13725505960044346,1.1784308385095592,-3.5221172578199824,4,15,0.0,0.0
21.0,36.0,2.662398797326316,59.99999998297959,11.999999993828903,5.0,30.0,LiCl,4.0,case2,aitken-gpu-fixed-round,monthly,10.133761,36,stalled,817.7,0.06556939943287711,False,-0.001123,0.2326632674934985,0.7284466412839219,2.5926141985857107,-0.8040618335945162,3,12,0.0,0.0
21.0,42.0,2.9703896313101557,60.0,12.0,5.0,30.0,LiCl,4.0,case2,aitken-gpu-fixed-round,monthly,12.934299,36,stalled,806.3,0.05860985773959694,False,-0.002023,0.3191632583370851,0.28643019437532985,1.5904791803436338,-3.0289502334269764,4,12,0.0,0.0
21.0,45.0,2.524455514780905,59.99999998993842,11.999999993095274,5.0,30.0,LiCl,4.0,case2,aitken-gpu-fixed-round,monthly,16.145116,39,stalled,986.7,0.07941427158756413,False,-0.001181,0.5926108794820812,0.08591548361023957,1.1444157202587746,-3.4033076217768135,4,15,0.0,0.0
21.0,48.0,2.7951900549376556,59.99999999693857,11.999999990025,5.0,30.0,LiCl,4.0,case2,aitken-gpu-fixed-round,monthly,15.417606,36,stalled,864.3,0.07345439693408744,False,-0.001285,0.5756031052283759,0.1879398409868833,1.2587493594212378,-2.9696803465177286,4,12,0.0,0.0
21.0,51.0,2.574622310960325,60.0,12.0,5.0,30.0,LiCl,4.0,case2,aitken-gpu-fixed-round,monthly,13.412835,36,stalled,827.3,0.06974002355140818,False,-0.000498,0.41288461454093983,0.3424780523881735,1.3409177942493105,-2.9334581076954285,4,12,0.0,0.0
21.0,54.0,2.7241360844297877,59.99999992915564,11.999999986920017,5.0,30.0,LiCl,4.0,case2,aitken-gpu-fixed-round,monthly,11.940569,36,stalled,786.4,0.06380943679111814,False,-0.000987,0.34466952139562634,0.5321753265519464,1.6558304527707932,-2.5910018218038204,4,12,0.0,0.0
21.0,57.0,3.3152625817966492,60.0,12.0,5.0,30.0,LiCl,4.0,case2,aitken-gpu-fixed-round,monthly,9.091336,36,stalled,772.2,0.02984099395454052,False,-0.001327,0.17249554454138935,0.1911431249381221,1.0529272664978113,-3.89110744729365,4,12,0.0,0.0
21.0,75.0,2.328895041027474,60.0,12.0,5.0,30.0,LiCl,4.0,case2,aitken-gpu-fixed-round,monthly,9.210326,42,stalled,1067.8,0.08359125250776223,False,-0.003491,0.8171198350768948,0.702711111121444,3.739537144268106,3.7083323677613564,3,18,0.0,0.0
21.0,78.0,2.134892950112235,60.0,12.0,5.0,30.0,LiCl,4.0,case2,aitken-gpu-fixed-round,monthly,8.947595,39,stalled,882.5,0.06745734036790721,False,0.001063,0.6947166121678886,0.7839937210614958,8.336574072952487,31.269277217320145,3,15,0.0,0.0
21.0,81.0,2.4381956762474086,60.0,12.0,5.0,30.0,LiCl,4.0,case2,aitken-gpu-fixed-round,monthly,9.037722,33,stalled,581.7,0.06939703461917297,False,-0.000803,0.30189294569586345,-0.09173750297559399,1.7644988554465255,-2.1799593413240905,4,9,0.0,0.0
21.0,84.0,2.3343236493549946,56.04005268356631,11.999999806044439,5.0,30.0,LiCl,4.0,case2,aitken-gpu-fixed-round,monthly,8.698740,33,stalled,593.6,0.07669400033403778,False,-0.001825,0.3065647462666305,-0.11141266342731591,1.8457233762075878,-1.9892631799944498,4,9,0.0,0.0
21.0,87.0,1.9958837579484532,52.616168780086944,11.414163059164329,5.0,30.0,LiCl,4.0,case2,aitken-gpu-fixed-round,monthly,7.479619,33,stalled,395.6,0.10135523276409865,False,0.000955,1.035059218485875,0.5739641734978924,6.832718944240516,19.66306194293187,4,9,0.0,0.0
21.0,93.0,1.9958837579484532,52.616168780086944,11.414163059164329,5.0,30.0,LiCl,4.0,case2,aitken-gpu-fixed-round,monthly,7.668289,33,stalled,563.4,0.12818333519892777,False,-0.002262,1.5921466568358493,1.111641384575585,9.039045312367643,38.13294302916812,3,9,0.0,0.0
21.0,96.0,2.431119853456753,60.0,12.0,5.0,30.0,LiCl,4.0,case2,aitken-gpu-fixed-round,monthly,8.350423,39,stalled,919.3,0.07416525646441216,False,-0.002448,0.3187417761386264,0.12972129111823222,2.6557669285938172,-1.6156651504254531,4,15,0.0,0.0
21.0,99.0,1.9958837579484532,52.616168780086944,11.414163059164329,5.0,30.0,LiCl,4.0,case2,aitken-gpu-fixed-round,monthly,7.815188,33,stalled,560.8,0.10751509608468977,False,-0.002203,2.1431165208883725,2.111977328798299,17.589235728457684,153.88398074447818,3,9,0.0,0.0
21.0,102.0,2.0142001094573763,48.22903615521827,12.0,5.0,30.0,LiCl,4.0,case2,aitken-gpu-fixed-round,monthly,9.038227,33,stalled,616.3,0.1151869522222999,False,-0.003416,1.755148030654907,0.6093520311579835,9.101163160675181,38.45898113356557,2,9,0.0,0.0
21.0,105.0,1.4463584590327083,59.06587341332302,9.970163871494666,5.0,30.0,LiCl,4.0,case2,aitken-gpu-fixed-round,monthly,8.793321,33,stalled,600.2,0.17621360619804846,False,-0.001646,5.606124980551179,-0.0790067165967609,6.274673419303215,17.017947723815222,5,9,0.0,0.0
24.0,-105.0,2.595834375461271,59.999999808977215,11.999999926612494,5.0,30.0,LiCl,4.0,case2,aitken-gpu-fixed-round,monthly,10.431462,36,stalled,890.0,0.06793376042423321,False,-0.001275,0.11385089665212503,0.22881618745168816,1.0049354671881279,-4.377221451057551,4,12,0.0,0.0
24.0,-102.0,2.6160308700813344,59.99999999381085,11.999999979822537,5.0,30.0,LiCl,4.0,case2,aitken-gpu-fixed-round,monthly,10.572291,36,stalled,876.6,0.07104999148896189,False,-0.002835,0.18322342987994372,0.1765334869554198,1.649235417379056,-3.431821364671685,3,12,0.0,0.0
24.0,-99.0,2.467172512119013,59.99999970401122,11.999999946304499,5.0,30.0,LiCl,4.0,case2,aitken-gpu-fixed-round,monthly,7.535357,36,stalled,819.3,0.0687800050921777,False,-0.001769,0.08180950586783668,0.4087874017849023,1.2794269461280747,-4.251289808099451,4,12,0.0,0.0
24.0,-15.0,3.016074333318059,59.99999998944962,11.855269700987606,5.0,30.0,LiCl,4.0,case2,aitken-gpu-fixed-round,monthly,8.951219,36,stalled,749.0,0.03302595993035369,False,-0.000850,0.19226992092244025,0.2565662151143667,1.6109632384509265,-3.054653780323424,4,12,0.0,0.0
24.0,-12.0,2.6078035763110123,59.99999998590251,11.975356539296516,5.0,30.0,LiCl,4.0,case2,aitken-gpu-fixed-round,monthly,12.362069,36,stalled,794.8,0.06655257184436411,False,-0.002259,0.37644297269016974,0.36378963661961455,1.5385577096505119,-2.6752376893711673,4,12,0.0,0.0
24.0,-9.0,2.4144285602662268,59.999999993906066,11.999999998028885,5.0,30.0,LiCl,4.0,case2,aitken-gpu-fixed-round,monthly,15.626921,36,stalled,718.0,0.12196417131994902,False,-0.003246,0.47414240895891197,0.18200769293465868,1.3877103235589208,-3.362600384945309,4,12,0.0,0.0
24.0,-6.0,2.5134519580314225,59.99999954742222,11.9999999695175,5.0,30.0,LiCl,4.0,case2,aitken-gpu-fixed-round,monthly,20.008919,39,stalled,865.0,0.12588247107909117,False,-0.001544,0.9862968564739488,0.2539018268179214,2.1261143123185384,-1.9270311576519954,3,15,0.0,0.0
24.0,-3.0,2.4898286714486124,59.999997328972945,11.999999776869338,5.0,30.0,LiCl,4.0,case2,aitken-gpu-fixed-round,monthly,19.853645,42,stalled,1055.9,0.11163819278694222,False,-0.004472,0.7001351766111967,0.32885576765257635,1.5314216128704046,-2.93718947836107,3,18,0.0,0.0
24.0,0.0,2.5189804064096313,59.999999877438896,11.999999993309443,5.0,30.0,LiCl,4.0,case2,aitken-gpu-fixed-round,monthly,20.874647,36,stalled,732.5,0.11711443193977289,False,-0.002116,0.8859791310142884,0.19878957862409602,1.3436623023854826,-3.52746117212814,4,12,0.0,0.0
24.0,3.0,2.2630691883319685,60.0,12.0,5.0,30.0,LiCl,4.0,case2,aitken-gpu-fixed-round,monthly,21.942816,42,stalled,1016.0,0.13732642793057392,False,-0.000543,1.4624414778212598,0.3512708223713778,1.4021218216886113,-2.9469562543067718,4,18,0.0,0.0
24.0,6.0,2.306534842489336,59.999999946941124,11.999999881844456,5.0,30.0,LiCl,4.0,case2,aitken-gpu-fixed-round,monthly,20.670248,42,stalled,1027.7,0.10321406127872755,False,-0.004172,1.1337566716071854,0.15609243473047482,1.476898999536943,-2.7188301641162584,4,18,0.0,0.0
24.0,9.0,2.3040548485522536,59.99999997268812,11.853247583797001,5.0,30.0,LiCl,4.0,case2,aitken-gpu-fixed-round,monthly,18.242796,42,stalled,1014.9,0.10584682734931544,False,-0.003824,1.119344100492821,0.21205490561115936,1.4078225819772445,-2.7377246291191435,4,18,0.0,0.0
24.0,12.0,2.366422826423995,59.99999996979956,11.999999987184964,5.0,30.0,LiCl,4.0,case2,aitken-gpu-fixed-round,monthly,15.109012,42,stalled,1038.2,0.1122932299494776,False,-0.003564,0.40199555210307897,0.17778497718015754,1.1999015251435565,-3.6822811466895553,3,18,0.0,0.0
24.0,15.0,2.2271118304356454,59.99999998145848,11.999999992368213,5.0,30.0,LiCl,4.0,case2,aitken-gpu-fixed-round,monthly,16.424811,42,stalled,1027.6,0.1154089832759674,False,-0.001123,0.6010396236201344,0.21882772010692017,1.3133686315189705,-3.417567291440004,4,18,0.0,0.0
24.0,18.0,2.4352006316602037,60.0,12.0,5.0,30.0,LiCl,4.0,case2,aitken-gpu-fixed-round,monthly,14.902817,36,stalled,715.5,0.11018742279836459,False,-0.001017,0.420028004908341,0.3165579714653794,1.6393930004096846,-2.9146269626932915,4,12,0.0,0.0
24.0,21.0,2.5525224986027837,59.999999992447634,11.881014375684684,5.0,30.0,LiCl,4.0,case2,aitken-gpu-fixed-round,monthly,14.059020,36,stalled,711.8,0.10582941400475511,False,-0.002045,0.37583889526906317,0.25839202344626006,1.7466527055794256,-2.744055020210836,4,12,0.0,0.0
24.0,24.0,2.5667279677482697,59.999999076892614,11.999999883877717,5.0,30.0,LiCl,4.0,case2,aitken-gpu-fixed-round,monthly,14.346840,36,stalled,721.3,0.0961029220870589,False,-0.001447,0.42141757721284767,0.2761845299766788,1.3607784110747934,-3.2388683113729404,4,12,0.0,0.0
24.0,27.0,2.4777537958304,59.99999991155099,11.999999917906386,5.0,30.0,LiCl,4.0,case2,aitken-gpu-fixed-round,monthly,13.461586,36,stalled,705.5,0.08934548244440275,False,-0.001050,0.3187598311330849,0.2422333402030507,1.3045747637000473,-3.4903627512673907,4,12,0.0,0.0
24.0,30.0,2.71623431475491,59.999999977621066,11.163874478975726,5.0,30.0,LiCl,4.0,case2,aitken-gpu-fixed-round,monthly,14.622372,36,stalled,396.3,0.0881387695850563,False,-0.001408,0.504800837491175,0.25698551222676025,1.5902878554254272,-2.8458269159829785,4,12,0.0,0.0
24.0,33.0,2.6122020802179393,59.99999996299409,11.99999996364947,5.0,30.0,LiCl,4.0,case2,aitken-gpu-fixed-round,monthly,15.288135,36,stalled,721.5,0.09154024418863223,False,-0.001137,0.6191805840583215,0.35325593393260835,1.574363525671046,-2.885748824570682,4,12,0.0,0.0
24.0,39.0,3.1695347777068514,59.999999512146935,11.999999952132912,5.0,30.0,LiCl,4.0,case2,aitken-gpu-fixed-round,monthly,11.888604,36,stalled,701.1,0.04631282518846312,False,-0.000574,0.2930394823100235,0.16996308157418033,0.9850837016706737,-3.5032894608899987,4,12,0.0,0.0
24.0,42.0,2.760857641216496,59.99999965984329,11.999999999592244,5.0,30.0,LiCl,4.0,case2,aitken-gpu-fixed-round,monthly,15.891964,36,stalled,724.2,0.08058248234677436,False,-0.001110,0.6125815323859704,0.14178645865727427,1.7038546871441005,-2.612902555333012,4,12,0.0,0.0
24.0,45.0,2.5425556380882735,59.99999996320903,11.999999996111049,5.0,30.0,LiCl,4.0,case2,aitken-gpu-fixed-round,monthly,16.689045,39,stalled,864.4,0.07389137544394196,False,-0.001269,1.575938994026686,0.20921580720382071,1.5718216004701322,-2.51129769439941,4,15,0.0,0.0
24.0,48.0,2.5920320889877706,59.999979582091456,11.999999954046704,5.0,30.0,LiCl,4.0,case2,aitken-gpu-fixed-round,monthly,15.770803,36,stalled,730.2,0.0723620323542615,False,-0.000714,0.6333795386741214,0.2940836147026108,1.6305565166302862,-2.6855227054645345,4,12,0.0,0.0
24.0,51.0,2.9765208233415823,59.999999874948706,11.999999966671371,5.0,30.0,LiCl,4.0,case2,aitken-gpu-fixed-round,monthly,9.775789,36,stalled,705.4,0.04408462100392003,False,-0.000829,0.23596654087576727,0.4555129097823898,1.7544016531780318,-2.78162833558759,4,12,0.0,0.0
24.0,54.0,2.965408270655387,59.99999993781123,11.999999998600556,5.0,30.0,LiCl,4.0,case2,aitken-gpu-fixed-round,monthly,7.785589,36,stalled,701.9,0.03279756596914228,False,-0.000948,0.15381080251145485,0.8164520122870887,3.069662588979806,0.4616119308758915,4,12,0.0,0.0
24.0,57.0,3.30086607794727,59.99999992242207,11.999999908077463,5.0,30.0,LiCl,4.0,case2,aitken-gpu-fixed-round,monthly,8.597653,36,stalled,1042.9,0.028380106286396103,False,-0.001797,0.16462940242894203,0.304203381124287,1.210071615291579,-3.6342364197072365,4,12,0.0,0.0
24.0,69.0,2.4929536302802693,59.99999903235074,11.999999850783434,5.0,30.0,LiCl,4.0,case2,aitken-gpu-fixed-round,monthly,7.870435,39,stalled,989.1,0.06781100711796671,False,-0.001794,0.2863163649523581,0.4216866311220668,4.042989221114507,3.679998982809626,3,15,0.0,0.0
24.0,72.0,2.3095700059232525,60.0,12.0,5.0,30.0,LiCl,4.0,case2,aitken-gpu-fixed-round,monthly,9.891729,39,stalled,1112.9,0.061525414015221914,False,0.001158,1.0671117317445016,0.35753369615878844,6.321835877038292,16.603469085311136,4,15,0.0,0.0
24.0,75.0,2.372939800655774,60.0,12.0,5.0,30.0,LiCl,4.0,case2,aitken-gpu-fixed-round,monthly,9.869137,33,stalled,746.5,0.07962419428705692,False,-0.000877,1.0031205014557203,0.20511603471308007,7.05229091538017,21.751537927803604,3,9,0.0,0.0
24.0,78.0,2.107741759931184,56.75901312798773,11.999999992747574,5.0,30.0,LiCl,4.0,case2,aitken-gpu-fixed-round,monthly,9.627515,33,stalled,539.9,0.08386250290270011,False,-0.000810,0.493500238826156,-0.24148358044242413,1.9203857096454642,-1.816167878763007,4,9,0.0,0.0
24.0,81.0,2.393515679932181,50.030166566410415,11.999999843503968,5.0,30.0,LiCl,4.0,case2,aitken-gpu-fixed-round,monthly,8.715199,33,stalled,547.0,0.073081792198194,False,-0.001268,0.7303561455970732,0.24976370942632165,6.297903574530635,16.62389228806096,3,9,0.0,0.0
24.0,84.0,2.2435289327440486,60.0,12.0,5.0,30.0,LiCl,4.0,case2,aitken-gpu-fixed-round,monthly,9.070253,33,stalled,741.9,0.0796155571966088,False,-0.002529,1.555126536988752,0.4986716648311045,7.211293635549467,23.260248924576068,1,9,0.0,0.0
24.0,87.0,1.9958837579484532,52.616168780086944,11.414163059164329,5.0,30.0,LiCl,4.0,case2,aitken-gpu-fixed-round,monthly,8.442049,33,stalled,586.0,0.08992488350073459,False,0.001749,1.1174218908216935,-0.24449488046672213,4.391242462980439,6.447003322718796,5,9,0.0,0.0
24.0,90.0,1.9136582360189438,45.61882666531442,12.0,5.0,30.0,LiCl,4.0,case2,aitken-gpu-fixed-round,monthly,7.721701,33,stalled,498.9,0.12479351787867858,False,-0.002495,0.5276400279898222,-0.4212893644098871,1.9853332627396651,-2.4961674551255033,4,9,0.0,0.0
24.0,93.0,1.9958837579484532,52.616168780086944,11.414163059164329,5.0,30.0,LiCl,4.0,case2,aitken-gpu-fixed-round,monthly,7.426706,33,stalled,644.8,0.12876291837413434,False,-0.001818,1.082453516740263,0.18969607744280823,4.86761837654107,8.657430980437343,2,9,0.0,0.0
24.0,96.0,1.9958837579484532,52.616168780086944,11.414163059164329,5.0,30.0,LiCl,4.0,case2,aitken-gpu-fixed-round,monthly,7.869959,33,stalled,642.0,0.12118801756009658,False,-0.004317,2.332407451541951,0.9862254865295355,13.023070804025185,82.52649792387119,3,9,0.0,0.0
24.0,99.0,2.004831119007025,59.99999996378691,11.999999997276397,5.0,30.0,LiCl,4.0,case2,aitken-gpu-fixed-round,monthly,9.800002,33,stalled,642.2,0.09488164305179402,False,-0.000818,0.09780926734875776,0.2468837690466212,1.6346080155750156,-3.9677299535087873,4,9,0.0,0.0
24.0,102.0,2.1206325588408657,59.99999985290451,11.999999995047045,5.0,30.0,LiCl,4.0,case2,aitken-gpu-fixed-round,monthly,9.320725,33,stalled,598.4,0.09460483978129783,False,-0.002806,0.092241718442211,0.9194846679946941,2.900044453349771,-0.6728053421637388,4,9,0.0,0.0
24.0,105.0,1.8851026332304235,59.999994867088986,11.9999999919069,5.0,30.0,LiCl,4.0,case2,aitken-gpu-fixed-round,monthly,9.504879,33,stalled,600.2,0.11465243584530123,False,-0.000854,0.15785502082869246,0.07399497934561837,2.2831776656977607,-2.0564845036887376,3,9,0.0,0.0
24.0,108.0,1.9958837579484532,52.616168780086944,11.414163059164329,5.0,30.0,LiCl,4.0,case2,aitken-gpu-fixed-round,monthly,9.896503,33,stalled,429.4,0.14129680158281419,False,0.003237,5.03410677005073,5.055601366547878,31.03561244286843,491.36219468716394,2,9,0.0,0.0
24.0,111.0,1.9958837579484532,52.616168780086944,11.414163059164329,5.0,30.0,LiCl,4.0,case2,aitken-gpu-fixed-round,monthly,10.023465,33,stalled,551.3,0.12876280235109258,False,-0.002844,1.7286552820430081,1.2235292387784615,10.33481618587436,51.06610649899353,3,9,0.0,0.0
24.0,114.0,1.807968025112778,42.91524180449237,11.999999974128848,5.0,30.0,LiCl,4.0,case2,aitken-gpu-fixed-round,monthly,9.967691,39,stalled,868.1,0.14538743245574764,False,-0.005494,1.217029536403622,0.5275498814340251,9.187782698292327,38.57226886889827,2,15,0.0,0.0
24.0,117.0,1.7252828176574275,59.99999288389381,11.999855491116342,5.0,30.0,LiCl,4.0,case2,aitken-gpu-fixed-round,monthly,8.520741,39,stalled,846.5,0.15007553082488745,False,-0.003545,0.9260471213129268,-0.006195947973978974,2.2884413211143966,-0.9853532693859006,3,15,0.0,0.0
27.0,-114.0,2.440685433048436,59.99999991147137,11.999999918960551,5.0,30.0,LiCl,4.0,case2,aitken-gpu-fixed-round,monthly,8.078257,36,stalled,762.6,0.044454475951229734,False,-0.000203,0.11453481876788373,0.44169553640560655,2.031643184921265,-2.364825041764224,4,12,0.0,0.0
27.0,-108.0,3.267484049606265,59.999999809543056,11.999999957834458,5.0,30.0,LiCl,4.0,case2,aitken-gpu-fixed-round,monthly,11.583982,36,stalled,875.8,0.03847361764952247,False,-0.001044,0.4099018055203185,0.38831408925500394,1.5307615791601068,-2.507718420400689,4,12,0.0,0.0
27.0,-105.0,2.617746767026862,59.999999946070446,11.33260504855195,5.0,30.0,LiCl,4.0,case2,aitken-gpu-fixed-round,monthly,13.280427,36,stalled,1008.2,0.06029048187130952,False,-0.002348,0.3716350152717513,1.7479748323913264,9.569724459025027,42.93941599835448,4,12,0.0,0.0
27.0,-102.0,3.002681910847205,59.99999994613108,11.999999939991781,5.0,30.0,LiCl,4.0,case2,aitken-gpu-fixed-round,monthly,10.473019,36,stalled,839.7,0.04380198046242393,False,-0.001913,0.31550239941432523,0.46716937942326114,1.4589929654214904,-2.6418474362757007,4,12,0.0,0.0
27.0,-99.0,2.5423515336331453,59.999999990521694,11.999999998258863,5.0,30.0,LiCl,4.0,case2,aitken-gpu-fixed-round,monthly,8.056726,36,stalled,769.7,0.06053218650409819,False,-0.000855,0.10829308430138422,0.2190250213204872,1.2819608336233927,-4.295409895934964,4,12,0.0,0.0
27.0,-81.0,2.2525688006355016,59.99999912794193,11.999999131040497,5.0,30.0,LiCl,4.0,case2,aitken-gpu-fixed-round,monthly,7.839489,36,stalled,824.2,0.06780524299053063,False,-0.000195,0.08648486678964806,0.11731406877533937,1.1696533453849893,-4.445440064323973,4,12,0.0,0.0
27.0,-12.0,2.5827803514544607,60.0,12.0,5.0,30.0,LiCl,4.0,case2,aitken-gpu-fixed-round,monthly,8.863069,36,stalled,765.0,0.042046592460180825,False,0.000201,0.1605854536055778,1.0060845380777739,3.3887874073007254,1.7967141405080718,4,12,0.0,0.0
27.0,-9.0,2.447509431628213,60.0,12.0,5.0,30.0,LiCl,4.0,case2,aitken-gpu-fixed-round,monthly,11.544658,39,stalled,1226.2,0.06786728710627792,False,-0.000864,0.25056386589708224,0.3137681590180472,1.1829916079246179,-3.3366358097908098,4,15,0.0,0.0
27.0,-6.0,2.6129106939760853,59.99999998100709,11.99999999775739,5.0,30.0,LiCl,4.0,case2,aitken-gpu-fixed-round,monthly,17.009662,36,stalled,817.6,0.11305624022757042,False,-0.002692,0.5997672025240972,0.1822997673994915,1.5139661585258621,-3.2045498424321854,4,12,0.0,0.0
27.0,-3.0,2.5780217185281256,59.999999938104686,11.999999911326508,5.0,30.0,LiCl,4.0,case2,aitken-gpu-fixed-round,monthly,19.774167,36,stalled,768.6,0.07795632501151367,False,-0.000958,0.9206530160473924,0.20855957442930026,1.4089641956272025,-2.9678918335242317,4,12,0.0,0.0
27.0,0.0,2.6174812011588897,59.99999998291128,11.99999999143268,5.0,30.0,LiCl,4.0,case2,aitken-gpu-fixed-round,monthly,22.114429,39,stalled,937.1,0.08777575321638136,False,-0.001652,0.9638460728330777,-0.19883863778800642,1.542219684109643,-4.470569250359542,3,15,0.0,0.0
27.0,3.0,2.577022003418305,59.99999990209538,11.99999999693695,5.0,30.0,LiCl,4.0,case2,aitken-gpu-fixed-round,monthly,20.893131,42,stalled,1192.9,0.08865090357229362,False,-0.003645,0.7915029623280034,-0.014130749600218977,1.4263787114686381,-5.442982743572841,3,18,0.0,0.0
27.0,6.0,2.37918897932457,59.999999977845555,11.999999995653436,5.0,30.0,LiCl,4.0,case2,aitken-gpu-fixed-round,monthly,18.776972,42,stalled,1207.0,0.1143859167813111,False,-0.003091,0.8696930991936839,-0.04339466135659898,1.4681134919139498,-5.388313648501882,4,18,0.0,0.0
27.0,9.0,2.479304288696691,59.999999936290486,11.99999999238576,5.0,30.0,LiCl,4.0,case2,aitken-gpu-fixed-round,monthly,18.028758,36,stalled,827.9,0.11479847925045672,False,-0.002251,0.500914836503356,0.10962827757535644,1.1971483467807047,-5.731235724178897,4,12,0.0,0.0
27.0,12.0,2.525362316358764,59.99999999019627,11.921283101565468,5.0,30.0,LiCl,4.0,case2,aitken-gpu-fixed-round,monthly,15.500738,36,stalled,793.3,0.11200704747919028,False,-0.002260,0.359065995651781,-0.006106849168750921,1.2136471600630179,-5.259773588491218,4,12,0.0,0.0
27.0,15.0,2.534433416982505,59.9999999883665,11.999999971030537,5.0,30.0,LiCl,4.0,case2,aitken-gpu-fixed-round,monthly,14.188662,36,stalled,811.1,0.10278028457997321,False,-0.001952,0.27720740147494605,0.018058191434878124,1.00946254069449,-5.670344993003469,4,12,0.0,0.0
27.0,18.0,2.4952697116965963,59.9999999909793,11.449065014646225,5.0,30.0,LiCl,4.0,case2,aitken-gpu-fixed-round,monthly,13.145615,36,stalled,753.0,0.08956156372616043,False,-0.003163,0.2762046541000593,0.15594213786755068,1.1501418043977236,-4.922246046197605,4,12,0.0,0.0
27.0,21.0,2.6758390088714346,59.99999965242164,11.999999986242035,5.0,30.0,LiCl,4.0,case2,aitken-gpu-fixed-round,monthly,12.954630,36,stalled,803.9,0.09229010883819865,False,-0.005356,0.2967590995238263,-0.08730366254988176,1.1270406615362913,-5.504167747897987,4,12,0.0,0.0
27.0,24.0,2.667914374881437,59.999999960132016,11.99999999990887,5.0,30.0,LiCl,4.0,case2,aitken-gpu-fixed-round,monthly,12.825733,36,stalled,804.8,0.09409247185992067,False,-0.002512,0.26776636520655017,0.13391530214168743,1.0719942154997582,-5.562152230328948,4,12,0.0,0.0
27.0,27.0,2.7406181652617367,59.99999985166812,11.999999982234643,5.0,30.0,LiCl,4.0,case2,aitken-gpu-fixed-round,monthly,12.098272,36,stalled,794.6,0.09084947649677269,False,-0.003340,0.20898238355312954,0.08390864370119694,1.0720915145362997,-5.362260490394976,4,12,0.0,0.0
27.0,30.0,2.723908145991323,59.99999973333305,11.999999997700552,5.0,30.0,LiCl,4.0,case2,aitken-gpu-fixed-round,monthly,11.919724,36,stalled,796.9,0.09361456741819318,False,-0.002362,0.22651176996891692,0.07394747276210009,1.3026659094381827,-4.750260962139156,4,12,0.0,0.0
27.0,33.0,2.600434895549107,59.99999999687156,11.999999973798804,5.0,30.0,LiCl,4.0,case2,aitken-gpu-fixed-round,monthly,12.920345,36,stalled,764.1,0.09289296461566277,False,-0.000338,0.32176393485551913,0.1417534624973802,1.4955105323710232,-5.328148234980705,4,12,0.0,0.0
27.0,36.0,3.345324958852773,59.99999869581848,11.999999926029396,5.0,30.0,LiCl,4.0,case2,aitken-gpu-fixed-round,monthly,9.522009,36,stalled,627.2,0.029978051106459052,False,-0.000912,0.24423607824987387,0.10716785451872769,1.6459611616364511,-3.4557382421444367,4,12,0.0,0.0
27.0,39.0,2.5655580548952437,59.9999999171006,10.838090948893207,5.0,30.0,LiCl,4.0,case2,aitken-gpu-fixed-round,monthly,13.810764,36,stalled,734.6,0.09193866868451561,False,-0.004155,0.41906599477801526,0.31937478959119875,2.3224734721115583,-1.8156583952292706,4,12,0.0,0.0
27.0,42.0,2.362076315963425,59.999999908675186,11.999999986897036,5.0,30.0,LiCl,4.0,case2,aitken-gpu-fixed-round,monthly,15.829418,42,stalled,1049.8,0.09927267805457107,False,-0.002053,0.4792420157095624,0.15997897140102366,1.3672183946972343,-3.571469024954505,4,18,0.0,0.0
27.0,45.0,2.5539072381437786,60.0,12.0,5.0,30.0,LiCl,4.0,case2,aitken-gpu-fixed-round,monthly,16.189276,39,stalled,908.8,0.09264751560457671,False,-0.001452,0.5162806205187005,0.31520827727049955,1.1636637334704814,-3.5413237353652485,3,15,0.0,0.0
27.0,48.0,2.831489945243191,59.9999999629339,11.999999997089501,5.0,30.0,LiCl,4.0,case2,aitken-gpu-fixed-round,monthly,14.061161,36,stalled,718.9,0.08284117740690766,False,-0.001676,0.4803483087334991,0.3908551880428542,1.651834793358315,-2.9856804624564983,4,12,0.0,0.0
27.0,54.0,3.6682895655826537,60.0,12.0,5.0,30.0,LiCl,4.0,case2,aitken-gpu-fixed-round,monthly,10.581584,36,stalled,725.0,0.026494283289253625,False,-0.001764,0.25158769748852466,0.38584437960004997,1.379209491131092,-2.9611213393721414,4,12,0.0,0.0
27.0,57.0,3.0324767412310085,59.999999953657635,11.999999984699693,5.0,30.0,LiCl,4.0,case2,aitken-gpu-fixed-round,monthly,8.328481,36,stalled,713.7,0.03479002357366263,False,-0.001198,0.14015738131037556,0.32472889242246605,1.1514243512395081,-3.579359383402722,4,12,0.0,0.0
27.0,60.0,3.083798596785176,60.0,12.0,5.0,30.0,LiCl,4.0,case2,aitken-gpu-fixed-round,monthly,12.561676,36,stalled,718.2,0.043253970800725454,False,-0.000446,0.36099521330857826,0.332752475745861,1.4964367175117286,-2.8854060255143077,4,12,0.0,0.0
27.0,63.0,2.8253217503565113,59.99999994415618,11.999999974611745,5.0,30.0,LiCl,4.0,case2,aitken-gpu-fixed-round,monthly,12.096628,36,stalled,724.5,0.05134663780594216,False,-0.000807,0.30269027910928514,0.31056286150646484,1.4622634421468776,-3.1931088302299613,4,12,0.0,0.0
27.0,66.0,2.550563732713214,59.99999970977099,11.999999958271124,5.0,30.0,LiCl,4.0,case2,aitken-gpu-fixed-round,monthly,10.655936,36,stalled,709.1,0.058474940123306854,False,-0.000803,0.15349122053961553,0.2108340027185082,1.1895862842565486,-4.120204615548502,4,12,0.0,0.0
27.0,69.0,2.880409079528911,59.999999981817346,11.99999977752638,5.0,30.0,LiCl,4.0,case2,aitken-gpu-fixed-round,monthly,10.375930,36,stalled,718.7,0.05296252909261274,False,-0.002283,0.23504428006366423,0.19060336248924944,1.306450069705577,-3.621727568644604,4,12,0.0,0.0
27.0,72.0,2.6222413490803262,59.999999586549976,11.999999681333186,5.0,30.0,LiCl,4.0,case2,aitken-gpu-fixed-round,monthly,11.402843,42,stalled,1089.2,0.06262971375204514,False,-0.001242,0.41706008907139813,0.23421449759493604,2.367051768735544,-1.4822451606452327,3,18,0.0,0.0
27.0,75.0,2.2629984103687577,59.999999739797474,11.999999961646832,5.0,30.0,LiCl,4.0,case2,aitken-gpu-fixed-round,monthly,10.721432,42,stalled,1095.8,0.0848819589310999,False,-0.001649,0.8640362443384267,0.5595889093041203,3.671326747847588,3.2576725113222444,3,18,0.0,0.0
27.0,78.0,1.9958837579484532,52.616168780086944,11.414163059164329,5.0,30.0,LiCl,4.0,case2,aitken-gpu-fixed-round,monthly,9.741488,33,stalled,593.3,0.08997232534999602,False,0.001242,1.1490720617537857,0.5383929561262115,8.314817825795513,31.536660335511527,3,9,0.0,0.0
27.0,81.0,1.8644982526392502,60.0,12.0,5.0,30.0,LiCl,4.0,case2,aitken-gpu-fixed-round,monthly,9.388963,33,stalled,590.6,0.0946893644108747,False,0.000473,0.7613758838243031,-0.3396394387762248,2.809489863518606,0.7436211679352773,2,9,0.0,0.0
27.0,84.0,1.9958837579484532,52.616168780086944,11.414163059164329,5.0,30.0,LiCl,4.0,case2,aitken-gpu-fixed-round,monthly,9.162527,33,stalled,586.7,0.10903608755728134,False,-0.002297,1.265674421187792,-0.27114981222382667,3.8615105897722515,4.511600372456813,4,9,0.0,0.0
27.0,87.0,1.9022302774190103,59.99999897468836,11.999999963615494,5.0,30.0,LiCl,4.0,case2,aitken-gpu-fixed-round,monthly,10.221986,33,stalled,580.3,0.1195430594371091,False,-0.004512,0.34223357733899396,-0.149710440186839,3.117454828400461,0.7263861156241087,2,9,0.0,0.0
27.0,90.0,1.8674483792437693,59.999995761865115,11.999999860625284,5.0,30.0,LiCl,4.0,case2,aitken-gpu-fixed-round,monthly,10.667607,33,stalled,600.0,0.12266312027054073,False,-0.003288,0.07680975668634453,-0.2521457600638721,1.6214063600342878,-4.361233275434689,3,9,0.0,0.0
27.0,93.0,1.9958837579484532,52.616168780086944,11.414163059164329,5.0,30.0,LiCl,4.0,case2,aitken-gpu-fixed-round,monthly,9.460691,33,stalled,589.4,0.13906072392532107,False,0.002444,1.8398581281910118,0.6074860846932193,8.762379343457658,35.559525320880894,3,9,0.0,0.0
27.0,96.0,1.4701277969503415,41.35211009279547,12.0,5.0,30.0,LiCl,4.0,case2,aitken-gpu-fixed-round,monthly,9.798349,33,stalled,628.7,0.15483604695250358,False,0.001012,2.614613644311735,0.30608015412756606,7.720179866573399,26.772698399423867,1,9,0.0,0.0
27.0,99.0,1.682019850014284,59.99999998877439,11.99999999684664,5.0,30.0,LiCl,4.0,case2,aitken-gpu-fixed-round,monthly,12.931674,33,stalled,968.1,0.13742842292120735,False,-0.002799,0.044163366601512204,-0.10938011401946178,2.012601974370958,-3.8308145254030106,4,9,0.0,0.0
27.0,102.0,2.01684113609833,59.99999949384184,11.999999992336704,5.0,30.0,LiCl,4.0,case2,aitken-gpu-fixed-round,monthly,10.280737,33,stalled,639.0,0.10420161482399501,False,-0.002980,0.10187626280286191,0.4706142906444656,2.5005566700055963,-1.9572680098053628,4,9,0.0,0.0
27.0,105.0,1.8882380483149723,48.17911789042395,11.999999945445161,5.0,30.0,LiCl,4.0,case2,aitken-gpu-fixed-round,monthly,11.026140,33,stalled,562.6,0.11975358180344434,False,-0.002738,0.17628170226062664,0.15972400887430716,3.0665571626647834,-0.061223098859541025,2,9,0.0,0.0
27.0,108.0,1.8329407579263106,46.33919652469257,11.999999938041789,5.0,30.0,LiCl,4.0,case2,aitken-gpu-fixed-round,monthly,11.437684,33,stalled,605.3,0.12984406660593617,False,-0.002939,0.2747838507548725,-0.3009109392246086,2.2248456076788665,-1.8306150502072582,3,9,0.0,0.0
27.0,111.0,1.9328184056130209,49.94990050907403,11.999999954162803,5.0,30.0,LiCl,4.0,case2,aitken-gpu-fixed-round,monthly,10.927612,33,stalled,602.5,0.11876232030575123,False,-0.003014,0.770961259074086,0.5106646883710377,7.454827507862694,24.213189188303886,4,9,0.0,0.0
27.0,114.0,1.9958837579484532,52.616168780086944,11.414163059164329,5.0,30.0,LiCl,4.0,case2,aitken-gpu-fixed-round,monthly,10.243376,33,stalled,597.7,0.13099878231399553,False,0.000473,0.7803010748946765,1.3744785695588524,10.676124245672915,54.23477264429965,3,9,0.0,0.0
27.0,117.0,1.6163232773947076,56.47456062657649,12.0,5.0,30.0,LiCl,4.0,case2,aitken-gpu-fixed-round,monthly,10.146613,33,stalled,559.1,0.13467368715193456,False,0.000614,1.1159109662341715,0.1676740911397159,5.887599831471068,14.059971469381766,2,9,0.0,0.0
27.0,120.0,1.4463584590327083,59.06587341332302,9.970163871494666,5.0,30.0,LiCl,4.0,case2,aitken-gpu-fixed-round,monthly,9.947332,33,stalled,278.2,0.13771947464245188,False,0.005634,3.3852930175527147,3.057947407174815,22.264328523560728,249.64817552914974,4,9,0.0,0.0
30.0,-111.0,2.885773309499835,60.0,12.0,5.0,30.0,LiCl,4.0,case2,aitken-gpu-fixed-round,monthly,11.462486,36,stalled,703.2,0.04894638576099631,False,-0.000491,0.3540710892821466,0.29904000338517706,1.848571139245073,-2.5167318933652614,4,12,0.0,0.0
30.0,-108.0,2.3460262587372314,59.99999990556379,11.999999981748466,5.0,30.0,LiCl,4.0,case2,aitken-gpu-fixed-round,monthly,14.503601,36,stalled,839.5,0.05875034753000931,False,-0.001448,0.2807886873429034,0.27625522316800877,1.2984522016829432,-3.39876129364561,4,12,0.0,0.0
30.0,-105.0,2.5974129625327413,59.99999996841078,11.999999987840683,5.0,30.0,LiCl,4.0,case2,aitken-gpu-fixed-round,monthly,14.587727,36,stalled,823.5,0.0705966481366409,False,-0.001127,0.3577881869314833,0.21092468486324403,1.5395914883408055,-3.285080058784442,4,12,0.0,0.0
30.0,-102.0,2.755773187267711,59.99999979217387,11.999999938083194,5.0,30.0,LiCl,4.0,case2,aitken-gpu-fixed-round,monthly,10.097448,36,stalled,894.8,0.036849371127370245,False,-0.000887,0.25260899860329555,0.5042928143813346,1.992349694737843,-1.8697489264398843,4,12,0.0,0.0
30.0,-99.0,2.473861791128594,60.0,12.0,5.0,30.0,LiCl,4.0,case2,aitken-gpu-fixed-round,monthly,9.529188,36,stalled,791.9,0.06043419033132867,False,-0.000247,0.10677658289256363,0.1601718601056183,1.0491709519169368,-4.566255457078411,4,12,0.0,0.0
30.0,-96.0,2.266345052830767,59.99999947665295,11.999999988544666,5.0,30.0,LiCl,4.0,case2,aitken-gpu-fixed-round,monthly,8.589788,33,stalled,677.5,0.0872252534869097,False,-0.001883,0.09194806207294479,0.15393841398954536,1.3142155426510291,-4.086441481784362,4,9,0.0,0.0
30.0,-93.0,2.200564294985006,59.99999943065677,11.999999940696531,5.0,30.0,LiCl,4.0,case2,aitken-gpu-fixed-round,monthly,8.104777,33,stalled,679.7,0.09310477801600334,False,-0.002547,0.07440372292547173,0.4826279379521449,1.9137522517102115,-3.434763146112556,4,9,0.0,0.0
30.0,-90.0,2.3394095757015245,59.99999984813785,11.999999876682395,5.0,30.0,LiCl,4.0,case2,aitken-gpu-fixed-round,monthly,9.182836,36,stalled,877.3,0.07851344246526136,False,-0.001615,0.0965032142236612,0.16253771960767963,1.1729768743661289,-4.41463040294507,4,12,0.0,0.0
30.0,-9.0,2.6330563311527606,59.999999639209015,11.999999997668688,5.0,30.0,LiCl,4.0,case2,aitken-gpu-fixed-round,monthly,11.889943,36,stalled,830.1,0.06693649349098708,False,-0.002635,0.2546057405666122,1.012690208231162,5.839355935108963,13.262443231967382,4,12,0.0,0.0
30.0,-6.0,2.9318304184097155,59.999999949270965,11.99999993975581,5.0,30.0,LiCl,4.0,case2,aitken-gpu-fixed-round,monthly,19.178648,36,stalled,860.2,0.06357781763048459,False,-0.000789,0.8324086425250292,0.17726524986784303,1.5155690597007636,-2.9011717258412406,4,12,0.0,0.0
30.0,-3.0,2.547447522669973,59.999999792384905,11.999999979952399,5.0,30.0,LiCl,4.0,case2,aitken-gpu-fixed-round,monthly,18.851579,36,stalled,844.1,0.07085904001882536,False,-0.000910,0.7671127895954127,0.043740380671087646,1.7026585507627936,-2.7073756754002627,3,12,0.0,0.0
30.0,0.0,2.738955976153909,59.9999995580284,11.999999840273363,5.0,30.0,LiCl,4.0,case2,aitken-gpu-fixed-round,monthly,17.826677,36,stalled,857.0,0.06973858392528229,False,-0.000471,0.9074885581262991,0.18707432949910488,2.051665685878323,-1.809873800660759,4,12,0.0,0.0
30.0,3.0,2.610050757046213,59.99999988721816,11.653450155078957,5.0,30.0,LiCl,4.0,case2,aitken-gpu-fixed-round,monthly,14.337987,36,stalled,501.9,0.09247219779369314,False,-0.000946,0.37492106585831697,0.15532769706777183,1.2761590711883835,-3.7755550863429583,4,12,0.0,0.0
30.0,6.0,2.6783625558370976,59.99999996906644,11.999999989711037,5.0,30.0,LiCl,4.0,case2,aitken-gpu-fixed-round,monthly,14.748950,36,stalled,732.3,0.0933154250847167,False,-0.001705,0.43302863585428397,0.13951108411157825,1.3364441635119795,-3.6188509935863493,4,12,0.0,0.0
30.0,9.0,2.8512692376519375,60.0,12.0,5.0,30.0,LiCl,4.0,case2,aitken-gpu-fixed-round,monthly,13.239840,36,stalled,721.7,0.08581904350675858,False,-0.000494,0.34019423188340875,0.0006248890985916971,1.6090866273755562,-3.016990440312914,3,12,0.0,0.0
30.0,12.0,2.6440913729625874,60.0,12.0,5.0,30.0,LiCl,4.0,case2,aitken-gpu-fixed-round,monthly,11.603194,36,stalled,734.6,0.07512787379555229,False,-0.004434,0.31598448722512235,0.35756918726062714,1.9775981172930661,-2.1857865269996726,4,12,0.0,0.0
30.0,15.0,2.5970259745800846,59.99999983840916,11.999999994550505,5.0,30.0,LiCl,4.0,case2,aitken-gpu-fixed-round,monthly,10.686378,36,stalled,737.0,0.05270624928102559,False,-0.001539,0.22982198744752894,0.6881644174671443,2.682382212436175,-0.4615295445376608,4,12,0.0,0.0
30.0,18.0,2.5623913799031444,60.0,12.0,5.0,30.0,LiCl,4.0,case2,aitken-gpu-fixed-round,monthly,9.310170,36,stalled,698.8,0.04429693620849367,False,0.000047,0.17302480478985938,0.4040254330463588,1.6117236296124102,-2.7588624155236454,4,12,0.0,0.0
30.0,21.0,2.7162023944146,60.0,12.0,5.0,30.0,LiCl,4.0,case2,aitken-gpu-fixed-round,monthly,10.151358,36,stalled,735.9,0.05733581567970095,False,-0.002626,0.19031745682157375,0.8658236136451424,4.577733817910396,6.55480373215804,3,12,0.0,0.0
30.0,24.0,2.6446214581528027,60.0,12.0,5.0,30.0,LiCl,4.0,case2,aitken-gpu-fixed-round,monthly,9.700316,36,stalled,776.6,0.06669500843622797,False,-0.002704,0.1843908625630256,0.2967155309676253,1.6485292628009962,-3.0337859800147857,3,12,0.0,0.0
30.0,27.0,2.728117772219896,59.99999975808731,11.999999890646686,5.0,30.0,LiCl,4.0,case2,aitken-gpu-fixed-round,monthly,10.141338,36,stalled,783.5,0.05707799612527342,False,-0.002557,0.23700592683215507,1.4082709501841535,6.119457517360374,15.499823461564764,3,12,0.0,0.0
30.0,30.0,2.4313154576508555,59.99999962169904,11.99999995247993,5.0,30.0,LiCl,4.0,case2,aitken-gpu-fixed-round,monthly,8.744327,36,stalled,753.4,0.053333096517736135,False,-0.001089,0.14583874687882664,0.04709054499125991,1.480926158533397,-3.1423275945250664,3,12,0.0,0.0
30.0,33.0,2.7772602723338595,60.0,12.0,5.0,30.0,LiCl,4.0,case2,aitken-gpu-fixed-round,monthly,9.796113,36,stalled,791.9,0.055310285042725116,False,-0.000592,0.14490680605591627,0.019302054812016405,1.073364476836364,-3.649556675560091,4,12,0.0,0.0
30.0,36.0,2.751790490119702,59.99999998981886,11.99999985662999,5.0,30.0,LiCl,4.0,case2,aitken-gpu-fixed-round,monthly,11.344065,36,stalled,926.4,0.07224633312340224,False,-0.002318,0.24612213742209887,0.4788143837742966,1.863039651935261,-2.8235554523065414,3,12,0.0,0.0
30.0,39.0,2.7845959867581613,59.99999983817091,11.999999897263898,5.0,30.0,LiCl,4.0,case2,aitken-gpu-fixed-round,monthly,14.089257,36,stalled,764.3,0.08896223332189374,False,-0.003483,0.3788983432455677,0.12916428273658956,1.4137338700866697,-3.577470715897077,3,12,0.0,0.0
30.0,42.0,2.4702218140045655,59.99999951364282,11.999999935413628,5.0,30.0,LiCl,4.0,case2,aitken-gpu-fixed-round,monthly,17.568139,42,stalled,1106.7,0.06756815438315113,False,-0.002007,0.9161051540247286,0.26168834326685997,1.3405536426410807,-2.755482856708192,3,18,0.0,0.0
30.0,45.0,2.778210300788033,59.99999994941828,11.999999988030698,5.0,30.0,LiCl,4.0,case2,aitken-gpu-fixed-round,monthly,14.445982,36,stalled,829.9,0.09316734410257782,False,-0.003498,0.7334044983459425,0.1347359306166283,2.4109836898681345,-1.1527258349256106,4,12,0.0,0.0
30.0,48.0,2.658339445961071,59.99999956703883,11.999999955070347,5.0,30.0,LiCl,4.0,case2,aitken-gpu-fixed-round,monthly,11.736089,36,stalled,767.8,0.06780246740811033,False,-0.001405,0.3190010116223448,0.30468553367135875,1.7008923561001295,-2.5173177386975345,4,12,0.0,0.0
30.0,51.0,2.813575156664509,60.0,12.0,5.0,30.0,LiCl,4.0,case2,aitken-gpu-fixed-round,monthly,12.350747,36,stalled,1009.0,0.06543239869939407,False,-0.001817,0.3463477929711318,0.9533183658404422,3.8499050703887994,3.718933358328228,4,12,0.0,0.0
30.0,54.0,2.2188832349810776,59.999999520502904,11.99999993021241,5.0,30.0,LiCl,4.0,case2,aitken-gpu-fixed-round,monthly,16.611514,36,stalled,819.8,0.11536756968053936,False,-0.000101,0.2915460898058044,0.16165966263912274,1.3904770500492039,-3.7414066043794953,4,12,0.0,0.0
30.0,57.0,2.265963712747062,59.99999997992263,11.9999999998584,5.0,30.0,LiCl,4.0,case2,aitken-gpu-fixed-round,monthly,15.957400,36,stalled,1003.8,0.12171407444382706,False,-0.004330,0.31056885233080667,0.32509847565467703,1.282718758181798,-3.5727024005622328,3,12,0.0,0.0
30.0,60.0,2.8019655855337326,59.9999999572777,11.999999993158113,5.0,30.0,LiCl,4.0,case2,aitken-gpu-fixed-round,monthly,19.156170,39,stalled,1241.4,0.0718770193105336,False,-0.003287,0.68549175046189,0.08361625469860347,1.5364540742692758,-3.1373222045866074,3,15,0.0,0.0
30.0,63.0,2.421447986970987,59.99999980519914,11.999999972691834,5.0,30.0,LiCl,4.0,case2,aitken-gpu-fixed-round,monthly,18.654638,42,stalled,1033.7,0.11192548482880998,False,-0.001462,1.2176236142018968,0.2732836803229426,1.7295153400984542,-2.736870284266391,4,18,0.0,0.0
30.0,66.0,2.5582427028976147,59.99999998698842,11.999999960227916,5.0,30.0,LiCl,4.0,case2,aitken-gpu-fixed-round,monthly,16.066847,36,stalled,768.0,0.08672004484608885,False,-0.003054,0.5214994131963951,0.16172993039800435,1.2985679032042732,-3.407654910363499,4,12,0.0,0.0
30.0,69.0,2.5106410813814324,59.99999998562172,11.999999925456239,5.0,30.0,LiCl,4.0,case2,aitken-gpu-fixed-round,monthly,11.406639,36,stalled,727.5,0.0618449412307298,False,-0.000210,0.19185256385457755,0.3287843821416142,1.2605330646080037,-3.927596360888484,4,12,0.0,0.0
30.0,72.0,2.7441584586651517,59.99999988937783,11.481152518600046,5.0,30.0,LiCl,4.0,case2,aitken-gpu-fixed-round,monthly,10.926483,36,stalled,730.5,0.05438563559258808,False,-0.001191,0.17949921821287115,0.30541687897689396,1.1958185891744413,-4.046978799048988,4,12,0.0,0.0
30.0,75.0,2.3901154835335796,59.9999994282412,11.999999940424939,5.0,30.0,LiCl,4.0,case2,aitken-gpu-fixed-round,monthly,10.142426,42,stalled,1038.4,0.07423863680007604,False,-0.002076,0.33757924356136193,0.6609702958205892,2.9919185769359813,0.26043027480133585,3,18,0.0,0.0
30.0,78.0,1.9958837579484532,52.616168780086944,11.414163059164329,5.0,30.0,LiCl,4.0,case2,aitken-gpu-fixed-round,monthly,9.618325,33,stalled,573.6,0.09014477823014773,False,-0.000786,0.6171609299303077,0.3400373054810691,2.7952863638659498,0.46322926832386546,3,9,0.0,0.0
30.0,81.0,1.4502055814931367,59.99999995836275,11.999999879103461,5.0,30.0,LiCl,4.0,case2,aitken-gpu-fixed-round,monthly,28.315641,33,stalled,906.2,0.167369679408899,False,-0.005096,0.2071566566486668,-0.01268378584179604,1.7185734123694116,-3.7163735981344086,4,9,0.0,0.0
30.0,84.0,1.6612423671546173,60.0,12.0,5.0,30.0,LiCl,4.0,case2,aitken-gpu-fixed-round,monthly,19.856394,33,stalled,992.0,0.1261322541714223,False,-0.001905,0.13081044625204724,0.24825035853867183,2.2843295576285927,-2.512273641990945,4,9,0.0,0.0
30.0,87.0,1.5893015887203104,59.999999934704924,11.999999991284938,5.0,30.0,LiCl,4.0,case2,aitken-gpu-fixed-round,monthly,22.001391,33,stalled,972.8,0.14056020208418263,False,-0.002228,0.10110935440506919,0.08227637061648946,1.5895972619024419,-3.9838647969011234,2,9,0.0,0.0
30.0,90.0,1.4016430529828194,59.49484898696526,10.323288061809654,5.0,30.0,LiCl,4.0,case2,aitken-gpu-fixed-round,monthly,23.265719,33,stalled,929.8,0.15508357938447215,False,-0.003111,0.20393168397461325,0.42818493000570623,2.7325020948601697,-0.920344099017564,4,9,0.0,0.0
30.0,93.0,1.955804110355746,59.999999999964125,11.99999996093974,5.0,30.0,LiCl,4.0,case2,aitken-gpu-fixed-round,monthly,13.199037,33,stalled,677.2,0.10224083838837095,False,-0.001708,0.07496011644751241,0.05381737482003333,1.181411923017487,-4.816633806218528,3,9,0.0,0.0
30.0,96.0,1.5921098948173422,59.99999997478074,11.99999988249317,5.0,30.0,LiCl,4.0,case2,aitken-gpu-fixed-round,monthly,14.991201,33,stalled,862.8,0.13747231174197969,False,-0.002506,0.06375370260368703,0.11366114259314372,1.2005158306515233,-4.639000602357302,4,9,0.0,0.0
30.0,99.0,1.9944990000153813,59.99999994241941,11.999999999566098,5.0,30.0,LiCl,4.0,case2,aitken-gpu-fixed-round,monthly,15.465299,33,stalled,871.4,0.10548082036479424,False,-0.003284,0.11195796469688887,0.16465747459776972,1.5791998296742162,-3.845952830922166,3,9,0.0,0.0
30.0,102.0,1.6120278989337298,59.99999998643678,11.999999923370053,5.0,30.0,LiCl,4.0,case2,aitken-gpu-fixed-round,monthly,16.265694,33,stalled,839.2,0.13604330215192853,False,-0.002537,0.07489711939184693,0.11351218104565645,1.65921549151158,-4.032690775373909,4,9,0.0,0.0
30.0,105.0,1.8353336285021213,48.88553115899694,12.0,5.0,30.0,LiCl,4.0,case2,aitken-gpu-fixed-round,monthly,12.171288,33,stalled,535.6,0.12771657886353974,False,-0.002091,0.7697996036617631,0.32272000148402236,5.320498795173661,10.341958262828378,2,9,0.0,0.0
30.0,108.0,1.7288687762587684,59.99999892695454,11.999999841097818,5.0,30.0,LiCl,4.0,case2,aitken-gpu-fixed-round,monthly,12.559218,33,stalled,556.1,0.12791512857658016,False,-0.001256,0.19597610856551206,0.286504813877102,2.555299252648322,-1.6083748798320416,3,9,0.0,0.0
30.0,111.0,1.9227173891377762,59.99999922681643,11.99999997269204,5.0,30.0,LiCl,4.0,case2,aitken-gpu-fixed-round,monthly,11.864720,33,stalled,757.1,0.11852007633060231,False,-0.002613,0.08900455410647405,0.17389917863224746,1.0331536036413487,-5.103918049056441,4,9,0.0,0.0
30.0,114.0,1.9871327593920223,49.770924282350414,11.999999806018511,5.0,30.0,LiCl,4.0,case2,aitken-gpu-fixed-round,monthly,10.848292,33,stalled,536.3,0.11701472217120275,False,-0.003101,0.7172258456442884,0.26298592718355346,5.561783971885087,11.661200202824148,2,9,0.0,0.0
30.0,117.0,1.9171377954927236,44.62788555043933,11.99999985537354,5.0,30.0,LiCl,4.0,case2,aitken-gpu-fixed-round,monthly,10.925015,33,stalled,506.2,0.1220611371729794,False,-0.002615,0.3376981898082658,0.518836638206362,3.5137526668292507,1.8150440249395827,2,9,0.0,0.0
30.0,120.0,1.9485306776358147,42.80254008904953,11.999989207385328,5.0,30.0,LiCl,4.0,case2,aitken-gpu-fixed-round,monthly,10.875544,33,stalled,509.0,0.12395759758373429,False,-0.004404,0.8883683507188953,0.03870698378845808,4.771106117284079,7.958813835414603,3,9,0.0,0.0
33.0,-117.0,2.5418020808746022,59.999999786558206,11.999999885572722,5.0,30.0,LiCl,4.0,case2,aitken-gpu-fixed-round,monthly,11.109264,36,stalled,731.2,0.05189178235645399,False,-0.000919,0.21268937284355457,0.6543095030093161,2.1601702593283676,-1.8684335487577435,4,12,0.0,0.0
33.0,-114.0,2.805807438713568,59.99999998424185,11.929780285102389,5.0,30.0,LiCl,4.0,case2,aitken-gpu-fixed-round,monthly,16.467505,36,stalled,730.8,0.08593059512058482,False,-0.002692,0.610342947417543,0.2987545404839605,1.7548513044668663,-2.662122606208891,4,12,0.0,0.0
33.0,-111.0,2.662236703128973,59.9999998836572,11.999999955656035,5.0,30.0,LiCl,4.0,case2,aitken-gpu-fixed-round,monthly,15.611299,36,stalled,740.5,0.08557377348411725,False,-0.002871,0.49384334251571876,0.2192159982403259,1.9456108671306602,-2.4409139355879,3,12,0.0,0.0
-33.0,-60.0,2.1392433933647035,59.999999945560944,11.999999937059698,5.0,30.0,LiCl,4.0,case2,aitken-gpu-fixed-round,monthly,9.854721,33,stalled,False,0.000120,519.6,,,,,,,,,
-33.0,-57.0,1.9958837579484532,52.616168780086944,11.414163059164329,5.0,30.0,LiCl,4.0,case2,aitken-gpu-fixed-round,monthly,10.019840,33,stalled,False,-0.000326,456.0,0.08569101851161026,0.26090315565622096,0.12913615452621355,5.545266665519897,10.37738191774654,3,9,0.0,0.0
-33.0,-54.0,1.9958837579484532,52.616168780086944,11.414163059164329,5.0,30.0,LiCl,4.0,case2,aitken-gpu-fixed-round,monthly,10.104215,33,stalled,False,-0.000924,607.6,0.09647012487997023,0.3869829424592058,0.19907851912842733,5.505497232304009,11.078870227369446,2,9,0.0,0.0
-33.0,21.0,2.558177792452797,59.99999991805133,11.99999988060632,5.0,30.0,LiCl,4.0,case2,aitken-gpu-fixed-round,monthly,9.889166,36,stalled,False,-0.000678,807.9,0.06126254083960928,0.13099738052759036,0.1883662525675296,1.0623181288097132,-3.7213398986228783,4,12,0.0,0.0
-33.0,24.0,2.641599330033375,59.999999934276154,11.999999999305325,5.0,30.0,LiCl,4.0,case2,aitken-gpu-fixed-round,monthly,9.591878,36,stalled,False,-0.003602,801.0,0.05763351559717617,0.14539600620615395,0.3172287464461173,1.5306676899900422,-3.3870229846237496,3,12,0.0,0.0
-33.0,27.0,2.333210868351115,59.99999952381678,11.999999964468657,5.0,30.0,LiCl,4.0,case2,aitken-gpu-fixed-round,monthly,9.386037,36,stalled,False,-0.001205,844.5,0.07465998685763417,0.09503104990939698,0.28456166227450547,1.6057320633309362,-3.851746288032309,4,12,0.0,0.0
-33.0,117.0,2.1794765684719204,59.99999994808572,11.999999992077193,5.0,30.0,LiCl,4.0,case2,aitken-gpu-fixed-round,monthly,10.531606,36,stalled,False,-0.002415,843.9,0.08388862782399761,0.09969742210412703,0.11311558262654728,1.0303590864480112,-4.163296062191233,4,12,0.0,0.0
-33.0,120.0,2.152189887107913,59.999996889720975,11.999999970368354,5.0,30.0,LiCl,4.0,case2,aitken-gpu-fixed-round,monthly,10.171401,33,stalled,False,-0.000854,612.6,0.06855147577179008,0.1629062802847911,0.37288027488246617,2.2564330559408763,-1.999328385365407,3,9,0.0,0.0
-33.0,123.0,2.1007763815799825,59.99999997368187,11.999999996760156,5.0,30.0,LiCl,4.0,case2,aitken-gpu-fixed-round,monthly,10.228164,33,stalled,False,-0.000371,610.3,0.07632198137508756,0.12640996796807993,0.8450124762176545,2.4963277192533577,-1.8858228471322733,4,9,0.0,0.0
-33.0,135.0,2.258986481438947,59.99999970966949,11.999999967618692,5.0,30.0,LiCl,4.0,case2,aitken-gpu-fixed-round,monthly,10.584896,39,stalled,False,-0.001226,957.4,0.06593423602603138,0.3130689081481768,0.5002848859908263,2.06615459795538,-2.319228966803676,4,15,0.0,0.0
-33.0,138.0,2.3881177276497176,59.9999998705638,11.999999680139785,5.0,30.0,LiCl,4.0,case2,aitken-gpu-fixed-round,monthly,11.367896,36,stalled,False,-0.001574,815.4,0.05947522347860558,0.17735464434568762,0.2655568760724448,1.1635127071042495,-3.594901990389945,3,12,0.0,0.0
-33.0,141.0,2.599369769847325,60.0,12.0,5.0,30.0,LiCl,4.0,case2,aitken-gpu-fixed-round,monthly,12.054775,36,stalled,False,-0.006455,808.8,0.07906644080150671,0.2478258796877611,0.16974914340569264,1.7431956939961384,-2.863500283559019,3,12,0.0,0.0
-33.0,144.0,2.530367496394455,59.99999950386153,11.999999993903494,5.0,30.0,LiCl,4.0,case2,aitken-gpu-fixed-round,monthly,11.670968,36,stalled,False,-0.001104,797.8,0.06654062611580625,0.22149145571370887,0.41636956215941573,1.6694281578893218,-2.9254064265743662,4,12,0.0,0.0
-33.0,147.0,2.4509979260567523,59.99999994469406,11.162189931246584,5.0,30.0,LiCl,4.0,case2,aitken-gpu-fixed-round,monthly,10.978215,36,stalled,False,-0.002693,800.4,0.06020020186564324,0.18215238918696777,1.5675357052043597,8.019701965613837,28.556315079708085,4,12,0.0,0.0
-33.0,150.0,2.1400535511380503,57.555464220817974,11.9999999892656,5.0,30.0,LiCl,4.0,case2,aitken-gpu-fixed-round,monthly,10.681103,33,stalled,False,-0.001860,590.7,0.08403862461719931,0.08230876205696248,1.0778997925890705,5.774769279278378,12.111333511755278,4,9,0.0,0.0
-30.0,-69.0,2.343892304677161,59.999999990827696,11.999999975542607,5.0,30.0,LiCl,4.0,case2,aitken-gpu-fixed-round,monthly,13.133888,36,stalled,False,-0.000543,240.3,0.07623336278941285,0.19886934567004202,0.08975057687026418,1.2388608721212377,-3.800819367785675,4,12,0.0,0.0
-30.0,-66.0,2.624639632880883,59.99999997865575,11.999999725107232,5.0,30.0,LiCl,4.0,case2,aitken-gpu-fixed-round,monthly,11.204630,36,stalled,False,-0.000632,738.6,0.04985293954135018,0.17760500705154633,0.2599584734129178,1.2877302728132853,-3.9887339605360355,4,12,0.0,0.0
-30.0,-63.0,2.4096552621518987,59.99999966612667,11.999999850476268,5.0,30.0,LiCl,4.0,case2,aitken-gpu-fixed-round,monthly,10.021065,39,stalled,False,-0.000459,1000.1,0.05946720305541386,0.22223993082565402,0.42843021327780095,3.3052524455980117,0.9621395944754914,3,15,0.0,0.0
-30.0,-60.0,2.3147254457977806,59.99999997058736,11.999999925515551,5.0,30.0,LiCl,4.0,case2,aitken-gpu-fixed-round,monthly,9.419545,39,stalled,False,-0.001552,852.9,0.07079017198552323,0.22766544756984333,0.22702553022081548,3.4724022100743146,1.1551542415221976,4,15,0.0,0.0
-30.0,-57.0,2.275160973928935,59.99999897887777,11.99999986387239,5.0,30.0,LiCl,4.0,case2,aitken-gpu-fixed-round,monthly,9.510013,33,stalled,False,-0.001963,554.4,0.07468032902998191,0.25531234214439846,0.3035761264873928,3.5831485608376528,2.093931610224832,3,9,0.0,0.0
-30.0,-54.0,2.0729214217660483,59.99999994533929,11.999999902444495,5.0,30.0,LiCl,4.0,case2,aitken-gpu-fixed-round,monthly,9.806427,33,stalled,False,-0.001215,611.0,0.08986498749816305,0.12399710298157927,0.1785699684293924,1.7273343911371313,-3.6216407603785084,3,9,0.0,0.0
-30.0,-51.0,2.0589680049354264,41.40977197465867,12.0,5.0,30.0,LiCl,4.0,case2,aitken-gpu-fixed-round,monthly,9.179061,33,stalled,False,-0.001973,618.6,0.09923923546487314,0.34913953839235695,0.2879774294037515,4.913866906212824,7.874386196887023,2,9,0.0,0.0
-30.0,18.0,2.909773793998893,60.0,12.0,5.0,30.0,LiCl,4.0,case2,aitken-gpu-fixed-round,monthly,10.254310,36,stalled,False,-0.001003,776.9,0.05810937141265881,0.19625978277310976,0.3829328473285129,2.156247121702887,-1.8897334134682804,4,12,0.0,0.0
-30.0,21.0,2.593680989852266,59.99999993945936,11.368321064082675,5.0,30.0,LiCl,4.0,case2,aitken-gpu-fixed-round,monthly,14.050243,36,stalled,False,-0.001411,958.8,0.08664797186926704,0.2541660640153588,0.09654993832205286,1.3127999670143746,-3.8958909322278608,4,12,0.0,0.0
-30.0,24.0,2.639670837723895,60.0,12.0,5.0,30.0,LiCl,4.0,case2,aitken-gpu-fixed-round,monthly,12.761437,36,stalled,False,-0.004244,861.5,0.09101877213107964,0.20539121066892038,0.33830264622092904,1.5757247649013508,-3.5882128538281646,4,12,0.0,0.0
-30.0,27.0,2.36031645043463,59.999999920308234,11.999999978563512,5.0,30.0,LiCl,4.0,case2,aitken-gpu-fixed-round,monthly,10.777212,36,stalled,False,-0.004391,749.5,0.07769041970409325,0.17413274115870725,0.7826633507515517,2.405281997853655,-1.1814887925557223,4,12,0.0,0.0
-30.0,30.0,2.1113465832393272,59.99999973973269,11.999999988905572,5.0,30.0,LiCl,4.0,case2,aitken-gpu-fixed-round,monthly,8.062616,33,stalled,False,-0.002710,629.4,0.10345959228117012,0.06768912718645363,0.28104940115394544,1.5001157073586813,-3.949372809618514,4,9,0.0,0.0
-30.0,117.0,2.6623928300626702,59.999999138928395,11.999999864501175,5.0,30.0,LiCl,4.0,case2,aitken-gpu-fixed-round,monthly,10.931503,36,stalled,False,-0.001908,935.2,0.07085709758471642,0.15478005912939968,0.3714630242541269,1.331363274830297,-3.6884912181780325,4,12,0.0,0.0
-30.0,120.0,2.551746337048206,59.9999996588212,11.99999997540954,5.0,30.0,LiCl,4.0,case2,aitken-gpu-fixed-round,monthly,11.627375,36,stalled,False,-0.001731,833.7,0.07873084846025488,0.23144132050590738,0.22641972508763616,1.6230085769463463,-3.1510024139708364,3,12,0.0,0.0
-30.0,123.0,2.5296000306801547,59.999999921313744,11.193417270190675,5.0,30.0,LiCl,4.0,case2,aitken-gpu-fixed-round,monthly,11.215650,36,stalled,False,-0.004496,770.3,0.07567589540524824,0.21200340416091162,0.8171725620658057,2.029129307166595,-2.173766082026468,3,12,0.0,0.0
-30.0,126.0,2.5864478670372226,59.999999682981546,11.999999948857115,5.0,30.0,LiCl,4.0,case2,aitken-gpu-fixed-round,monthly,10.834628,36,stalled,False,-0.004113,582.8,0.07189018277485457,0.17791089266166832,0.2151516543869241,1.5176944257890572,-3.3894460408361473,3,12,0.0,0.0
-30.0,129.0,2.468912347399629,60.0,12.0,5.0,30.0,LiCl,4.0,case2,aitken-gpu-fixed-round,monthly,10.579997,36,stalled,False,-0.003272,784.0,0.06996221276249172,0.1903251899946238,0.6430152782489263,2.3204307032286167,-1.5494209321318035,3,12,0.0,0.0
-30.0,132.0,2.5311969446743103,59.99999990000503,11.99999989104834,5.0,30.0,LiCl,4.0,case2,aitken-gpu-fixed-round,monthly,10.826879,36,stalled,False,-0.003115,795.8,0.06620146884239443,0.20011173715696842,0.2837230296627382,1.298027000402033,-3.424054149231389,3,12,0.0,0.0
-30.0,135.0,2.700715210844181,59.99999975479406,11.999999994437031,5.0,30.0,LiCl,4.0,case2,aitken-gpu-fixed-round,monthly,12.375913,36,stalled,False,-0.002628,791.0,0.07107875586319673,0.31414838035534187,0.292112638897201,1.6819496223926038,-3.0076985724095224,4,12,0.0,0.0
-30.0,138.0,2.586606039791733,59.9999999924285,11.999999980653064,5.0,30.0,LiCl,4.0,case2,aitken-gpu-fixed-round,monthly,12.186513,36,stalled,False,-0.000552,814.4,0.07685946104048762,0.27546632457443454,0.3466159496516906,2.5008832789614504,-1.0881257117744494,3,12,0.0,0.0
-30.0,141.0,2.6571892552693486,59.99999979578478,11.99999997835619,5.0,30.0,LiCl,4.0,case2,aitken-gpu-fixed-round,monthly,12.220611,36,stalled,False,-0.002972,844.1,0.0822702969017452,0.23719265027794034,0.3726439893776436,1.33060608866793,-3.4495402958795967,4,12,0.0,0.0
33.0,-108.0,2.4618891395586253,59.99999992670485,10.981144084943457,5.0,30.0,LiCl,4.0,case2,aitken-gpu-fixed-round,monthly,17.361927,36,stalled,943.7,0.07123324750744714,False,-0.002356,0.33749306522329187,0.2804860460878452,1.3642187392191616,-3.578031338639096,3,12,0.0,0.0
33.0,-105.0,2.3160318013311643,59.99999964903299,11.999999829956662,5.0,30.0,LiCl,4.0,case2,aitken-gpu-fixed-round,monthly,14.812865,42,stalled,1297.7,0.08021093136513728,False,-0.002120,0.3551398532277506,0.2616200789061645,1.5327443821584745,-3.0777296132646748,4,18,0.0,0.0
33.0,-102.0,2.2554040223331864,59.99999998055701,11.999999939308728,5.0,30.0,LiCl,4.0,case2,aitken-gpu-fixed-round,monthly,11.110633,36,stalled,1278.1,0.06623641384351635,False,-0.000598,0.22846707362601343,0.47156892062876304,1.6279868091980552,-2.7885844333143015,4,12,0.0,0.0
33.0,-99.0,2.675070208759762,59.99999961772462,11.999999998170729,5.0,30.0,LiCl,4.0,case2,aitken-gpu-fixed-round,monthly,9.873789,36,stalled,758.5,0.04421326047526602,False,-0.001137,0.1428825822603791,0.3142332467065794,1.5002593003700697,-3.7114968964301545,4,12,0.0,0.0
33.0,-96.0,2.412184634960576,59.9999999831663,11.999999829536632,5.0,30.0,LiCl,4.0,case2,aitken-gpu-fixed-round,monthly,9.730852,36,stalled,829.2,0.06763736366881154,False,-0.000796,0.10244207211399277,0.24315446677032598,1.1365985084073842,-4.44099566290909,4,12,0.0,0.0
33.0,-93.0,2.3765566557226654,59.99999986549584,11.999999802423943,5.0,30.0,LiCl,4.0,case2,aitken-gpu-fixed-round,monthly,9.806763,36,stalled,775.3,0.07059211049542305,False,-0.001095,0.10506166234198089,0.20101803743036561,1.22577824416239,-4.4962687272309285,4,12,0.0,0.0
33.0,-90.0,2.326284833467108,59.999999930886965,11.72715127640251,5.0,30.0,LiCl,4.0,case2,aitken-gpu-fixed-round,monthly,9.618340,36,stalled,767.6,0.07184337664494816,False,-0.000594,0.09740578966149402,0.09504971204713203,1.2837657952765908,-4.621844470658079,4,12,0.0,0.0
33.0,-87.0,2.328344387854446,59.999999928261566,11.999999957152433,5.0,30.0,LiCl,4.0,case2,aitken-gpu-fixed-round,monthly,9.642060,36,stalled,961.6,0.0753430217758297,False,-0.001184,0.10010577560024106,0.2501374316563159,1.555862855935526,-4.116786460743862,4,12,0.0,0.0
33.0,-84.0,2.509777252273847,59.9999992208789,11.99999997235129,5.0,30.0,LiCl,4.0,case2,aitken-gpu-fixed-round,monthly,10.027004,33,stalled,755.4,0.07087246912644103,False,-0.000446,0.22186136430306783,0.5326819347816899,2.776603828165163,-0.617886029426735,3,9,0.0,0.0
33.0,-81.0,2.3321822156599374,59.99999980302638,11.99999998474978,5.0,30.0,LiCl,4.0,case2,aitken-gpu-fixed-round,monthly,9.240817,33,stalled,592.1,0.08406336059276957,False,-0.003107,0.08079222979586576,0.2091123371104055,1.3908577277547662,-4.024472127523509,4,9,0.0,0.0
33.0,-6.0,2.4991613842996685,59.999999851472374,11.99999990313652,5.0,30.0,LiCl,4.0,case2,aitken-gpu-fixed-round,monthly,11.389139,36,stalled,737.0,0.05900572550683583,False,-0.001588,0.2430993150022541,0.2843279265980331,1.472485509642226,-3.140438414500606,4,12,0.0,0.0
33.0,-3.0,2.409667719838765,59.99999998453433,11.999999960043128,5.0,30.0,LiCl,4.0,case2,aitken-gpu-fixed-round,monthly,12.519677,36,stalled,1045.6,0.08282771017314293,False,-0.001554,0.20662809376115468,0.32270986549574454,1.2433698520356027,-3.595780754650553,4,12,0.0,0.0
33.0,0.0,2.5462675068307568,59.999999946360155,11.999999983845441,5.0,30.0,LiCl,4.0,case2,aitken-gpu-fixed-round,monthly,13.786044,36,stalled,222.3,0.10369411739982456,False,-0.003096,0.2890404760381138,0.307723926977843,1.5072040980591153,-3.5372590597958977,4,12,0.0,0.0
33.0,3.0,2.6792660377025093,59.9999997660976,11.999999956879925,5.0,30.0,LiCl,4.0,case2,aitken-gpu-fixed-round,monthly,13.318205,36,stalled,774.3,0.09436846633982791,False,-0.001733,0.2717684997407119,0.23837236588459254,1.4308329281137584,-3.7218664143017772,4,12,0.0,0.0
33.0,6.0,2.747310045107024,59.99999483563312,11.999999777938074,5.0,30.0,LiCl,4.0,case2,aitken-gpu-fixed-round,monthly,12.706580,36,stalled,802.0,0.08212244924045807,False,-0.001314,0.3055853297992913,0.3905011607429539,2.3602938336606165,-1.7404891333535877,3,12,0.0,0.0
33.0,9.0,2.7086849277199168,59.99999997643883,11.999999975459529,5.0,30.0,LiCl,4.0,case2,aitken-gpu-fixed-round,monthly,11.553969,36,stalled,787.0,0.06293793817150273,False,-0.002414,0.22176660270454765,0.18931228520617885,1.3196715824591434,-3.2167036058276106,4,12,0.0,0.0
33.0,36.0,2.4509425399349616,57.94982073959938,11.99999997656089,5.0,30.0,LiCl,4.0,case2,aitken-gpu-fixed-round,monthly,10.044431,39,stalled,258.5,0.05508268121264003,False,-0.000936,0.17978780570467906,0.11935938675404655,1.9789436150816742,-2.3622285260866693,3,15,0.0,0.0
33.0,39.0,2.5942490494401333,60.0,12.0,5.0,30.0,LiCl,4.0,case2,aitken-gpu-fixed-round,monthly,13.009320,36,stalled,695.9,0.09398076989233387,False,-0.003113,0.26407660687465695,0.06855574749878549,1.5906721710268135,-3.387288765506645,3,12,0.0,0.0
33.0,42.0,2.5710101560267273,59.99999992469319,11.999999973774539,5.0,30.0,LiCl,4.0,case2,aitken-gpu-fixed-round,monthly,14.163626,36,stalled,768.1,0.09411483318945406,False,-0.001177,0.36425337313250483,0.15496273103868874,1.4211542128433203,-3.540700101875105,4,12,0.0,0.0
33.0,45.0,2.7702239255596077,60.0,12.0,5.0,30.0,LiCl,4.0,case2,aitken-gpu-fixed-round,monthly,13.042385,36,stalled,795.0,0.08811645824977934,False,-0.005514,0.3394314711745251,0.449280258371,2.2349471883130603,-1.506736435307379,3,12,0.0,0.0
33.0,48.0,2.5604791842572268,59.99999999223026,11.999999968565492,5.0,30.0,LiCl,4.0,case2,aitken-gpu-fixed-round,monthly,14.051509,36,stalled,791.6,0.0891808232445966,False,-0.001522,0.31992595630242765,0.2533711803359445,1.5557113017586854,-3.392707892762509,3,12,0.0,0.0
33.0,51.0,2.2542630535128065,59.99999999634052,11.162890973773116,5.0,30.0,LiCl,4.0,case2,aitken-gpu-fixed-round,monthly,15.601756,36,stalled,959.8,0.11718139806461891,False,-0.003707,0.2617209776222353,0.22255480688763687,1.5588895296369598,-3.5180434927039848,4,12,0.0,0.0
33.0,54.0,2.397017038862229,59.99999991829175,11.999999993850096,5.0,30.0,LiCl,4.0,case2,aitken-gpu-fixed-round,monthly,18.943859,36,stalled,787.8,0.1307737827355576,False,-0.002582,0.5001182034606636,0.19441624206238117,1.3995986992705136,-3.59249084716273,4,12,0.0,0.0
33.0,57.0,2.3390420690508593,59.999999965360665,11.999999999387308,5.0,30.0,LiCl,4.0,case2,aitken-gpu-fixed-round,monthly,21.231430,39,stalled,631.1,0.14011492426511798,False,-0.002980,0.6637051802861647,0.11661929561999074,1.0973126341000068,-3.9058013969218344,3,15,0.0,0.0
33.0,60.0,2.5925849245912884,60.0,12.0,5.0,30.0,LiCl,4.0,case2,aitken-gpu-fixed-round,monthly,15.126470,36,stalled,954.7,0.0993884726746791,False,-0.002599,0.290279720382231,0.18538312064339252,1.4034514293397282,-3.6523879379873585,4,12,0.0,0.0
33.0,63.0,2.3822697563078004,59.99999991651896,11.99999994925662,5.0,30.0,LiCl,4.0,case2,aitken-gpu-fixed-round,monthly,18.646646,39,stalled,915.7,0.07840267183457794,False,-0.001393,0.8286086163431181,0.06472990248082816,2.221356872885662,-1.5640308418715556,4,15,0.0,0.0
33.0,66.0,2.2333920397354823,59.999999802493264,11.999999890627217,5.0,30.0,LiCl,4.0,case2,aitken-gpu-fixed-round,monthly,17.996983,36,stalled,932.9,0.11357874162943342,False,-0.004165,0.39235142949473706,-0.00655248840550573,1.6494402351536344,-3.2722426657990282,3,12,0.0,0.0
33.0,69.0,2.2324590611554807,59.99999992573339,11.999999999486812,5.0,30.0,LiCl,4.0,case2,aitken-gpu-fixed-round,monthly,12.278899,36,stalled,1163.8,0.0726280583422135,False,-0.001319,0.15679819451034419,0.49160012923668883,2.8284471154376454,-0.525728466471963,4,12,0.0,0.0
33.0,72.0,2.397538294599812,59.999997988248985,11.999999997142679,5.0,30.0,LiCl,4.0,case2,aitken-gpu-fixed-round,monthly,11.269609,42,stalled,993.9,0.07700402386355634,False,-0.002933,0.4490636725115884,0.5932723341782595,2.836606267151315,-0.07619035183490386,4,18,0.0,0.0
33.0,75.0,2.104128169065948,60.0,12.0,5.0,30.0,LiCl,4.0,case2,aitken-gpu-fixed-round,monthly,11.343726,33,stalled,532.6,0.0842404237929245,False,-0.000760,0.45014707736975496,0.4763930048705286,4.7575724827213435,7.352422863065862,3,9,0.0,0.0
33.0,78.0,1.6307070002005288,59.999999727691794,11.999999472472366,5.0,30.0,LiCl,4.0,case2,aitken-gpu-fixed-round,monthly,22.218515,33,stalled,954.2,0.14333484670935046,False,-0.001597,0.09613689189624834,0.20612005681137197,1.6501865445377897,-4.0192375011845085,4,9,0.0,0.0
33.0,81.0,1.4463584590327083,59.06587341332302,9.970163871494666,5.0,30.0,LiCl,4.0,case2,aitken-gpu-fixed-round,monthly,34.094535,33,stalled,611.4,0.13976797291930743,False,-0.001712,1.162297738888932,0.37147244303633187,2.876361587045572,0.5258717198586975,1,9,0.0,0.0
33.0,84.0,1.903846025333246,60.0,12.0,5.0,30.0,LiCl,4.0,case2,aitken-gpu-fixed-round,monthly,24.793385,39,stalled,1442.5,0.13397677675896244,False,-0.006136,0.23316790716000885,0.13897337272291907,1.0972490439594882,-4.3322306280840275,3,15,0.0,0.0
33.0,87.0,1.6114073525000598,60.0,12.0,5.0,30.0,LiCl,4.0,case2,aitken-gpu-fixed-round,monthly,25.349437,42,stalled,1611.7,0.15529092450033435,False,-0.006841,0.2739614313620255,0.14460728872458486,1.5331257292626013,-3.2981711230205333,3,18,0.0,0.0
33.0,96.0,1.6115706390068008,59.99999977341423,11.99999998676901,5.0,30.0,LiCl,4.0,case2,aitken-gpu-fixed-round,monthly,21.869244,33,stalled,957.9,0.14666262081395925,False,-0.004496,0.15260728751233155,0.038333792151422665,1.4302191650059544,-4.074646603148237,3,9,0.0,0.0
33.0,99.0,1.5398592541492382,60.0,12.0,5.0,30.0,LiCl,4.0,case2,aitken-gpu-fixed-round,monthly,20.004805,33,stalled,942.6,0.14099857565595597,False,-0.002053,0.14184444374045266,0.6433266512353911,2.2552109888116907,-2.2154540400958562,4,9,0.0,0.0
33.0,102.0,1.745085493925342,59.999999998761446,11.999999995769983,5.0,30.0,LiCl,4.0,case2,aitken-gpu-fixed-round,monthly,16.179833,33,stalled,1246.5,0.10848178105205455,False,-0.000808,0.09578975029416388,0.40263392109452706,2.379699733024993,-2.5907437278605516,4,9,0.0,0.0
33.0,105.0,1.884932777230032,60.0,12.0,5.0,30.0,LiCl,4.0,case2,aitken-gpu-fixed-round,monthly,12.554746,33,stalled,744.0,0.13682934687151052,False,-0.000697,0.27800173332938044,0.03574745172558093,3.27210553765979,0.9602329168362056,3,9,0.0,0.0
33.0,108.0,1.808034599445688,59.99999958370233,11.999999887836523,5.0,30.0,LiCl,4.0,case2,aitken-gpu-fixed-round,monthly,13.914293,33,stalled,955.2,0.12921353638698788,False,-0.002727,0.14475318140155602,-0.08647112806013554,1.71551140479949,-3.9939426662035347,3,9,0.0,0.0
33.0,111.0,1.8723207877246903,57.39713872291555,12.0,5.0,30.0,LiCl,4.0,case2,aitken-gpu-fixed-round,monthly,12.679016,33,stalled,760.6,0.1224783713082133,False,-0.001663,0.6543204708403635,0.40407523852582194,4.238721306305531,5.308216519921672,2,9,0.0,0.0
33.0,114.0,2.0476662912500343,60.0,12.0,5.0,30.0,LiCl,4.0,case2,aitken-gpu-fixed-round,monthly,12.015436,33,stalled,726.1,0.11399560642349885,False,-0.003600,0.5599470219590839,0.45019778278969114,5.078887858740537,9.00120987177382,2,9,0.0,0.0
33.0,117.0,1.9958837579484532,52.616168780086944,11.414163059164329,5.0,30.0,LiCl,4.0,case2,aitken-gpu-fixed-round,monthly,11.391330,33,stalled,865.1,0.11813569410386733,False,-0.003393,0.468625189260704,0.3106345183866468,4.1823130130104005,4.665814673922217,3,9,0.0,0.0
33.0,120.0,1.9172978038683683,60.0,12.0,5.0,30.0,LiCl,4.0,case2,aitken-gpu-fixed-round,monthly,11.109871,33,stalled,845.2,0.12491869606171362,False,-0.003292,0.41088515135212456,0.31243879588443707,3.1477803313385055,1.025229668944153,2,9,0.0,0.0
36.0,-120.0,2.6944540125929595,59.99999979170077,11.999999996938254,5.0,30.0,LiCl,4.0,case2,aitken-gpu-fixed-round,monthly,14.391981,36,stalled,777.8,0.08251011976705357,False,-0.001316,0.2531267862858933,0.10521612444791868,1.3270034946526592,-3.7378991825418963,4,12,0.0,0.0
36.0,-117.0,2.391531491473692,56.63206308817226,11.999999993324787,5.0,30.0,LiCl,4.0,case2,aitken-gpu-fixed-round,monthly,27.552333,33,stalled,592.1,0.08419053949188386,False,-0.001129,1.1886583862973439,0.35361073293338763,2.30279617607901,-1.446354014850833,4,9,0.0,0.0
36.0,-114.0,2.3711610358271553,59.99999998183814,11.999999989291837,5.0,30.0,LiCl,4.0,case2,aitken-gpu-fixed-round,monthly,23.088295,39,stalled,1192.9,0.10366312741732986,False,-0.004146,0.6592648653698048,0.27153977152606124,0.9432374141637218,-3.758641802743098,4,15,0.0,0.0
36.0,-111.0,2.1841771270608223,59.99999961791463,11.999999898959063,5.0,30.0,LiCl,4.0,case2,aitken-gpu-fixed-round,monthly,18.479757,33,stalled,618.0,0.10428479661187785,False,-0.001285,0.4262523257714833,-0.015234151594975875,1.2929801692897736,-3.461702411803292,4,9,0.0,0.0
36.0,-108.0,2.4837128658972825,59.99999994556716,11.999999997114223,5.0,30.0,LiCl,4.0,case2,aitken-gpu-fixed-round,monthly,15.847079,36,stalled,998.7,0.09297562441134585,False,-0.001248,0.3041954315761807,0.14537393136431995,1.4365242880510118,-3.780718539118653,4,12,0.0,0.0
36.0,-105.0,2.1123650563898666,59.999998976314636,11.999999960242048,5.0,30.0,LiCl,4.0,case2,aitken-gpu-fixed-round,monthly,15.532921,33,stalled,790.8,0.0948718354282163,False,-0.001434,0.21054529349152137,0.14401357843117185,1.1758616490446856,-3.3894655230894224,4,9,0.0,0.0
36.0,-102.0,2.353614620378511,59.9999999869578,11.999999919007804,5.0,30.0,LiCl,4.0,case2,aitken-gpu-fixed-round,monthly,11.779193,36,stalled,1002.4,0.070964433692671,False,-0.002832,0.1749709156129821,0.5013138738442242,1.2256490746738165,-3.611032872037933,4,12,0.0,0.0
36.0,-99.0,2.6613734494008017,59.999999702622,11.999999931587807,5.0,30.0,LiCl,4.0,case2,aitken-gpu-fixed-round,monthly,11.167531,36,stalled,941.1,0.042342523649606056,False,-0.000680,0.16520304767227137,0.24815838182219305,1.387087870723018,-3.8960465970342373,4,12,0.0,0.0
36.0,-96.0,2.628764209921897,59.99999770014604,11.999999856213277,5.0,30.0,LiCl,4.0,case2,aitken-gpu-fixed-round,monthly,10.587242,36,stalled,985.6,0.053146388390818526,False,-0.000939,0.13220585212742392,0.4072690395388071,1.3994855170589051,-3.973176893495582,4,12,0.0,0.0
36.0,-93.0,2.542272954371582,59.99999982516105,11.999999903537693,5.0,30.0,LiCl,4.0,case2,aitken-gpu-fixed-round,monthly,10.932930,36,stalled,991.4,0.05816600322876391,False,-0.001015,0.11601153702127384,0.266509578375778,1.1960498751323902,-4.491729167684335,4,12,0.0,0.0
36.0,-90.0,2.478791455973789,59.9999997878578,11.99999964653283,5.0,30.0,LiCl,4.0,case2,aitken-gpu-fixed-round,monthly,10.748858,36,stalled,990.3,0.06110071928166134,False,-0.000708,0.11361760737405155,0.1676443107203314,1.2365287698201946,-4.52310765389489,4,12,0.0,0.0
36.0,-87.0,2.3804711284406683,59.99999993629142,11.999999998313042,5.0,30.0,LiCl,4.0,case2,aitken-gpu-fixed-round,monthly,11.481678,36,stalled,964.8,0.0720543281570373,False,-0.001230,0.12003581366384124,0.3412375516107613,1.2673860107280768,-4.5878875562393056,4,12,0.0,0.0
36.0,-84.0,2.2845481139242163,59.99999952103622,11.999999793681303,5.0,30.0,LiCl,4.0,case2,aitken-gpu-fixed-round,monthly,10.849758,36,stalled,529.9,0.07514990225189457,False,-0.001004,0.1009879631588646,0.013564316827723025,1.2132917033895436,-4.674662059691183,4,12,0.0,0.0
36.0,-81.0,2.321232962829571,59.999994133433695,11.999999779098154,5.0,30.0,LiCl,4.0,case2,aitken-gpu-fixed-round,monthly,11.312099,36,stalled,731.8,0.07501829476566196,False,-0.001379,0.10501534393730412,0.230443689572974,1.120681275824149,-4.725411457096433,4,12,0.0,0.0
36.0,-78.0,2.212712938841294,54.42239364743068,11.999999973630448,5.0,30.0,LiCl,4.0,case2,aitken-gpu-fixed-round,monthly,10.033540,33,stalled,528.7,0.08519468735614537,False,-0.001768,0.33213439134252676,0.39847889965444366,4.926759617187646,7.806869244782284,3,9,0.0,0.0
36.0,3.0,2.2992702196872044,60.0,12.0,5.0,30.0,LiCl,4.0,case2,aitken-gpu-fixed-round,monthly,12.466496,36,stalled,751.8,0.08278509862837943,False,-0.004369,0.18705953400597983,0.5245354793573609,1.7244084460754674,-2.859317749393799,3,12,0.0,0.0
36.0,6.0,2.1323815951480123,59.99999940618432,11.999999733890856,5.0,30.0,LiCl,4.0,case2,aitken-gpu-fixed-round,monthly,11.548421,33,stalled,572.1,0.07437116523759969,False,-0.001624,0.15501047669105666,0.3757985598966792,1.665194187306003,-3.0425485130237178,4,9,0.0,0.0
36.0,9.0,2.2269801051617852,59.99999996869629,11.999999911173665,5.0,30.0,LiCl,4.0,case2,aitken-gpu-fixed-round,monthly,11.407571,36,stalled,743.7,0.06348021620909315,False,-0.000969,0.15086546464355607,0.3674063805570952,1.3797026547332767,-3.8663194322504415,4,12,0.0,0.0
36.0,39.0,2.5839704389944456,59.99999994208524,11.999999983738737,5.0,30.0,LiCl,4.0,case2,aitken-gpu-fixed-round,monthly,11.887471,36,stalled,751.3,0.06013908681622134,False,-0.001909,0.2081289812102332,0.7308213331758215,3.213525924455035,0.9260039434453404,3,12,0.0,0.0
36.0,42.0,2.556711325348865,59.99999982614783,11.999999895110287,5.0,30.0,LiCl,4.0,case2,aitken-gpu-fixed-round,monthly,14.152953,36,stalled,741.8,0.08562013206029767,False,-0.000650,0.30635346573290745,0.2925108058715346,1.5311867753660244,-3.414470774502033,3,12,0.0,0.0
36.0,45.0,2.3647220397872504,59.99999999017701,11.999999985525253,5.0,30.0,LiCl,4.0,case2,aitken-gpu-fixed-round,monthly,13.028492,36,stalled,755.7,0.07178960923607353,False,-0.001168,0.2621035646169893,0.10592664785248809,1.721392174507535,-2.9243950272902723,3,12,0.0,0.0
36.0,48.0,2.1935935356596232,59.99999977420102,11.999999752047293,5.0,30.0,LiCl,4.0,case2,aitken-gpu-fixed-round,monthly,13.748900,36,stalled,942.2,0.08596659504373998,False,-0.001256,0.2526279002931619,0.14528051221333257,1.7351969369539648,-3.0606923948043145,4,12,0.0,0.0
36.0,51.0,2.154155206921186,59.99999996041663,11.999999937101341,5.0,30.0,LiCl,4.0,case2,aitken-gpu-fixed-round,monthly,17.340556,36,stalled,1103.1,0.09130700204512823,False,-0.002295,0.2611841454670205,0.1667343457888158,1.4088652142245408,-3.4343382247114094,4,12,0.0,0.0
36.0,54.0,2.3240759929946404,59.99999999626876,11.99999998891215,5.0,30.0,LiCl,4.0,case2,aitken-gpu-fixed-round,monthly,14.891635,36,stalled,925.4,0.06166552507569316,False,-0.000840,0.3110691461126128,0.4200156930679298,2.100835676857942,-1.933288607381766,4,12,0.0,0.0
36.0,57.0,2.2506253755663157,59.99999996488622,11.999999997591877,5.0,30.0,LiCl,4.0,case2,aitken-gpu-fixed-round,monthly,15.518710,42,stalled,1372.3,0.10300089825468553,False,-0.004402,0.3276947318714629,0.20295526052425206,1.7024616348968682,-2.8237516214539493,3,18,0.0,0.0
36.0,66.0,2.443426135847396,59.99999998619601,11.999999997376673,5.0,30.0,LiCl,4.0,case2,aitken-gpu-fixed-round,monthly,16.383175,36,stalled,949.4,0.10492759711602524,False,-0.002222,0.2544655158141956,0.5883410729799434,2.671816686971128,-1.0287382775728577,3,12,0.0,0.0
36.0,69.0,2.2925135173531954,59.999999998524025,11.999999998453763,5.0,30.0,LiCl,4.0,case2,aitken-gpu-fixed-round,monthly,14.859839,36,stalled,799.0,0.09914676030684814,False,-0.000992,0.24414581920364756,0.6632977978479963,3.1951684294902987,0.8004872982922104,3,12,0.0,0.0
36.0,72.0,2.131387491003748,60.0,12.0,5.0,30.0,LiCl,4.0,case2,aitken-gpu-fixed-round,monthly,16.768321,36,stalled,1490.9,0.08085495368338501,False,-0.000932,0.2587908509754838,0.33857053131212844,1.9518517983658192,-2.472229613379343,4,12,0.0,0.0
36.0,75.0,1.5089643791604133,59.99999965893502,3.0000019170781176,5.0,30.0,LiCl,4.0,case2,aitken-gpu-fixed-round,monthly,25.579605,33,stalled,982.9,0.17849951854632623,False,-0.004446,0.2426742448612661,0.5256618367150562,1.7996424718489796,-3.117508458839348,4,9,0.0,0.0
36.0,78.0,1.730846830994844,59.99999989574313,11.999999999085288,5.0,30.0,LiCl,4.0,case2,aitken-gpu-fixed-round,monthly,25.242683,36,stalled,1215.4,0.16088395081404805,False,-0.005411,0.17809109571155413,0.37679872077401244,1.6730661943189233,-4.110849970196613,2,12,0.0,0.0
36.0,81.0,1.6882340489060665,59.99999996668104,11.999999998780522,5.0,30.0,LiCl,4.0,case2,aitken-gpu-fixed-round,monthly,24.364911,33,stalled,879.4,0.13081559151300506,False,-0.002398,0.13811735731686425,0.19258675547394022,1.8391528537184931,-3.663550255636477,4,9,0.0,0.0
36.0,84.0,1.3664703427869211,59.99999974380507,11.999999850651278,5.0,30.0,LiCl,4.0,case2,aitken-gpu-fixed-round,monthly,27.244350,33,stalled,1275.9,0.17017170608751453,False,-0.007101,0.29199067127715833,-0.13469160410916112,2.0483958320589974,-2.6858820653021507,4,9,0.0,0.0
36.0,87.0,1.4983341121271656,59.99999993939885,11.999999204331143,5.0,30.0,LiCl,4.0,case2,aitken-gpu-fixed-round,monthly,25.904216,33,stalled,982.4,0.14765286409007983,False,-0.006140,0.21073495923719715,0.33649969149369313,1.7103194125944035,-3.099898134718405,4,9,0.0,0.0
36.0,90.0,1.330799605412394,59.999999096522785,11.999999915161226,5.0,30.0,LiCl,4.0,case2,aitken-gpu-fixed-round,monthly,24.751724,33,stalled,952.4,0.14621854499861714,False,-0.001190,1.0842221137053838,-0.10157013988120102,4.787535973811576,6.981458714285134,4,9,0.0,0.0
36.0,93.0,1.4463584590327083,59.06587341332302,9.970163871494666,5.0,30.0,LiCl,4.0,case2,aitken-gpu-fixed-round,monthly,24.051878,33,stalled,1053.7,0.13277163010007048,False,-0.000565,0.7613254579586562,-0.19883113155181564,3.2445379318518444,0.7536007058491783,3,9,0.0,0.0
36.0,96.0,1.6192127141503323,59.99999999482772,11.999999846398035,5.0,30.0,LiCl,4.0,case2,aitken-gpu-fixed-round,monthly,20.625342,33,stalled,610.8,0.12397897162432207,False,-0.000884,0.3220623454452111,0.41156752825520937,3.1595889125067997,0.8159646944415933,4,9,0.0,0.0
36.0,99.0,1.5658077177611365,59.99999990405548,11.99999999397171,5.0,30.0,LiCl,4.0,case2,aitken-gpu-fixed-round,monthly,21.510091,33,stalled,1082.9,0.13231386629775777,False,-0.004335,0.2902345171372546,0.078575557951509,2.807582410272347,-1.274813895074452,4,9,0.0,0.0
36.0,102.0,2.47838532181877,59.99999968696,11.99999998251725,5.0,30.0,LiCl,4.0,case2,aitken-gpu-fixed-round,monthly,15.253164,36,stalled,1190.1,0.06618802232853399,False,-0.001288,0.18687930422926877,0.314598127216416,1.7964442318807126,-3.4017847488190975,4,12,0.0,0.0
36.0,105.0,2.050089257846503,59.99999998031583,11.999998968791015,5.0,30.0,LiCl,4.0,case2,aitken-gpu-fixed-round,monthly,13.668654,33,stalled,938.0,0.09734561277219571,False,-0.001167,0.12283678567665086,0.21695671976874165,1.2520166872691254,-4.560168130220618,4,9,0.0,0.0
36.0,108.0,2.045678039948549,59.99999983111946,11.99999994758598,5.0,30.0,LiCl,4.0,case2,aitken-gpu-fixed-round,monthly,14.301888,33,stalled,928.1,0.10119391991064668,False,-0.001242,0.16514420453877432,0.5474516003960995,1.8811389296999985,-3.4156989197656538,3,9,0.0,0.0
36.0,111.0,2.087459371194608,59.99999991808848,11.999999963906717,5.0,30.0,LiCl,4.0,case2,aitken-gpu-fixed-round,monthly,14.128373,33,stalled,960.0,0.09214240521500208,False,-0.000739,0.16314444384322013,0.5927592244671961,2.44164183361002,-2.064843321889567,4,9,0.0,0.0
36.0,114.0,2.196710781506402,59.99999995969511,11.999999980830967,5.0,30.0,LiCl,4.0,case2,aitken-gpu-fixed-round,monthly,13.868394,33,stalled,797.7,0.09421717081179473,False,-0.002203,0.17251104885566765,0.504715562258014,1.6754046063704882,-3.64003319591757,4,9,0.0,0.0
36.0,117.0,2.153635273845407,60.0,12.0,5.0,30.0,LiCl,4.0,case2,aitken-gpu-fixed-round,monthly,12.513221,33,stalled,773.7,0.09704710953326039,False,-0.002356,0.6498293238575163,0.49758861715624786,6.344591176079315,16.39000134768123,3,9,0.0,0.0
36.0,120.0,1.9958837579484532,52.616168780086944,11.414163059164329,5.0,30.0,LiCl,4.0,case2,aitken-gpu-fixed-round,monthly,11.377533,33,stalled,758.4,0.1136210881617491,False,-0.003148,1.2911916341408551,0.8096469411069139,7.875608082022157,27.94712036834825,3,9,0.0,0.0
36.0,129.0,1.6604159141429058,50.832606256193515,12.0,5.0,30.0,LiCl,4.0,case2,aitken-gpu-fixed-round,monthly,11.270362,33,stalled,320.2,0.1294873956509532,False,0.000030,1.686618939653765,0.820589342940385,8.675335971056358,34.95167350240666,3,9,0.0,0.0
36.0,138.0,1.4463584590327083,59.06587341332302,9.970163871494666,5.0,30.0,LiCl,4.0,case2,aitken-gpu-fixed-round,monthly,12.204206,33,stalled,763.3,0.14276085570875005,False,0.003650,1.6328381720867542,1.273455805446671,15.631740491080752,119.45392418908818,2,9,0.0,0.0
39.0,-123.0,2.382035037285541,59.99999997995967,11.999999990983655,5.0,30.0,LiCl,4.0,case2,aitken-gpu-fixed-round,monthly,17.037596,36,stalled,791.6,0.09739326599979889,False,-0.001617,0.2379252647696508,0.15902387131286722,1.4749368946511212,-3.979522605664597,4,12,0.0,0.0
39.0,-120.0,1.6603757344497796,59.9999998975717,3.0000002504763135,5.0,30.0,LiCl,4.0,case2,aitken-gpu-fixed-round,monthly,20.966939,33,stalled,1023.1,0.16059518515051713,False,-0.002466,0.08962033411856317,0.2787188295168397,3.0506102663612475,-0.8093997947437539,4,9,0.0,0.0
39.0,-117.0,2.018595096496556,59.99999938534591,11.238311566374119,5.0,30.0,LiCl,4.0,case2,aitken-gpu-fixed-round,monthly,24.066999,33,stalled,780.4,0.11865303546766377,False,-0.004513,1.1267402445851045,0.2103761852314976,2.6380671599899994,-0.4931820503903417,4,9,0.0,0.0
39.0,-114.0,2.109922356289538,59.99999977074712,11.999999976247189,5.0,30.0,LiCl,4.0,case2,aitken-gpu-fixed-round,monthly,19.206026,33,stalled,787.2,0.13086546188215975,False,-0.002429,0.36665312925946253,0.0861340490821701,1.5276405330249474,-3.5718718225163775,3,9,0.0,0.0
39.0,-111.0,2.0314573647996372,59.99999966027403,11.999999997496532,5.0,30.0,LiCl,4.0,case2,aitken-gpu-fixed-round,monthly,19.917519,33,stalled,749.5,0.12527198662932726,False,-0.003269,0.39687892007469083,0.19337365839681772,1.6679915912642842,-3.481916325588254,3,9,0.0,0.0
39.0,-108.0,1.8619696536314359,59.99999947876737,11.99999999683957,5.0,30.0,LiCl,4.0,case2,aitken-gpu-fixed-round,monthly,22.244085,33,stalled,1679.1,0.13416723185197166,False,-0.002338,0.2075396264416949,0.34030061897698044,1.6767040943999243,-3.902723224652617,4,9,0.0,0.0
39.0,-105.0,1.9070054875146925,59.99999850357486,11.999999996756586,5.0,30.0,LiCl,4.0,case2,aitken-gpu-fixed-round,monthly,19.699567,36,stalled,1344.8,0.10731799406564407,False,-0.003598,0.23032778356402908,0.21941231491733182,1.449747763584732,-3.670123981297121,3,12,0.0,0.0
39.0,-102.0,2.1628167330427512,59.9999989631829,11.999999993113994,5.0,30.0,LiCl,4.0,case2,aitken-gpu-fixed-round,monthly,13.056853,36,stalled,1003.9,0.06483027118651066,False,-0.000001,0.17906640388368308,0.29203813951002755,1.4519701862279464,-3.465874974134973,4,12,0.0,0.0
39.0,-99.0,2.390567764220472,59.99999905946604,11.999999915283725,5.0,30.0,LiCl,4.0,case2,aitken-gpu-fixed-round,monthly,12.239083,36,stalled,1157.7,0.05255846124727427,False,0.000148,0.15219652502019018,0.3222509882718144,1.3467441878450985,-4.1495148280075895,4,12,0.0,0.0
39.0,-78.0,2.3192918429188705,59.99999932355396,11.999999999551404,5.0,30.0,LiCl,4.0,case2,aitken-gpu-fixed-round,monthly,13.264938,36,stalled,964.8,0.06569446807181865,False,-0.000504,0.12983274941687756,0.1784205338307569,1.1804927480225902,-4.566047666556064,4,12,0.0,0.0
39.0,-9.0,2.3006801446272966,60.0,12.0,5.0,30.0,LiCl,4.0,case2,aitken-gpu-fixed-round,monthly,10.645396,33,stalled,586.3,0.07141873115480847,False,0.000285,0.5949204423480766,0.746795808645128,8.550596178974835,32.72262795117698,3,9,0.0,0.0
39.0,-6.0,1.9958837579484532,52.616168780086944,11.414163059164329,5.0,30.0,LiCl,4.0,case2,aitken-gpu-fixed-round,monthly,11.816169,33,stalled,568.5,0.07480105041088146,False,-0.000127,0.33097904150559165,0.10177666752481737,3.332458649561027,1.5793870636060916,3,9,0.0,0.0
39.0,-3.0,2.142114371571107,59.99999967510231,11.999999910746903,5.0,30.0,LiCl,4.0,case2,aitken-gpu-fixed-round,monthly,13.580246,33,stalled,750.0,0.08973964448349658,False,-0.000998,0.18333937900893113,0.17676824790875315,1.7050211905113404,-3.236387798173525,4,9,0.0,0.0
39.0,21.0,2.1727255306554176,59.99999934655495,11.999999913140899,5.0,30.0,LiCl,4.0,case2,aitken-gpu-fixed-round,monthly,10.121118,33,stalled,601.1,0.07545660495747196,False,-0.001200,0.1752407739908105,0.9127697512021993,3.8720599029308786,2.293134136854078,3,9,0.0,0.0
39.0,27.0,2.2779918042690084,59.999999509184654,11.999999894663615,5.0,30.0,LiCl,4.0,case2,aitken-gpu-fixed-round,monthly,11.345217,36,stalled,756.7,0.05913813581077917,False,-0.000491,0.140603936962066,0.27134120557292696,1.390003433574965,-3.995035740779256,4,12,0.0,0.0
39.0,30.0,2.0513555679288342,59.99999992316765,11.999999996381524,5.0,30.0,LiCl,4.0,case2,aitken-gpu-fixed-round,monthly,13.112061,33,stalled,809.4,0.07829219650875967,False,-0.001811,0.23572120908877983,0.5747133288414643,2.4614222273372586,-2.0113446077493844,3,9,0.0,0.0
39.0,33.0,2.2148035548276024,59.9999999232127,11.999999991735312,5.0,30.0,LiCl,4.0,case2,aitken-gpu-fixed-round,monthly,13.883467,39,stalled,947.2,0.07229086405739361,False,-0.001134,0.39836075995571985,0.501858222794685,1.884334373133415,-2.8640936762289044,4,15,0.0,0.0
39.0,36.0,2.22616719665203,59.56490435579077,11.999999966426115,5.0,30.0,LiCl,4.0,case2,aitken-gpu-fixed-round,monthly,13.759092,33,stalled,831.5,0.07710594844787182,False,-0.002646,0.18315503377240547,0.2524602075642405,1.3885487663166474,-3.744170613609895,4,9,0.0,0.0
39.0,39.0,2.583761817638557,59.999999888608365,11.999999797367087,5.0,30.0,LiCl,4.0,case2,aitken-gpu-fixed-round,monthly,14.967283,36,stalled,979.4,0.07993476422817354,False,-0.004099,0.25183960608159883,0.25541439103579333,1.639650052136349,-3.0928265754269253,4,12,0.0,0.0
39.0,42.0,2.075001812197483,59.99999992197881,11.999999987270108,5.0,30.0,LiCl,4.0,case2,aitken-gpu-fixed-round,monthly,12.903956,33,stalled,928.0,0.0814371502052824,False,-0.002591,0.11777307612253503,0.06605523383105634,2.122180463545119,-2.279156180712599,4,9,0.0,0.0
39.0,45.0,2.2516419933565492,59.99999968476019,11.999999990815569,5.0,30.0,LiCl,4.0,case2,aitken-gpu-fixed-round,monthly,14.478754,36,stalled,1209.0,0.06285859342133789,False,-0.000796,0.22387892985350957,0.3756905013004135,1.7741635004523968,-2.8660150127213733,4,12,0.0,0.0
39.0,48.0,2.2680065979171586,59.99999997799901,11.999999999889663,5.0,30.0,LiCl,4.0,case2,aitken-gpu-fixed-round,monthly,14.564603,36,stalled,760.5,0.07399777744096453,False,-0.000574,0.13568334658503492,0.4525300003744249,2.6045983848117564,-1.9828202296025206,4,12,0.0,0.0
39.0,54.0,3.0236433321254648,59.99999994918324,11.99999999883125,5.0,30.0,LiCl,4.0,case2,aitken-gpu-fixed-round,monthly,13.885486,36,stalled,504.5,0.03843723056987585,False,-0.001546,0.2126078925333305,0.18872383405645976,1.178819703900839,-4.005941746330818,4,12,0.0,0.0
39.0,57.0,2.6377014340534086,59.99999994366756,11.99999997585795,5.0,30.0,LiCl,4.0,case2,aitken-gpu-fixed-round,monthly,16.849462,36,stalled,810.2,0.052887401546880805,False,-0.001062,0.3005081612809622,0.30323970586495447,1.21170520265769,-3.9405421394502635,4,12,0.0,0.0
39.0,60.0,2.1796414533779855,59.99999998033856,11.999999978800666,5.0,30.0,LiCl,4.0,case2,aitken-gpu-fixed-round,monthly,16.011980,42,stalled,1519.1,0.07976480901656137,False,-0.001376,0.3554212229205624,0.3348621041705757,1.5314478331317294,-3.1744985174989955,4,18,0.0,0.0
39.0,63.0,2.3669619678184843,59.99999082379389,11.999999999687251,5.0,30.0,LiCl,4.0,case2,aitken-gpu-fixed-round,monthly,16.591798,33,stalled,815.7,0.10807954972285344,False,0.001443,0.3322977937340019,0.38912411793196927,1.8467866003247693,-3.0092154335248087,4,9,0.0,0.0
39.0,66.0,2.266698804000533,59.99999995515236,11.999999978892651,5.0,30.0,LiCl,4.0,case2,aitken-gpu-fixed-round,monthly,15.078703,36,stalled,1079.9,0.10333093883251067,False,-0.003099,0.26650742198307703,0.7802300153089639,3.305373913954241,0.9690569902433701,4,12,0.0,0.0
39.0,69.0,1.5734170409108668,59.999999981116105,11.999999893154909,5.0,30.0,LiCl,4.0,case2,aitken-gpu-fixed-round,monthly,18.284945,33,stalled,1002.9,0.11992675904065034,False,-0.003606,0.17376259405976263,0.16057175354458175,2.3040932622305275,-1.7180301452617304,4,9,0.0,0.0
39.0,72.0,1.3747858273887443,59.99999998087828,11.999999742083407,5.0,30.0,LiCl,4.0,case2,aitken-gpu-fixed-round,monthly,32.683535,33,stalled,1039.2,0.18730597884962255,False,-0.003940,0.40183888228291004,0.24286846341288065,1.694123345520287,-4.342269480725138,5,9,0.0,0.0
39.0,75.0,1.661202350263645,59.99999998339076,11.999999985243647,5.0,30.0,LiCl,4.0,case2,aitken-gpu-fixed-round,monthly,21.372129,33,stalled,1013.6,0.13340727964067492,False,-0.002462,0.15384683539478872,0.4212703489010173,1.9602733044682887,-4.634198460086807,4,9,0.0,0.0
39.0,78.0,2.453793938242364,59.999999595654785,11.999999995838772,5.0,30.0,LiCl,4.0,case2,aitken-gpu-fixed-round,monthly,22.016804,36,stalled,449.9,0.07887641655947664,False,-0.001377,0.35123049934631534,0.08537498902473864,1.0153224310315403,-5.874972255197176,4,12,0.0,0.0
39.0,81.0,2.482228991694708,59.999998914284525,11.999999975084886,5.0,30.0,LiCl,4.0,case2,aitken-gpu-fixed-round,monthly,24.507416,36,stalled,1213.0,0.07918285097470652,False,-0.001582,0.5071949842491061,0.21482292909729075,1.1914618240289945,-4.098791580499432,4,12,0.0,0.0
39.0,84.0,2.313522240283141,59.99999965401949,11.999999994738241,5.0,30.0,LiCl,4.0,case2,aitken-gpu-fixed-round,monthly,25.766482,36,stalled,1209.2,0.08929411688782447,False,-0.001221,0.4940189175335572,0.10287336571335787,1.1496349354074413,-4.408878214849086,4,12,0.0,0.0
39.0,87.0,2.1697717394638065,59.999999977389265,11.999999998018128,5.0,30.0,LiCl,4.0,case2,aitken-gpu-fixed-round,monthly,29.394622,36,stalled,1029.7,0.10628440779097222,False,-0.000953,0.6692676329061343,0.1824713693977105,1.2936294779164936,-4.2068519830424025,4,12,0.0,0.0
39.0,90.0,1.826985527063937,59.99999996694662,11.999999960045393,5.0,30.0,LiCl,4.0,case2,aitken-gpu-fixed-round,monthly,22.707337,36,stalled,1195.7,0.11223333954819101,False,-0.003668,0.31253196374771697,0.37353841972370977,2.186692555335495,-2.7137182202579315,4,12,0.0,0.0
39.0,93.0,1.7085437210731989,59.99999998884167,11.999999997799303,5.0,30.0,LiCl,4.0,case2,aitken-gpu-fixed-round,monthly,25.598902,36,stalled,1180.1,0.15066394296278632,False,-0.004689,0.46360610952420755,0.04756246641785547,1.417036562024234,-3.8048211481600642,3,12,0.0,0.0
39.0,96.0,1.7326271283472745,59.999999931661094,11.99999999750536,5.0,30.0,LiCl,4.0,case2,aitken-gpu-fixed-round,monthly,23.203629,36,stalled,1111.1,0.11874429441876909,False,-0.003290,0.4515510220592566,0.22138683192215922,3.0271825444891665,0.18614790731172848,3,12,0.0,0.0
39.0,99.0,1.667736370714679,59.99999991153038,11.999999991153958,5.0,30.0,LiCl,4.0,case2,aitken-gpu-fixed-round,monthly,19.846512,33,stalled,991.5,0.1272507752058928,False,-0.002464,0.10937298289165616,0.4751090515934617,2.4395022309948775,-1.9851014574487706,3,9,0.0,0.0
39.0,102.0,2.4860854722052514,59.99999880078418,11.999999972537651,5.0,30.0,LiCl,4.0,case2,aitken-gpu-fixed-round,monthly,19.964190,36,stalled,1188.4,0.07497149362000553,False,-0.001986,0.2980024708967629,0.17493928521163915,1.2074183981254312,-4.243467181570306,4,12,0.0,0.0
39.0,105.0,2.291371564461952,59.99999993585979,11.999999981079323,5.0,30.0,LiCl,4.0,case2,aitken-gpu-fixed-round,monthly,19.094302,36,stalled,1196.3,0.0799224982927589,False,-0.000928,0.2503997128803135,0.1582931928928616,1.244878546243108,-4.421346930928571,4,12,0.0,0.0
39.0,141.0,1.4463584590327083,59.06587341332302,9.970163871494666,5.0,30.0,LiCl,4.0,case2,aitken-gpu-fixed-round,monthly,13.157719,33,stalled,751.1,0.14782077992410805,False,0.001389,1.8143194325729708,0.6155350230045467,8.171907650553417,30.466535402704128,2,9,0.0,0.0
42.0,-123.0,2.3336362412428677,59.99999997575077,11.999999976384125,5.0,30.0,LiCl,4.0,case2,aitken-gpu-fixed-round,monthly,17.877332,36,stalled,950.3,0.09427586527931703,False,-0.000923,0.19955298410895778,0.26365273802356476,1.0305351894597143,-4.242933711312427,4,12,0.0,0.0
42.0,-120.0,1.9821628994051328,59.99999856916568,11.999999943277578,5.0,30.0,LiCl,4.0,case2,aitken-gpu-fixed-round,monthly,19.586689,33,stalled,788.2,0.13542708062810604,False,-0.002071,0.24491425706952596,0.01689065994575862,1.3431013028650203,-4.124702820518186,3,9,0.0,0.0
42.0,-117.0,2.004222616720384,59.999999850869024,11.999999985101992,5.0,30.0,LiCl,4.0,case2,aitken-gpu-fixed-round,monthly,19.102215,33,stalled,773.0,0.1519382043607243,False,-0.002807,0.22383666251633655,0.4754317424304605,1.7518246205601964,-3.580670974318255,4,9,0.0,0.0
42.0,-114.0,2.2357588612368966,60.0,12.0,5.0,30.0,LiCl,4.0,case2,aitken-gpu-fixed-round,monthly,17.839375,36,stalled,1072.8,0.11952702239079467,False,-0.002122,0.2131872530027135,0.1365945752150849,1.93982662450127,-2.705533239616478,3,12,0.0,0.0
42.0,-111.0,2.0952202238049913,59.99999854024384,11.999999991700458,5.0,30.0,LiCl,4.0,case2,aitken-gpu-fixed-round,monthly,19.225355,33,stalled,1089.4,0.12917860857934246,False,-0.003275,0.3161731329719252,0.17219100513497237,1.50417141228869,-3.6082380895488537,3,9,0.0,0.0
42.0,-108.0,2.06986778064507,59.99999917092115,11.999999949477631,5.0,30.0,LiCl,4.0,case2,aitken-gpu-fixed-round,monthly,16.913359,33,stalled,921.8,0.122371121689192,False,-0.003379,0.18339948786240098,0.30056307194711296,1.4084763395040374,-4.138094907485398,4,9,0.0,0.0
42.0,-105.0,2.0788236387183905,59.99999994048292,11.999999982262528,5.0,30.0,LiCl,4.0,case2,aitken-gpu-fixed-round,monthly,17.430151,33,stalled,861.3,0.08332019897246898,False,-0.002078,0.288994666897321,0.07518220507944047,1.2157646523412238,-3.5770275131931504,4,9,0.0,0.0
42.0,-102.0,2.1760193485452324,59.99999943228429,11.999999993960982,5.0,30.0,LiCl,4.0,case2,aitken-gpu-fixed-round,monthly,13.389959,33,stalled,807.3,0.06775478022735809,False,-0.000512,0.18014702300929528,0.7139130427082759,3.1070587751649112,0.05220846863972817,4,9,0.0,0.0
42.0,-99.0,2.3752628096372135,59.99999562262709,11.999999888170265,5.0,30.0,LiCl,4.0,case2,aitken-gpu-fixed-round,monthly,13.089047,36,stalled,1000.1,0.06613378991319377,False,-0.000737,0.12222122131322345,0.27164752493108635,1.881388723404695,-3.567203515359392,4,12,0.0,0.0
42.0,-96.0,2.4449415438599122,59.99999998162445,11.999999982501361,5.0,30.0,LiCl,4.0,case2,aitken-gpu-fixed-round,monthly,13.150624,36,stalled,945.1,0.061756278737521986,False,-0.000616,0.12804464067532942,0.13849213333164326,1.086849849836288,-4.730325268303028,4,12,0.0,0.0
42.0,-93.0,2.3529780650101264,59.99999994780103,11.999999923288875,5.0,30.0,LiCl,4.0,case2,aitken-gpu-fixed-round,monthly,13.203868,36,stalled,922.5,0.06913265897582065,False,-0.000512,0.12455357011154201,0.29403606627704165,1.2407964373090712,-5.418973366020007,4,12,0.0,0.0
42.0,-90.0,2.377043972932199,59.99999992620665,11.999999996754495,5.0,30.0,LiCl,4.0,case2,aitken-gpu-fixed-round,monthly,13.279504,36,stalled,987.5,0.06710548726558832,False,-0.000615,0.2630201285398216,0.03783753029624032,2.841807345912733,-0.8961364490082802,3,12,0.0,0.0
42.0,-87.0,2.4736256898492543,59.99999985311484,11.999999961353398,5.0,30.0,LiCl,4.0,case2,aitken-gpu-fixed-round,monthly,14.133683,36,stalled,805.0,0.06314846590977935,False,-0.001509,0.24007552464395773,0.24956166886374725,2.2830678708503718,-2.6199185874057807,5,12,0.0,0.0
42.0,-84.0,2.3316319392322593,59.999984723549794,11.999999959790763,5.0,30.0,LiCl,4.0,case2,aitken-gpu-fixed-round,monthly,13.965392,36,stalled,967.9,0.07332416719739775,False,-0.001388,0.13068346782603033,0.3527226053095068,2.2691903835564666,-2.8090139873430173,4,12,0.0,0.0
42.0,-81.0,2.4165647628194553,59.999999365984785,11.999999955142089,5.0,30.0,LiCl,4.0,case2,aitken-gpu-fixed-round,monthly,14.400792,36,stalled,1289.1,0.06475509958855442,False,-0.001233,0.11607003787263241,0.48836439424633016,3.652795912036506,1.4202966641219814,4,12,0.0,0.0
42.0,-78.0,2.0687854558209238,59.999999732291826,11.9999999218477,5.0,30.0,LiCl,4.0,case2,aitken-gpu-fixed-round,monthly,15.316473,33,stalled,1404.1,0.09103053489277686,False,-0.000906,0.17495084023182678,-0.0161499862486815,1.4607556270639477,-4.114312249014017,4,9,0.0,0.0
42.0,-75.0,2.1254944305308863,59.99999998051733,11.544326002696634,5.0,30.0,LiCl,4.0,case2,aitken-gpu-fixed-round,monthly,14.914893,33,stalled,1040.5,0.0872950206945221,False,-0.000883,0.11608666221843149,0.021137351361407045,4.095508672270533,3.0546618657251137,3,9,0.0,0.0
42.0,-72.0,2.0804297958521256,59.99999987277268,11.999999922431588,5.0,30.0,LiCl,4.0,case2,aitken-gpu-fixed-round,monthly,13.989848,33,stalled,861.7,0.09010404805857254,False,-0.000972,0.12309210756773653,-0.009022338926652522,1.2123929553651367,-4.603012733213202,4,9,0.0,0.0
42.0,-9.0,2.0828906044454985,48.78014641963853,12.0,5.0,30.0,LiCl,4.0,case2,aitken-gpu-fixed-round,monthly,11.983137,33,stalled,562.4,0.09400508419912892,False,-0.002398,0.29825619155069827,0.311792833305731,4.24716533171952,4.492416133916358,2,9,0.0,0.0
42.0,-6.0,1.7413681742924658,59.99999852385232,11.999999966260507,5.0,30.0,LiCl,4.0,case2,aitken-gpu-fixed-round,monthly,13.326268,33,stalled,624.6,0.08779599188859324,False,0.000666,0.21981321084055577,0.46292045177516966,2.3141671043425682,-1.7201558695652288,4,9,0.0,0.0
42.0,-3.0,2.0955207879421325,59.99999999500108,11.999999966260349,5.0,30.0,LiCl,4.0,case2,aitken-gpu-fixed-round,monthly,14.810390,33,stalled,641.9,0.08555613853889274,False,-0.002270,0.2732853984040331,0.33454141157580314,2.547647240814136,-1.8217667152694723,3,9,0.0,0.0
42.0,0.0,2.266199618103713,59.99998653365476,11.999999874797147,5.0,30.0,LiCl,4.0,case2,aitken-gpu-fixed-round,monthly,12.666379,33,stalled,613.2,0.07016115856225305,False,0.000759,0.3228325276555644,0.17132387388009043,3.714254423578603,2.721239121293756,3,9,0.0,0.0
42.0,63.0,2.047716760935598,59.99999997145935,11.99999999473793,5.0,30.0,LiCl,4.0,case2,aitken-gpu-fixed-round,monthly,20.419402,36,stalled,1039.1,0.1041577823185572,False,-0.002741,0.47256069764610625,0.13332164802205296,1.5143021567762391,-3.706954611288671,4,12,0.0,0.0
42.0,66.0,2.2324193082869708,58.720707750942665,11.99999999714345,5.0,30.0,LiCl,4.0,case2,aitken-gpu-fixed-round,monthly,19.514845,33,stalled,767.4,0.11197983318310642,False,-0.002729,0.4301864567547702,0.5629117470640855,2.396530161280011,-1.8789487802327258,3,9,0.0,0.0
42.0,69.0,2.158630649381223,59.999999972645405,11.999999979031305,5.0,30.0,LiCl,4.0,case2,aitken-gpu-fixed-round,monthly,16.503805,33,stalled,840.5,0.07932844031561823,False,-0.001168,0.2809641851154747,0.2692388812738678,2.4540810014424306,-1.3273113815499418,3,9,0.0,0.0
42.0,72.0,1.5691481935545324,59.99999997412421,11.99999996593217,5.0,30.0,LiCl,4.0,case2,aitken-gpu-fixed-round,monthly,19.651913,33,stalled,991.4,0.12008612679189293,False,-0.001898,0.15234496954144608,0.1130999442712189,3.595880465582039,1.6414898127877193,4,9,0.0,0.0
42.0,75.0,1.9426600462964003,59.999999955631694,11.99999996532421,5.0,30.0,LiCl,4.0,case2,aitken-gpu-fixed-round,monthly,17.452978,33,stalled,974.2,0.08758716017367162,False,-0.001586,0.14555758051645185,0.17363438782361365,1.4305471577571562,-4.277174268732672,4,9,0.0,0.0
42.0,78.0,1.3824188711603178,59.999999362067165,11.999999922088648,5.0,30.0,LiCl,4.0,case2,aitken-gpu-fixed-round,monthly,22.366058,33,stalled,983.9,0.15556484678062257,False,-0.003502,0.10604670007600182,0.3549648000735824,2.1584956815306153,-2.9990030970961024,3,9,0.0,0.0
42.0,81.0,1.431919630963974,59.99999759331055,11.99999998555421,5.0,30.0,LiCl,4.0,case2,aitken-gpu-fixed-round,monthly,28.946736,33,stalled,1018.1,0.16996457190803976,False,-0.006553,0.20009403462384076,-0.017314836350733304,1.5576011358185369,-3.6028048022429515,3,9,0.0,0.0
42.0,84.0,2.560238919638457,59.99999970022904,11.999999971428437,5.0,30.0,LiCl,4.0,case2,aitken-gpu-fixed-round,monthly,21.724028,36,stalled,1201.4,0.06777214790734298,False,-0.001731,0.38391584140036594,0.16862443463889187,1.1725966577603806,-4.141758188000614,4,12,0.0,0.0
42.0,87.0,2.487757879997618,59.99999996816571,11.99999998883455,5.0,30.0,LiCl,4.0,case2,aitken-gpu-fixed-round,monthly,17.302434,36,stalled,1175.9,0.06454984664544647,False,-0.000552,0.23692158993735601,0.2182532672162844,1.2350409753664002,-4.378836314951357,4,12,0.0,0.0
42.0,90.0,2.244459085898112,59.99999999164338,11.999999958637764,5.0,30.0,LiCl,4.0,case2,aitken-gpu-fixed-round,monthly,23.196855,36,stalled,1101.1,0.08923467244374289,False,-0.001076,0.38646547771992656,0.10975108515011323,1.1271708272193934,-4.4767858177514785,4,12,0.0,0.0
42.0,93.0,2.2474685472537543,59.99999999514298,11.99999999653399,5.0,30.0,LiCl,4.0,case2,aitken-gpu-fixed-round,monthly,27.700628,36,stalled,897.4,0.09744689810871905,False,-0.001130,0.5723198367041035,0.351529474051074,1.343569300905515,-4.678298744656781,3,12,0.0,0.0
42.0,96.0,1.78164119950636,59.99999998321412,11.999999926362163,5.0,30.0,LiCl,4.0,case2,aitken-gpu-fixed-round,monthly,22.271289,36,stalled,1139.2,0.1148234998287497,False,-0.001163,0.3256068233541661,0.24116553707564378,1.126657579939769,-3.9237522869315207,4,12,0.0,0.0
42.0,99.0,2.0941451439280367,59.999999826798486,11.999999954998579,5.0,30.0,LiCl,4.0,case2,aitken-gpu-fixed-round,monthly,26.885870,36,stalled,942.5,0.09681896508097315,False,-0.001202,0.40191750793221553,0.07464380553250201,1.1767054780260129,-4.399395072329592,4,12,0.0,0.0
42.0,102.0,2.2100542612144647,59.99999992107628,11.99999996957471,5.0,30.0,LiCl,4.0,case2,aitken-gpu-fixed-round,monthly,25.517370,36,stalled,959.2,0.09547615151473059,False,-0.001200,0.39660799011984177,0.10702372159205645,1.1446475264504012,-4.544027694201743,4,12,0.0,0.0
42.0,105.0,2.2733078996342444,59.99999975087494,11.99999999596178,5.0,30.0,LiCl,4.0,case2,aitken-gpu-fixed-round,monthly,24.972579,36,stalled,942.9,0.08949975712085444,False,-0.001704,0.4093192388605186,0.1636645079415436,1.1992779045058881,-4.3259638712430775,4,12,0.0,0.0
42.0,108.0,2.058986352754827,59.99999988977962,11.999999969203346,5.0,30.0,LiCl,4.0,case2,aitken-gpu-fixed-round,monthly,20.924689,33,stalled,735.8,0.09117854412231405,False,-0.001025,0.25851970788179085,0.07319563470759896,1.1649027352400294,-4.237754694482067,3,9,0.0,0.0
42.0,111.0,2.110503433844918,59.999999597049104,11.999999982786317,5.0,30.0,LiCl,4.0,case2,aitken-gpu-fixed-round,monthly,19.823441,33,stalled,741.2,0.09356962655290603,False,-0.001164,0.2634717566724011,0.2387727325009319,1.6374144801996342,-3.7825844051401356,4,9,0.0,0.0
42.0,114.0,1.9373324741263513,59.99999924361203,11.999999984047564,5.0,30.0,LiCl,4.0,case2,aitken-gpu-fixed-round,monthly,18.851522,33,stalled,845.7,0.10001179862275265,False,-0.001055,0.19684938959114856,0.44842852391706817,2.1579127184953473,-2.925412212626147,4,9,0.0,0.0
42.0,117.0,1.8565792965332268,59.99999654485003,11.999999957303224,5.0,30.0,LiCl,4.0,case2,aitken-gpu-fixed-round,monthly,17.464662,33,stalled,889.5,0.11641498397521433,False,-0.001814,0.13277701453463953,0.359017467554376,1.6943491006267506,-4.246108536761303,4,9,0.0,0.0
42.0,120.0,2.1793527402968857,59.99998609618809,11.999999947322197,5.0,30.0,LiCl,4.0,case2,aitken-gpu-fixed-round,monthly,17.246717,33,stalled,725.2,0.0905380884389513,False,-0.001719,0.18896797734347148,0.41515839354159256,2.2376511818338947,-2.652484207943322,4,9,0.0,0.0
42.0,123.0,2.039769817179594,59.99999983914236,11.999999990776656,5.0,30.0,LiCl,4.0,case2,aitken-gpu-fixed-round,monthly,15.453264,33,stalled,885.3,0.10846333704090387,False,-0.002831,0.17500017045305935,0.541405728872227,1.9174029550348959,-3.5581141813562853,4,9,0.0,0.0
42.0,126.0,1.9410962058314298,59.99999983613613,11.999999987776128,5.0,30.0,LiCl,4.0,case2,aitken-gpu-fixed-round,monthly,15.608595,33,stalled,831.5,0.11382489824783854,False,-0.002672,0.14596789391611442,0.514283966124963,2.1642959423111785,-3.1103115996375985,4,9,0.0,0.0
45.0,-87.0,2.199128586986962,59.999999118818664,11.999999568191765,5.0,30.0,LiCl,4.0,case2,aitken-gpu-fixed-round,monthly,14.831041,33,stalled,1398.6,0.08154748658826931,False,-0.001487,0.10039802079541528,0.031588378315864314,1.3484770652823836,-4.546385534002476,4,9,0.0,0.0
45.0,-84.0,2.363397056167347,59.99999139552589,11.999999683989003,5.0,30.0,LiCl,4.0,case2,aitken-gpu-fixed-round,monthly,15.454720,33,stalled,1337.1,0.07752965360684756,False,-0.002639,0.24937263602537388,0.3193703477302636,2.503415155396156,-1.4930485052487905,3,9,0.0,0.0
45.0,-81.0,2.1223267953885467,59.99999995918788,11.999999996313363,5.0,30.0,LiCl,4.0,case2,aitken-gpu-fixed-round,monthly,15.868330,33,stalled,1443.5,0.08334391358850249,False,-0.000496,0.1330834780074966,0.4825835813930945,1.7684872149001811,-3.631507496147333,4,9,0.0,0.0
45.0,-78.0,2.0900415987725696,59.37626685534333,11.999999980825113,5.0,30.0,LiCl,4.0,case2,aitken-gpu-fixed-round,monthly,15.995216,33,stalled,1196.7,0.09231687281029213,False,-0.001579,0.17979411790961225,0.3416753380312642,1.9914523207654253,-3.2893840287385174,3,9,0.0,0.0
45.0,-75.0,1.8955633531548142,59.99999902167329,11.99999999856935,5.0,30.0,LiCl,4.0,case2,aitken-gpu-fixed-round,monthly,14.749776,33,stalled,1012.8,0.10133977625513392,False,0.000105,0.18034252847826934,0.29477707278330895,1.6039399041361038,-3.941034364731128,3,9,0.0,0.0
45.0,-72.0,2.1292376715979726,59.99999974165293,11.999999671042385,5.0,30.0,LiCl,4.0,case2,aitken-gpu-fixed-round,monthly,16.313661,33,stalled,988.2,0.08571206538313164,False,-0.000749,0.12684085210304374,0.1638354556996076,1.2426170880156304,-4.455449523841826,4,9,0.0,0.0
45.0,-69.0,2.0024427485329666,59.99999994846643,11.999999998690761,5.0,30.0,LiCl,4.0,case2,aitken-gpu-fixed-round,monthly,15.535011,33,stalled,1008.3,0.1005752609336444,False,-0.001507,0.12570894481338296,0.43547115451031754,2.1063251191786736,-3.072950466018063,4,9,0.0,0.0
45.0,-63.0,1.8200072455982086,59.99999991352614,11.999999892527542,5.0,30.0,LiCl,4.0,case2,aitken-gpu-fixed-round,monthly,16.135591,33,stalled,1327.3,0.12472047477668116,False,-0.002659,0.13308025515194455,0.3314575942240038,1.7922886152534947,-3.602700735790453,3,9,0.0,0.0
45.0,0.0,1.9958837579484532,52.616168780086944,11.414163059164329,5.0,30.0,LiCl,4.0,case2,aitken-gpu-fixed-round,monthly,13.809784,33,stalled,628.9,0.11092950881474226,False,-0.003198,0.5755768446993795,-0.29997313131176295,3.476971886982761,2.3312698833533676,3,9,0.0,0.0
45.0,3.0,1.7715444255418114,46.10618206907706,12.0,5.0,30.0,LiCl,4.0,case2,aitken-gpu-fixed-round,monthly,15.192143,33,stalled,513.3,0.11525337359491063,False,-0.001514,0.7497184946075605,0.6114388192155626,8.090525218125087,28.544098060276585,3,9,0.0,0.0
45.0,6.0,1.7630694599403531,59.99999998479387,11.999999991166941,5.0,30.0,LiCl,4.0,case2,aitken-gpu-fixed-round,monthly,20.086200,33,stalled,987.0,0.11496956003306039,False,-0.001987,0.13811350345540094,0.5745913288437607,2.8746245299918423,-1.3656931649381412,4,9,0.0,0.0
45.0,9.0,2.1467066794838705,54.04655416769341,12.0,5.0,30.0,LiCl,4.0,case2,aitken-gpu-fixed-round,monthly,13.962706,33,stalled,562.4,0.09170157909770446,False,-0.002721,0.5784878095691196,0.3250551114571225,2.193251073679806,-1.9163530953447854,3,9,0.0,0.0
45.0,12.0,2.1490759696728885,59.99999896948678,11.99999996593273,5.0,30.0,LiCl,4.0,case2,aitken-gpu-fixed-round,monthly,12.944971,33,stalled,579.9,0.0880328447336105,False,-0.002255,0.7308418866624752,-0.18241319151892332,2.7164167273161675,-0.3550181400343084,3,9,0.0,0.0
45.0,15.0,2.0866887891064017,60.0,12.0,5.0,30.0,LiCl,4.0,case2,aitken-gpu-fixed-round,monthly,15.381194,33,stalled,733.3,0.09070019282116239,False,-0.002103,0.47966275363529254,0.15087840972983838,2.90105034193238,-0.07595749975318533,3,9,0.0,0.0
45.0,18.0,2.2911424791541344,59.99999444522759,11.999999948059978,5.0,30.0,LiCl,4.0,case2,aitken-gpu-fixed-round,monthly,13.297014,33,stalled,604.4,0.07971320774447761,False,-0.002591,0.2186677493520147,0.2447675791753725,2.5925704978114767,-1.5158678267907315,2,9,0.0,0.0
45.0,21.0,2.484377940721159,59.99999997680598,11.999999960327546,5.0,30.0,LiCl,4.0,case2,aitken-gpu-fixed-round,monthly,14.354775,36,stalled,745.4,0.06373847062552572,False,-0.001949,0.21361089402185798,0.1835479660927972,1.7287330582090696,-3.440847454698308,4,12,0.0,0.0
45.0,24.0,2.2131799236597423,59.99999951709421,11.999999948688911,5.0,30.0,LiCl,4.0,case2,aitken-gpu-fixed-round,monthly,15.550749,33,stalled,762.1,0.0781101002104754,False,-0.000878,0.2139388535688129,0.29780184635707485,1.598317567503408,-3.8211288903395895,3,9,0.0,0.0
45.0,27.0,2.313407604751006,59.9999995366349,11.99999988193823,5.0,30.0,LiCl,4.0,case2,aitken-gpu-fixed-round,monthly,15.699141,33,stalled,745.9,0.07126335854529971,False,-0.000702,0.2510217793741894,0.09318378700639111,1.7391942794025685,-3.3091445851729553,3,9,0.0,0.0
45.0,39.0,2.483860964390073,59.99998896936902,11.99999989557223,5.0,30.0,LiCl,4.0,case2,aitken-gpu-fixed-round,monthly,15.421093,36,stalled,733.0,0.0596463000436426,False,-0.001180,0.41760562034829596,0.06972729948587682,2.480401884375469,-1.5867901983719475,3,12,0.0,0.0
45.0,42.0,2.358864831782775,59.99999977650823,11.999999981534712,5.0,30.0,LiCl,4.0,case2,aitken-gpu-fixed-round,monthly,17.248644,36,stalled,1138.0,0.06553331903760741,False,-0.001007,0.46226141563987827,0.1991588655526783,2.7554446441811202,-1.1357035998277634,3,12,0.0,0.0
45.0,45.0,2.4910240050942796,59.99999857720582,11.99999990930276,5.0,30.0,LiCl,4.0,case2,aitken-gpu-fixed-round,monthly,16.677628,36,stalled,1008.4,0.05974131537323856,False,-0.000984,0.33843481683017923,0.11626976969477443,2.0310151893040773,-2.9301969463862743,3,12,0.0,0.0
45.0,54.0,2.866217637483498,59.99999806054164,11.999999993470842,5.0,30.0,LiCl,4.0,case2,aitken-gpu-fixed-round,monthly,18.083912,36,stalled,978.9,0.04323911180315673,False,-0.000740,0.39589556790992847,0.13654084941988257,1.8420682242611666,-2.9379441545236875,3,12,0.0,0.0
45.0,99.0,1.911604096905149,59.99999997854907,11.999999961242825,5.0,30.0,LiCl,4.0,case2,aitken-gpu-fixed-round,monthly,24.695281,36,stalled,1318.5,0.1165698786942367,False,-0.003611,0.4304312752505809,0.2639296574873935,1.6336051134751934,-3.3068664879387573,4,12,0.0,0.0
45.0,102.0,2.1544437892014234,59.99999971844165,11.999999994218689,5.0,30.0,LiCl,4.0,case2,aitken-gpu-fixed-round,monthly,21.736018,36,stalled,1207.7,0.08984984020294849,False,-0.001535,0.24617855917977685,0.13545264999058823,1.1225868687474554,-4.642870995303838,4,12,0.0,0.0
45.0,105.0,2.1624940369511383,59.99999998597016,11.9999999996439,5.0,30.0,LiCl,4.0,case2,aitken-gpu-fixed-round,monthly,21.830541,36,stalled,1097.7,0.08976738779807904,False,-0.001627,0.2801604408346149,0.4939033885178576,2.359415840140969,-2.3799468797172274,4,12,0.0,0.0
45.0,108.0,2.185124712534061,59.999999429172526,11.999999978650802,5.0,30.0,LiCl,4.0,case2,aitken-gpu-fixed-round,monthly,21.049551,36,stalled,1115.8,0.08629573397173644,False,-0.001308,0.2502021821503876,0.09932027302333057,1.1987457990571868,-4.476415569384885,4,12,0.0,0.0
45.0,111.0,2.0735256646784093,59.99999894206247,11.999999985213847,5.0,30.0,LiCl,4.0,case2,aitken-gpu-fixed-round,monthly,20.821920,33,stalled,931.4,0.09413954704085888,False,-0.001636,0.2694795458468689,0.11960942437386525,1.5656836966831527,-3.9637792215965986,4,9,0.0,0.0
45.0,114.0,2.009856827522563,59.99999989712529,11.999999985007804,5.0,30.0,LiCl,4.0,case2,aitken-gpu-fixed-round,monthly,20.754972,33,stalled,947.0,0.09862263875625053,False,-0.001430,0.20064116132449894,0.5247016892989187,2.911549080185726,-0.9842471717606414,4,9,0.0,0.0
45.0,117.0,2.225542036092465,59.99999521459175,11.999999826002517,5.0,30.0,LiCl,4.0,case2,aitken-gpu-fixed-round,monthly,20.394818,36,stalled,1171.9,0.08654629605350643,False,-0.001590,0.2183461226222564,0.14874430939350441,1.2432405023951154,-4.7717906782832324,4,12,0.0,0.0
45.0,120.0,2.046645767190892,59.99999850365639,11.999999975973873,5.0,30.0,LiCl,4.0,case2,aitken-gpu-fixed-round,monthly,20.134167,33,stalled,922.9,0.09898092350376873,False,-0.001165,0.2154622529171668,0.42091141539835986,1.8306387924499394,-3.5232887407378906,4,9,0.0,0.0
45.0,123.0,2.1553699918047844,59.99999971845522,11.999999979009166,5.0,30.0,LiCl,4.0,case2,aitken-gpu-fixed-round,monthly,17.193331,33,stalled,765.8,0.09180022789078314,False,-0.001148,0.20944896957179504,0.03382781484249818,1.3455272277444477,-4.137662566560604,4,9,0.0,0.0
45.0,126.0,1.9645011000008228,59.99999988967604,11.999999981666532,5.0,30.0,LiCl,4.0,case2,aitken-gpu-fixed-round,monthly,16.472944,33,stalled,883.3,0.11502878150845271,False,-0.002633,0.16214594612977629,0.4189112877339816,1.8190018409059507,-3.817115220628131,3,9,0.0,0.0
45.0,129.0,1.738680040609368,59.999999963958786,11.9999999947801,5.0,30.0,LiCl,4.0,case2,aitken-gpu-fixed-round,monthly,18.859548,33,stalled,704.7,0.13481927732286925,False,-0.002549,0.10560166064040061,0.087328617268141,1.3603765845705413,-5.524060242101725,4,9,0.0,0.0
45.0,132.0,1.8514416304132089,59.9999990550566,11.999999653098937,5.0,30.0,LiCl,4.0,case2,aitken-gpu-fixed-round,monthly,15.852448,33,stalled,979.5,0.12978879556329193,False,-0.003546,0.1742607689817151,0.22731048001997195,1.5671324947866185,-4.0849714094523915,4,9,0.0,0.0
45.0,135.0,1.7348923040903592,59.999999827916206,11.999999958756142,5.0,30.0,LiCl,4.0,case2,aitken-gpu-fixed-round,monthly,17.185520,33,stalled,937.3,0.1409245029951355,False,-0.003656,0.12501442175965138,0.4449437996615905,2.2495388223238044,-2.774808420283106,3,9,0.0,0.0
48.0,-120.0,2.0779008110656347,59.99999999916963,11.999999999948935,5.0,30.0,LiCl,4.0,case2,aitken-gpu-fixed-round,monthly,23.961088,33,stalled,1117.1,0.10986912541245455,False,-0.001210,0.3569374048237519,0.07854917143563099,1.472008934680051,-3.6387699263359035,3,9,0.0,0.0
48.0,-117.0,2.0855285896849347,59.99999990737538,11.999999922398452,5.0,30.0,LiCl,4.0,case2,aitken-gpu-fixed-round,monthly,20.224745,33,stalled,938.8,0.08765476701143421,False,-0.001491,0.3088892468596513,0.28595469595107303,1.4074180550273203,-3.7724778605736518,4,9,0.0,0.0
48.0,-114.0,2.0926403196010397,59.999999979033966,11.999999990706796,5.0,30.0,LiCl,4.0,case2,aitken-gpu-fixed-round,monthly,22.622902,33,stalled,1062.2,0.09590495283553505,False,-0.001315,0.3880576745884793,0.049426346272405774,1.3254362541165803,-3.705973910454202,4,9,0.0,0.0
48.0,-111.0,2.142089915956233,59.99999997721965,11.99999972811285,5.0,30.0,LiCl,4.0,case2,aitken-gpu-fixed-round,monthly,19.795777,36,stalled,1419.6,0.08597536019672715,False,-0.001213,0.2672147776813314,0.8365329578931319,4.393686672790863,4.808731518800403,4,12,0.0,0.0
48.0,-108.0,2.247149522453441,60.0,12.0,5.0,30.0,LiCl,4.0,case2,aitken-gpu-fixed-round,monthly,17.908082,36,stalled,1280.2,0.0754168316340118,False,-0.001571,0.19715010804806277,0.20070499134492784,1.155962311381006,-4.563103143546029,4,12,0.0,0.0
48.0,-105.0,2.2587440403344563,59.9999999962668,11.999999963976018,5.0,30.0,LiCl,4.0,case2,aitken-gpu-fixed-round,monthly,17.856954,36,stalled,1260.9,0.07033424250916674,False,-0.000847,0.20288961880098852,0.22234761354922755,1.1401985357869393,-4.448190798183955,4,12,0.0,0.0
48.0,3.0,1.7494281229724924,48.841685999018765,11.999999945427355,5.0,30.0,LiCl,4.0,case2,aitken-gpu-fixed-round,monthly,16.904444,33,stalled,590.8,0.13045911403154284,False,-0.002955,0.37290855917188537,0.07669735722972355,3.7504487930820143,2.3044329135901904,2,9,0.0,0.0
48.0,6.0,1.679763180119337,49.325683829099546,11.99999995205442,5.0,30.0,LiCl,4.0,case2,aitken-gpu-fixed-round,monthly,17.412065,33,stalled,612.2,0.1343019023377371,False,-0.001919,0.5748456725212108,-0.028406221402782574,2.220498127056349,-2.0573620578660208,1,9,0.0,0.0
48.0,9.0,1.805417787002004,34.09982555255397,11.999999957145086,5.0,30.0,LiCl,4.0,case2,aitken-gpu-fixed-round,monthly,17.121285,33,stalled,806.6,0.13584607487630251,False,-0.003202,1.0270211583511792,-0.4074223460615977,3.5814695573834037,2.4267165198025666,2,9,0.0,0.0
48.0,12.0,1.778266335439662,54.94426860306068,11.999999927076804,5.0,30.0,LiCl,4.0,case2,aitken-gpu-fixed-round,monthly,16.103537,33,stalled,812.9,0.13470759867664506,False,-0.004167,0.6689235751507413,0.09185437562457065,2.7363337585778034,-0.8113370391502834,3,9,0.0,0.0
48.0,15.0,1.9981747468971909,54.33516147848384,11.999999988590389,5.0,30.0,LiCl,4.0,case2,aitken-gpu-fixed-round,monthly,17.207918,33,stalled,594.2,0.10308165725300689,False,-0.001583,0.3401261946980185,0.30811200706143016,2.9296565015898675,-0.25491094851675955,3,9,0.0,0.0
48.0,18.0,2.124134667938259,59.99999995662679,11.999999981852648,5.0,30.0,LiCl,4.0,case2,aitken-gpu-fixed-round,monthly,15.077748,33,stalled,780.3,0.08574121888822715,False,-0.000936,0.31243812888658057,0.4118053288999152,1.7873907701962097,-3.3297474985117588,3,9,0.0,0.0
48.0,21.0,2.260718967098831,59.999999056182254,11.99999948319908,5.0,30.0,LiCl,4.0,case2,aitken-gpu-fixed-round,monthly,15.993832,33,stalled,780.9,0.08157665669106814,False,-0.002213,0.1705594013227509,-0.08519282370379698,1.6026246084916396,-4.028562930600891,3,9,0.0,0.0
48.0,24.0,2.0681824932924093,55.68007660689922,11.999999989577335,5.0,30.0,LiCl,4.0,case2,aitken-gpu-fixed-round,monthly,18.287455,33,stalled,867.7,0.09919091806455395,False,-0.002146,0.4228523777722469,0.3947706071736763,3.4005433732754833,1.2219231635437553,3,9,0.0,0.0
48.0,27.0,2.2369895104451696,59.99995583598855,11.999999685593293,5.0,30.0,LiCl,4.0,case2,aitken-gpu-fixed-round,monthly,17.199499,33,stalled,738.3,0.08326664152697177,False,-0.001764,0.20590781048370366,-0.2039915863007005,1.868137426380363,-2.9237909208575315,3,9,0.0,0.0
48.0,30.0,2.3480874205623405,59.999998115230284,11.999999925466184,5.0,30.0,LiCl,4.0,case2,aitken-gpu-fixed-round,monthly,18.001932,36,stalled,967.9,0.07562766289854292,False,-0.001711,0.4124004611413074,0.3971779269705797,2.633487337687107,-1.1168419771247475,3,12,0.0,0.0
48.0,33.0,2.4028086178516634,59.999999666413174,11.99999994624534,5.0,30.0,LiCl,4.0,case2,aitken-gpu-fixed-round,monthly,18.470087,36,stalled,973.4,0.06770133976060015,False,-0.000705,0.2580904584913937,0.18581896124466918,1.3349041269253323,-4.293481162913243,3,12,0.0,0.0
48.0,36.0,2.5378317143717743,59.99999999770024,11.999999940320425,5.0,30.0,LiCl,4.0,case2,aitken-gpu-fixed-round,monthly,18.635312,36,stalled,1137.4,0.06204332962432383,False,-0.001258,0.28827392672620417,0.18893261248367912,1.4488716948383582,-3.96679046163317,4,12,0.0,0.0
48.0,39.0,2.3809300493104666,59.999999964173156,11.99999998002479,5.0,30.0,LiCl,4.0,case2,aitken-gpu-fixed-round,monthly,18.570755,36,stalled,966.9,0.06716740486717786,False,-0.000808,0.4864937358767403,0.13473915171586748,1.9462465414441823,-2.990017093423035,4,12,0.0,0.0
48.0,42.0,2.417742910168388,59.99999997510062,11.999999981521064,5.0,30.0,LiCl,4.0,case2,aitken-gpu-fixed-round,monthly,19.001652,36,stalled,1019.2,0.06096682676423181,False,-0.000796,0.40266515554423976,0.22733436034102633,2.1879414651181954,-2.283798417049678,3,12,0.0,0.0
48.0,45.0,2.4769498869592237,59.99999999716173,11.99999993936065,5.0,30.0,LiCl,4.0,case2,aitken-gpu-fixed-round,monthly,19.788200,36,stalled,1240.1,0.06485712804634433,False,-0.001940,0.3860239087615185,0.2714663693020912,1.6231627717237267,-3.318675910105592,3,12,0.0,0.0
48.0,48.0,2.4246982362326723,59.99999996437722,11.999999993105146,5.0,30.0,LiCl,4.0,case2,aitken-gpu-fixed-round,monthly,19.261189,36,stalled,1233.6,0.05949616809403974,False,-0.000493,0.37931878042405215,0.22627654528465116,1.6523439005136478,-3.561348395588313,4,12,0.0,0.0
48.0,51.0,2.6310253550443825,59.99999994892798,11.999999982511774,5.0,30.0,LiCl,4.0,case2,aitken-gpu-fixed-round,monthly,19.666817,36,stalled,1221.7,0.05779228281473138,False,-0.001227,0.3972461869157857,0.3435200155528379,1.7401318257511802,-3.1121706946207026,3,12,0.0,0.0
48.0,54.0,2.6194090020721243,59.999999060157435,11.999999947063028,5.0,30.0,LiCl,4.0,case2,aitken-gpu-fixed-round,monthly,19.857792,36,stalled,1008.5,0.05612205887420496,False,-0.000518,0.38809507698222556,0.019579237138418547,1.5281601150796058,-3.6651729289299446,4,12,0.0,0.0
48.0,57.0,2.51441040352073,59.99999999171078,11.999999222776951,5.0,30.0,LiCl,4.0,case2,aitken-gpu-fixed-round,monthly,19.455727,36,stalled,1022.5,0.06274226584303676,False,-0.000839,0.25784649423156186,0.20405991845363533,1.3243556100213056,-4.084636678068344,3,12,0.0,0.0
48.0,60.0,2.491656724145956,60.0,12.0,5.0,30.0,LiCl,4.0,case2,aitken-gpu-fixed-round,monthly,19.127725,36,stalled,1014.8,0.06516474332269064,False,-0.001061,0.3984831590289104,0.11508152421169646,2.0341605346135347,-2.904798671600357,3,12,0.0,0.0
48.0,63.0,2.500174842763763,59.99999997475959,11.999999971774587,5.0,30.0,LiCl,4.0,case2,aitken-gpu-fixed-round,monthly,19.366923,39,stalled,1255.9,0.06237956884188259,False,-0.001274,0.3483886705104244,0.295011737557678,1.9423952770701642,-2.893450920275734,3,15,0.0,0.0
48.0,66.0,2.3133652835238516,59.99999997625755,11.999999991733688,5.0,30.0,LiCl,4.0,case2,aitken-gpu-fixed-round,monthly,20.081017,36,stalled,1254.2,0.07031318033407395,False,-0.000653,0.28081837078217387,0.16229922852105969,1.4935195136030242,-3.8278902128652414,4,12,0.0,0.0
48.0,111.0,2.093125925489339,59.923442738547664,11.999999996729267,5.0,30.0,LiCl,4.0,case2,aitken-gpu-fixed-round,monthly,21.248242,33,stalled,986.2,0.10175471180407929,False,-0.002612,0.20416100587292238,0.5199075059677923,2.8444572884829844,-1.0151251255102254,4,9,0.0,0.0
48.0,114.0,2.118685338825634,59.999999925328325,11.999999926995027,5.0,30.0,LiCl,4.0,case2,aitken-gpu-fixed-round,monthly,20.009737,33,stalled,992.9,0.09327137216377454,False,-0.001129,0.21307983125379829,0.3899040252375361,2.280204642157969,-2.4134348259301968,3,9,0.0,0.0
48.0,117.0,2.30735333556713,59.99999030581524,11.999999965453815,5.0,30.0,LiCl,4.0,case2,aitken-gpu-fixed-round,monthly,20.845356,36,stalled,1247.6,0.08136446982495246,False,-0.001539,0.23673998571070115,0.17222120228258112,1.3674555109268733,-4.359052593253215,3,12,0.0,0.0
48.0,120.0,2.045295488436254,59.99999999551808,11.999999990300868,5.0,30.0,LiCl,4.0,case2,aitken-gpu-fixed-round,monthly,20.349956,33,stalled,819.1,0.09864340487738268,False,-0.001631,0.19033327827341456,0.6337790303935157,3.1109786351282773,-0.2953660006080048,4,9,0.0,0.0
48.0,123.0,2.1149270858721243,59.999999987169566,11.999999993801756,5.0,30.0,LiCl,4.0,case2,aitken-gpu-fixed-round,monthly,18.774375,33,stalled,962.5,0.09410052632342965,False,-0.001126,0.1894797668096156,0.3132270649302561,1.79180310337223,-3.4934993148657694,4,9,0.0,0.0
48.0,126.0,2.0478949710596783,59.99999987058417,11.999999999274273,5.0,30.0,LiCl,4.0,case2,aitken-gpu-fixed-round,monthly,18.348645,33,stalled,969.1,0.09982129817747448,False,-0.001436,0.1716706055213361,0.3397145126085556,1.6802002773580742,-3.863602976191628,4,9,0.0,0.0
48.0,129.0,1.887377938097877,59.99999317459703,11.99999997186505,5.0,30.0,LiCl,4.0,case2,aitken-gpu-fixed-round,monthly,17.745671,33,stalled,979.5,0.11876147380831055,False,-0.002187,0.14155732949519542,0.1153368503368034,1.2316999263727537,-4.804699843437769,4,9,0.0,0.0
48.0,132.0,1.9074234351901176,59.99999919358803,11.999999995231834,5.0,30.0,LiCl,4.0,case2,aitken-gpu-fixed-round,monthly,17.880755,33,stalled,981.6,0.11972186289584073,False,-0.002469,0.1525901752979284,0.33409304531160217,1.6814352450964083,-4.074873287157509,4,9,0.0,0.0
48.0,135.0,1.8278810459411856,59.99999999292566,11.999999917702674,5.0,30.0,LiCl,4.0,case2,aitken-gpu-fixed-round,monthly,18.788740,33,stalled,980.0,0.1325913417508003,False,-0.003733,0.1509666990387645,0.44976674204987804,1.860443967652579,-3.6081509308239443,4,9,0.0,0.0
48.0,138.0,1.7189458194783303,59.9999995484885,11.999999742562101,5.0,30.0,LiCl,4.0,case2,aitken-gpu-fixed-round,monthly,19.021326,33,stalled,987.8,0.1452450445026473,False,-0.004419,0.12163911203060519,0.2624751384898475,2.718392789769907,-1.6876383357204048,3,9,0.0,0.0
51.0,-126.0,1.8386305473558355,59.999999942658896,11.999999009228379,5.0,30.0,LiCl,4.0,case2,aitken-gpu-fixed-round,monthly,24.015999,33,stalled,809.2,0.13174375353198411,False,-0.000326,0.5626644719082784,0.07502177581844331,2.12151759013736,-3.0215743944621,4,9,0.0,0.0
51.0,-123.0,1.7436611802008706,60.0,12.0,5.0,30.0,LiCl,4.0,case2,aitken-gpu-fixed-round,monthly,21.925656,33,stalled,998.3,0.12255781789046621,False,-0.003364,0.3153569526173081,1.1432790992327004,6.793852657271966,18.51977414416309,3,9,0.0,0.0
51.0,-120.0,1.8572125956364884,59.99999926166445,11.999999963343209,5.0,30.0,LiCl,4.0,case2,aitken-gpu-fixed-round,monthly,26.121077,33,stalled,961.7,0.11157725754376,False,-0.001859,0.6671909179929029,0.2566919058480981,2.1669951478768446,-2.1608559619179974,2,9,0.0,0.0
51.0,-117.0,1.5834159415794962,60.0,12.0,5.0,30.0,LiCl,4.0,case2,aitken-gpu-fixed-round,monthly,24.708414,36,stalled,1742.6,0.12982844138078492,False,-0.002025,0.24199906926260456,0.14241020871979776,1.089924622735142,-3.9609962652800905,4,12,0.0,0.0
51.0,-114.0,2.00919836028021,59.999997795573066,11.999999978369424,5.0,30.0,LiCl,4.0,case2,aitken-gpu-fixed-round,monthly,20.394477,33,stalled,1246.2,0.09233046423053545,False,-0.001622,0.22654397360905565,0.3493926711048226,2.3106745921586147,-2.5483913144433776,3,9,0.0,0.0
51.0,-111.0,2.126315154498815,59.999999916720185,11.999999996035811,5.0,30.0,LiCl,4.0,case2,aitken-gpu-fixed-round,monthly,20.582127,33,stalled,1183.1,0.08006483681328967,False,-0.001160,0.2531823157854361,0.1423886401106421,1.5252135675716534,-3.8569933868299335,3,9,0.0,0.0
51.0,-108.0,2.212749367446411,59.99999748217047,11.999999878118164,5.0,30.0,LiCl,4.0,case2,aitken-gpu-fixed-round,monthly,20.795694,33,stalled,1227.7,0.08021799933282797,False,-0.001317,0.2793518305442634,0.1407308800879449,1.7919323036560584,-3.466818053349147,4,9,0.0,0.0
51.0,-105.0,2.1232510021037734,59.999999899394055,11.999999971232784,5.0,30.0,LiCl,4.0,case2,aitken-gpu-fixed-round,monthly,19.495673,33,stalled,819.3,0.08455340023399854,False,-0.000648,0.21992569764089032,0.17763084372276441,1.5606860556638191,-4.100224565002237,4,9,0.0,0.0
51.0,-102.0,2.165383116364357,60.0,12.0,5.0,30.0,LiCl,4.0,case2,aitken-gpu-fixed-round,monthly,18.690886,33,stalled,868.3,0.09312240496636243,False,-0.002819,0.22217655292350977,0.3014140043134745,1.9835345737615946,-3.1238172949468015,3,9,0.0,0.0
-30.0,144.0,2.5544829802755054,59.999999882339424,11.999999913264944,5.0,30.0,LiCl,4.0,case2,aitken-gpu-fixed-round,monthly,11.732988,36,stalled,False,-0.003394,653.3,,,,,,,,,
-30.0,147.0,2.537224378442107,59.99999993279477,11.999999846381904,5.0,30.0,LiCl,4.0,case2,aitken-gpu-fixed-round,monthly,10.781291,39,stalled,False,-0.002341,878.9,0.0548893553260003,0.19160700448069007,0.4686547884112574,1.6949555927869446,-2.5672468959793857,4,15,0.0,0.0
-30.0,150.0,2.8127240536348594,59.99999965946444,11.999999724216757,5.0,30.0,LiCl,4.0,case2,aitken-gpu-fixed-round,monthly,10.212281,36,stalled,False,-0.001003,699.9,0.046817367536270055,0.1376243497186263,0.35942975075255446,1.647514239479443,-3.6657857292945444,4,12,0.0,0.0
-30.0,153.0,2.03107872626534,59.99999790616048,11.999999955716708,5.0,30.0,LiCl,4.0,case2,aitken-gpu-fixed-round,monthly,8.678631,33,stalled,False,-0.003328,550.5,0.10880241791407466,0.4587164677760339,0.7202661721402239,6.041986685362375,14.65850462310826,3,9,0.0,0.0
-27.0,-69.0,1.4463584590327083,59.06587341332302,9.970163871494666,5.0,30.0,LiCl,4.0,case2,aitken-gpu-fixed-round,monthly,31.704507,33,stalled,False,-0.000218,928.3,0.15202218478200832,0.5957175272843294,0.07210535225759584,2.2295405665474757,-2.3213522298094915,5,9,0.0,0.0
-27.0,-66.0,2.6733787850396613,59.9999993188475,11.999999977385487,5.0,30.0,LiCl,4.0,case2,aitken-gpu-fixed-round,monthly,14.313182,36,stalled,False,-0.003477,749.2,0.07995248611718772,0.3434463527059967,0.89671607526367,2.9238612493907614,0.3228216879872594,3,12,0.0,0.0
-27.0,-63.0,2.6309541087797297,60.0,12.0,5.0,30.0,LiCl,4.0,case2,aitken-gpu-fixed-round,monthly,10.243412,39,stalled,False,0.000222,835.0,0.04549312404550887,0.3379225815214899,0.2861210013380289,3.3186880170477178,1.2983596744593573,3,15,0.0,0.0
-27.0,-60.0,2.606306907591866,59.999998845359976,11.999999797244993,5.0,30.0,LiCl,4.0,case2,aitken-gpu-fixed-round,monthly,9.118666,33,stalled,False,-0.001951,532.2,0.057062452199924944,0.24940609403023817,0.5672921549601927,3.6979400449493545,2.7292950836646703,3,9,0.0,0.0
-27.0,-57.0,2.3779680462576387,59.99999832294454,11.999999947213022,5.0,30.0,LiCl,4.0,case2,aitken-gpu-fixed-round,monthly,8.790490,36,stalled,False,-0.001306,656.6,0.06976915146858619,0.26160060759713044,-0.08421252334900518,4.6920304479677535,6.503149291975261,3,12,0.0,0.0
-27.0,-54.0,2.116849305195138,60.0,12.0,5.0,30.0,LiCl,4.0,case2,aitken-gpu-fixed-round,monthly,8.743205,33,stalled,False,-0.000645,538.3,0.08869690555219427,0.5921654301755418,0.8461704855866113,8.308287582224164,30.966673921447466,3,9,0.0,0.0
-27.0,-51.0,2.111038935948298,60.0,12.0,5.0,30.0,LiCl,4.0,case2,aitken-gpu-fixed-round,monthly,8.446885,33,stalled,False,-0.002751,527.9,0.09930256128189485,0.37878801621118613,0.5865521227616375,6.006593524565079,14.158387602436525,2,9,0.0,0.0
-27.0,18.0,2.9655112291854886,59.999999992025195,11.999999949799948,5.0,30.0,LiCl,4.0,case2,aitken-gpu-fixed-round,monthly,13.274329,36,stalled,False,-0.005605,728.4,0.08343936557437072,0.3339466385311626,0.09460494255169219,1.4954284052143263,-3.376066611503274,4,12,0.0,0.0
-27.0,21.0,2.870930831369272,59.999999794360214,11.999999989444605,5.0,30.0,LiCl,4.0,case2,aitken-gpu-fixed-round,monthly,14.438076,36,stalled,False,-0.003154,732.1,0.08725191153836166,0.4073019656882511,0.17016456959901735,1.524295005151605,-3.221856071647168,4,12,0.0,0.0
-27.0,24.0,2.5375906813586115,59.9999999919368,11.999999951333109,5.0,30.0,LiCl,4.0,case2,aitken-gpu-fixed-round,monthly,11.921831,36,stalled,False,-0.003480,749.8,0.08051138733305156,0.24321496708885793,0.23216052240517798,1.4018982951223538,-3.4364918621806844,4,12,0.0,0.0
-27.0,27.0,2.2772556444043794,59.99999999418701,11.999999988875862,5.0,30.0,LiCl,4.0,case2,aitken-gpu-fixed-round,monthly,10.543802,33,stalled,False,-0.000477,560.8,0.05597257237686763,0.24885975941221722,0.7420692068812837,2.5192917159814567,-0.6779813565694033,4,9,0.0,0.0
-27.0,30.0,2.4826878416347498,59.99999923423617,11.999999888932019,5.0,30.0,LiCl,4.0,case2,aitken-gpu-fixed-round,monthly,8.802543,36,stalled,False,-0.000715,715.1,0.06017039128711842,0.09611498074515633,0.1888645553274264,1.3424186477213402,-4.230360898742834,4,12,0.0,0.0
-27.0,114.0,2.5861990898729474,60.0,12.0,5.0,30.0,LiCl,4.0,case2,aitken-gpu-fixed-round,monthly,9.095846,36,stalled,False,0.000272,736.0,0.03565047677279368,0.14628393172426774,0.25571129043995733,1.3098729210481541,-3.2891264774195417,4,12,0.0,0.0
-27.0,117.0,2.8230253808701375,59.999999995531624,11.999999941019878,5.0,30.0,LiCl,4.0,case2,aitken-gpu-fixed-round,monthly,11.384773,36,stalled,False,-0.006321,790.5,0.07696221270003989,0.2675326568940677,0.3884751792740238,1.874762139438589,-2.418927234973969,3,12,0.0,0.0
-27.0,120.0,2.619554453242398,59.99999981081376,11.99999998949025,5.0,30.0,LiCl,4.0,case2,aitken-gpu-fixed-round,monthly,11.733025,36,stalled,False,-0.000882,786.2,0.0643883088938847,0.29301168621403706,0.6088146211678275,2.320782331538993,-1.3397466200097856,4,12,0.0,0.0
-27.0,123.0,2.489264346740438,59.999999971402126,11.999999937066475,5.0,30.0,LiCl,4.0,case2,aitken-gpu-fixed-round,monthly,11.460925,36,stalled,False,-0.001207,804.3,0.06839867664989824,0.21328847194153433,0.1685721084342089,1.1411494235586355,-3.6393476976449866,4,12,0.0,0.0
-27.0,126.0,2.5635376391656246,59.99999336829213,11.999999953482085,5.0,30.0,LiCl,4.0,case2,aitken-gpu-fixed-round,monthly,11.958480,36,stalled,False,-0.001027,790.9,0.06626742727402332,0.2635696896149107,0.1562787263199696,1.2540326607788526,-3.3958982431816636,4,12,0.0,0.0
-27.0,129.0,2.8942721249957524,59.99999985917913,11.999999989563943,5.0,30.0,LiCl,4.0,case2,aitken-gpu-fixed-round,monthly,12.185954,36,stalled,False,-0.001553,795.0,0.054259359315693055,0.2896329994179604,0.38576250202347967,1.6031901719795396,-2.98459803384399,4,12,0.0,0.0
-27.0,132.0,2.642849844625751,59.99999999870539,11.999999941913467,5.0,30.0,LiCl,4.0,case2,aitken-gpu-fixed-round,monthly,12.334710,36,stalled,False,-0.000653,803.0,0.06266488058649407,0.25956906821811854,0.23825660866040924,1.450363168238426,-3.332748250944715,4,12,0.0,0.0
-27.0,135.0,2.6647734212852163,59.99999925854334,11.999999985317396,5.0,30.0,LiCl,4.0,case2,aitken-gpu-fixed-round,monthly,12.817666,36,stalled,False,-0.003886,795.1,0.08067061115165457,0.40729244375955265,0.31336139562829757,1.4570849744139558,-3.1405855650978625,4,12,0.0,0.0
-27.0,138.0,2.9276149829591556,60.0,12.0,5.0,30.0,LiCl,4.0,case2,aitken-gpu-fixed-round,monthly,12.207009,36,stalled,False,-0.004900,775.2,0.07766773662932705,0.2909727121343803,0.21172385467843108,1.5005959512151268,-3.209108101812169,3,12,0.0,0.0
-27.0,141.0,2.572279095003342,59.99999950904696,11.999999805756387,5.0,30.0,LiCl,4.0,case2,aitken-gpu-fixed-round,monthly,12.248647,39,stalled,False,-0.002254,972.7,0.06841566253672235,0.2513064386057061,0.4056414192423535,1.217883814226606,-2.996872698060895,3,15,0.0,0.0
-27.0,144.0,2.630436715767903,60.0,12.0,5.0,30.0,LiCl,4.0,case2,aitken-gpu-fixed-round,monthly,10.968327,36,stalled,False,-0.000975,790.2,0.04885978873383283,0.2175185808607914,0.4285884596411045,1.670508922079601,-2.8304696197846306,4,12,0.0,0.0
-27.0,147.0,2.822060389592198,59.99999992504387,11.999999998008173,5.0,30.0,LiCl,4.0,case2,aitken-gpu-fixed-round,monthly,9.701019,36,stalled,False,-0.001851,775.3,0.043310977053213094,0.1620805487834448,0.6851401802802701,2.549511586263234,-1.2701889602602965,4,12,0.0,0.0
-27.0,150.0,2.434132086014777,59.99999841145702,11.999999993687041,5.0,30.0,LiCl,4.0,case2,aitken-gpu-fixed-round,monthly,8.952791,36,stalled,False,-0.000371,773.9,0.055564311568061624,0.09959660901103923,0.08870882066825105,1.1827444685774704,-4.329908857477646,4,12,0.0,0.0
-27.0,153.0,1.9958837579484532,52.616168780086944,11.414163059164329,5.0,30.0,LiCl,4.0,case2,aitken-gpu-fixed-round,monthly,8.018124,33,stalled,False,-0.002713,588.7,0.11379975218897646,0.17757652680097188,0.556788748332019,2.7941614366326997,-0.6787743708297478,2,9,0.0,0.0
-24.0,-69.0,1.974740461473014,59.99999937439425,11.999999983587923,5.0,30.0,LiCl,4.0,case2,aitken-gpu-fixed-round,monthly,29.497636,33,stalled,False,-0.005212,784.9,0.12800993910110356,0.5134476371956145,0.31684669025385925,2.369701768955865,-2.360633190215921,4,9,0.0,0.0
-24.0,-66.0,2.8426808241960666,60.0,12.0,5.0,30.0,LiCl,4.0,case2,aitken-gpu-fixed-round,monthly,11.934482,36,stalled,False,-0.000494,707.9,0.05948893034712659,0.18611552115633584,0.11352928397087106,1.941371721255185,-2.766670939661154,4,12,0.0,0.0
-24.0,-63.0,2.7204361493349616,59.999997936945995,11.999999634765302,5.0,30.0,LiCl,4.0,case2,aitken-gpu-fixed-round,monthly,10.006183,33,stalled,False,0.000203,626.6,0.04138458152877067,0.3188392304414235,0.22817256309923217,2.6073784968454556,-0.6569970273460908,3,9,0.0,0.0
-24.0,-60.0,2.854983268235388,59.999999479979124,11.488824751572542,5.0,30.0,LiCl,4.0,case2,aitken-gpu-fixed-round,monthly,9.565943,36,stalled,False,-0.001271,883.0,0.04170640063797862,0.14284335773696097,0.21187984477342875,1.1578621600009744,-4.006770634432172,4,12,0.0,0.0
-24.0,-57.0,2.8478372399386487,59.99999994868907,11.9999999581975,5.0,30.0,LiCl,4.0,case2,aitken-gpu-fixed-round,monthly,8.789312,36,stalled,False,-0.002348,859.2,0.04702936732955955,0.11644726638236953,-0.010943309916284442,1.5967711035393701,-3.512208847582234,4,12,0.0,0.0
-24.0,-54.0,2.4927321815180563,59.99999994736314,11.999999935339813,5.0,30.0,LiCl,4.0,case2,aitken-gpu-fixed-round,monthly,8.611700,36,stalled,False,-0.000283,894.7,0.05979422368945102,0.09249717647878822,0.150231751780872,1.0702219452669677,-4.564061156784535,4,12,0.0,0.0
51.0,3.0,1.7841010396326011,34.713704409510754,12.0,5.0,30.0,LiCl,4.0,case2,aitken-gpu-fixed-round,monthly,18.560210,33,stalled,630.5,0.14923521598599077,False,-0.002478,0.3415996975409738,0.032834499969028486,1.6926889231731874,-3.0549375480568237,3,9,0.0,0.0
51.0,6.0,1.746876039476603,41.6696484804226,11.999999975547178,5.0,30.0,LiCl,4.0,case2,aitken-gpu-fixed-round,monthly,18.415959,33,stalled,640.5,0.13833369622348737,False,-0.003996,0.9257680513406243,0.31138205864783797,3.1839252077841684,1.2160356182317305,2,9,0.0,0.0
51.0,9.0,1.7937036199677405,42.98975483214328,12.0,5.0,30.0,LiCl,4.0,case2,aitken-gpu-fixed-round,monthly,19.604634,33,stalled,802.8,0.13886892377716362,False,-0.003519,0.46606337031063527,-0.041672535369111974,2.3862543773385085,-1.9421569087996047,3,9,0.0,0.0
51.0,12.0,1.8022674405735999,60.0,12.0,5.0,30.0,LiCl,4.0,case2,aitken-gpu-fixed-round,monthly,17.478864,33,stalled,619.9,0.12575931558400394,False,-0.002490,0.3050968288956603,0.05659809769024866,2.3050048883511494,-2.1044970957393434,3,9,0.0,0.0
51.0,15.0,1.968104300875636,60.0,12.0,5.0,30.0,LiCl,4.0,case2,aitken-gpu-fixed-round,monthly,18.980697,33,stalled,790.0,0.11222954235978501,False,-0.002689,0.3513924799774572,-0.2579583822778786,2.4619527065169944,-1.5816955738492995,3,9,0.0,0.0
51.0,18.0,1.8677527053824328,60.0,12.0,5.0,30.0,LiCl,4.0,case2,aitken-gpu-fixed-round,monthly,18.191558,33,stalled,788.0,0.1145137899353997,False,-0.001321,0.35801328145024836,0.36031552413489554,3.5831699056425563,2.1031051436979347,3,9,0.0,0.0
51.0,21.0,1.9118749302113611,55.79439193817437,11.999999933087503,5.0,30.0,LiCl,4.0,case2,aitken-gpu-fixed-round,monthly,18.302702,33,stalled,938.3,0.11089914413808512,False,-0.002011,0.3527526132482112,0.2361153768170085,3.146575324290841,0.22576227900010437,3,9,0.0,0.0
51.0,24.0,2.0963845867667885,60.0,12.0,5.0,30.0,LiCl,4.0,case2,aitken-gpu-fixed-round,monthly,18.000542,33,stalled,942.4,0.10072575934170046,False,-0.003163,0.18210205181971065,0.17191810745044675,1.5938670323352648,-3.846948833502526,3,9,0.0,0.0
51.0,27.0,1.9945739182047661,59.99999824178744,11.999999117863066,5.0,30.0,LiCl,4.0,case2,aitken-gpu-fixed-round,monthly,18.515596,33,stalled,753.2,0.10957188554071028,False,-0.002803,0.44411102343158504,-0.09489591655289903,3.1733724802134238,0.5469687932274105,2,9,0.0,0.0
51.0,30.0,2.241004397709771,60.0,12.0,5.0,30.0,LiCl,4.0,case2,aitken-gpu-fixed-round,monthly,18.257937,33,stalled,750.4,0.09278015432361472,False,-0.003003,0.4266797253186717,-0.11890074243446468,2.744663716439264,-0.5208272467153394,3,9,0.0,0.0
51.0,33.0,2.183635117510273,59.99999999358833,11.999999978278495,5.0,30.0,LiCl,4.0,case2,aitken-gpu-fixed-round,monthly,18.734729,33,stalled,773.3,0.08398540866439859,False,-0.000781,0.25968057211836676,0.2292358205073249,1.3877326936528966,-4.0379854610944195,3,9,0.0,0.0
51.0,36.0,2.2730723100921786,59.99999975356542,11.999999971727906,5.0,30.0,LiCl,4.0,case2,aitken-gpu-fixed-round,monthly,19.883719,36,stalled,1157.8,0.07737990003588868,False,-0.000476,0.246109575040751,0.12724597813977404,1.310438096920316,-4.385904318397923,4,12,0.0,0.0
51.0,39.0,2.4216793066793185,60.0,12.0,5.0,30.0,LiCl,4.0,case2,aitken-gpu-fixed-round,monthly,20.077188,36,stalled,236.0,0.07025970396765535,False,-0.000996,0.33763511170695387,0.19370868871508254,1.524005938918722,-4.069034559413176,4,12,0.0,0.0
51.0,42.0,2.4131387529147292,59.99999999310883,11.999999985443944,5.0,30.0,LiCl,4.0,case2,aitken-gpu-fixed-round,monthly,19.985953,36,stalled,1075.6,0.07095632648952481,False,-0.001017,0.3183527645238353,0.2273528042219436,1.7996826521538487,-3.452780499031419,4,12,0.0,0.0
51.0,45.0,2.4269286751328454,59.999999900173684,11.999999961803024,5.0,30.0,LiCl,4.0,case2,aitken-gpu-fixed-round,monthly,20.401896,36,stalled,1089.1,0.07086481848047797,False,-0.001302,0.33937029339560815,0.3213079295965223,1.7004003738028826,-3.2155376180450035,3,12,0.0,0.0
51.0,48.0,2.3827781452124923,59.9999998499741,11.99999990247137,5.0,30.0,LiCl,4.0,case2,aitken-gpu-fixed-round,monthly,20.095231,36,stalled,1262.2,0.07097989903644784,False,-0.000996,0.26536828476749436,0.5507062945728461,2.578202481690485,-1.6955325933709255,3,12,0.0,0.0
51.0,51.0,2.314743491547976,59.99999977915696,11.99999997109293,5.0,30.0,LiCl,4.0,case2,aitken-gpu-fixed-round,monthly,18.727393,36,stalled,1264.5,0.07475421330492607,False,-0.001046,0.2922192473797392,0.2890194140967035,2.17762268849135,-2.5705921988861427,3,12,0.0,0.0
51.0,54.0,2.279121909826849,59.99999784964366,11.999999642702296,5.0,30.0,LiCl,4.0,case2,aitken-gpu-fixed-round,monthly,19.234345,33,stalled,967.6,0.08157968040134109,False,-0.001443,0.26058000671085685,0.4628071322834668,1.8516003637009733,-3.2051864512859094,4,9,0.0,0.0
51.0,57.0,2.1613576393865626,60.0,12.0,5.0,30.0,LiCl,4.0,case2,aitken-gpu-fixed-round,monthly,19.659791,33,stalled,782.8,0.09144807106901316,False,-0.001677,0.25220879855582123,0.22487910130449384,1.5159437966540126,-3.875164222950673,3,9,0.0,0.0
51.0,60.0,2.0831578666114448,59.99999839276835,11.99999994500271,5.0,30.0,LiCl,4.0,case2,aitken-gpu-fixed-round,monthly,19.555908,33,stalled,863.2,0.09735461796739459,False,-0.001655,0.23424954813506346,0.24684451110399044,1.775320301478903,-3.403988612538075,4,9,0.0,0.0
51.0,63.0,2.2417264546541427,59.999999947865255,11.999999962992543,5.0,30.0,LiCl,4.0,case2,aitken-gpu-fixed-round,monthly,19.485348,33,stalled,805.1,0.0811475631539637,False,-0.001272,0.24000492634009027,0.35087546390500296,1.747378234622752,-3.2477580679336886,4,9,0.0,0.0
51.0,66.0,2.170853553050588,59.999999974489235,11.999999983364553,5.0,30.0,LiCl,4.0,case2,aitken-gpu-fixed-round,monthly,19.566476,33,stalled,1023.1,0.08497787174982786,False,-0.001135,0.2750087892745015,0.1331978633866287,1.647291944445542,-3.764991398263353,3,9,0.0,0.0
51.0,69.0,2.17281569060902,59.99999970862868,11.99999990501158,5.0,30.0,LiCl,4.0,case2,aitken-gpu-fixed-round,monthly,19.406548,33,stalled,1004.7,0.09151021127644865,False,-0.002698,0.2134393793287085,-0.11335796921119304,2.113591381667772,-2.8073136955395124,3,9,0.0,0.0
51.0,111.0,1.9047688269287868,59.99999986814687,11.999999928739044,5.0,30.0,LiCl,4.0,case2,aitken-gpu-fixed-round,monthly,21.135121,33,stalled,951.9,0.11655223566691104,False,-0.002581,0.1546331226025064,0.0563122041687469,1.7584600752617079,-3.8208381616886578,3,9,0.0,0.0
51.0,114.0,2.09720632743609,59.99999972307325,11.999999966405609,5.0,30.0,LiCl,4.0,case2,aitken-gpu-fixed-round,monthly,22.592482,33,stalled,994.0,0.09392364574828684,False,-0.001189,0.22874044253867684,0.11273604948525315,1.3148335324567502,-4.185344554644274,4,9,0.0,0.0
51.0,117.0,2.1130670867923267,59.99999988241496,11.999999947117677,5.0,30.0,LiCl,4.0,case2,aitken-gpu-fixed-round,monthly,23.008932,33,stalled,939.9,0.09028658304967549,False,-0.000919,0.2566415803785241,0.0816499345774523,1.3805349446667925,-4.2339225972238435,4,9,0.0,0.0
51.0,120.0,2.0575681612706775,59.51353580722345,11.999999963474277,5.0,30.0,LiCl,4.0,case2,aitken-gpu-fixed-round,monthly,21.444690,33,stalled,805.1,0.10026657012348107,False,-0.001987,0.18923558729170084,0.46465107666622185,1.4078816879593707,-3.9903674864200007,4,9,0.0,0.0
51.0,123.0,1.9532531776380755,59.99999999574803,11.99999999920312,5.0,30.0,LiCl,4.0,case2,aitken-gpu-fixed-round,monthly,21.269749,33,stalled,820.4,0.10899381190878628,False,-0.002059,0.16833628965751493,0.3187352238926203,1.3367647720991347,-4.778100931785567,4,9,0.0,0.0
51.0,126.0,2.043802583136551,59.99999998094332,11.999999949189514,5.0,30.0,LiCl,4.0,case2,aitken-gpu-fixed-round,monthly,20.270061,33,stalled,953.8,0.09965961585053862,False,-0.001825,0.1880994911690412,0.08528108917412461,1.1021448285942181,-4.609646823699084,4,9,0.0,0.0
51.0,129.0,2.04671363693464,59.99999997455273,11.999999994576104,5.0,30.0,LiCl,4.0,case2,aitken-gpu-fixed-round,monthly,20.679496,33,stalled,937.3,0.09835853907237402,False,-0.001403,0.19629932412488563,0.05488402629348416,1.349301634623487,-4.621352713115756,4,9,0.0,0.0
51.0,132.0,1.8380638314848812,59.999998510585016,11.999999884612933,5.0,30.0,LiCl,4.0,case2,aitken-gpu-fixed-round,monthly,22.373951,33,stalled,808.1,0.12377753365512943,False,-0.002450,0.1893201197682872,0.25530891136998507,1.6676423538671075,-4.284970562060317,3,9,0.0,0.0
51.0,135.0,1.6982568345891356,59.9999997857982,11.999999965285237,5.0,30.0,LiCl,4.0,case2,aitken-gpu-fixed-round,monthly,23.215340,33,stalled,770.5,0.14560498762966578,False,-0.003810,0.14437973293072776,0.16586841771172917,1.2689461739865362,-4.389750094855865,3,9,0.0,0.0
51.0,138.0,1.6624688790939786,59.999999994407666,9.109945915977823,5.0,30.0,LiCl,4.0,case2,aitken-gpu-fixed-round,monthly,22.266973,33,stalled,759.2,0.1518727887213124,False,-0.004331,0.17454738640622472,-0.11614071696936734,5.263963618310241,8.787753552384382,2,9,0.0,0.0
54.0,-132.0,1.3827042999039083,59.99999995617049,11.999998429574374,5.0,30.0,LiCl,4.0,case2,aitken-gpu-fixed-round,monthly,22.413657,33,stalled,635.2,0.17358923334751247,False,-0.003473,0.7292505478467283,-0.17821473084012396,2.8856600110416237,0.02236184266639807,2,9,0.0,0.0
54.0,-129.0,1.4463584590327083,59.06587341332302,9.970163871494666,5.0,30.0,LiCl,4.0,case2,aitken-gpu-fixed-round,monthly,25.928232,33,stalled,973.9,0.15982115225629742,False,-0.002181,0.8298351256354474,0.14125126370667915,5.421619215395585,10.282048637783312,2,9,0.0,0.0
54.0,-126.0,1.830418734194268,59.99999851654118,11.999999978959636,5.0,30.0,LiCl,4.0,case2,aitken-gpu-fixed-round,monthly,23.288616,33,stalled,817.0,0.11538141396165598,False,-0.001570,0.3689065574165791,0.043007203565746825,2.2786251590231323,-2.6805213225315043,3,9,0.0,0.0
54.0,-123.0,1.9313046112095023,59.99999975556462,11.999999995320753,5.0,30.0,LiCl,4.0,case2,aitken-gpu-fixed-round,monthly,23.854061,33,stalled,980.6,0.11217586858562385,False,-0.002240,0.2862771819208539,0.10836727568050705,1.7931703624069288,-3.7538249643207493,3,9,0.0,0.0
54.0,-120.0,1.723783468916946,60.0,12.0,5.0,30.0,LiCl,4.0,case2,aitken-gpu-fixed-round,monthly,25.816360,33,stalled,1000.6,0.13611956813381101,False,-0.003212,0.33747495759710516,0.14335733613718424,1.5926800217704842,-3.7476982283501408,3,9,0.0,0.0
54.0,-117.0,1.8396690582242001,59.99999997417064,11.999999999717815,5.0,30.0,LiCl,4.0,case2,aitken-gpu-fixed-round,monthly,23.171431,33,stalled,1099.2,0.12238044398674418,False,-0.002662,0.20086185732605938,-0.02183190040585103,1.5206375403290449,-4.528708537804769,4,9,0.0,0.0
54.0,-114.0,2.0145518457279294,59.99999981421153,11.999999958240151,5.0,30.0,LiCl,4.0,case2,aitken-gpu-fixed-round,monthly,21.987628,33,stalled,1000.1,0.10669501918972735,False,-0.002694,0.31707937378239137,0.26088342593762326,1.722385823159876,-3.7852285402556554,4,9,0.0,0.0
54.0,-111.0,2.006484696385341,59.99999945563228,11.999999922022262,5.0,30.0,LiCl,4.0,case2,aitken-gpu-fixed-round,monthly,22.169472,33,stalled,698.0,0.10933893235149535,False,-0.002845,0.25207160551361835,0.4118916096499161,1.6654537643049172,-4.111942799195541,3,9,0.0,0.0
54.0,-108.0,1.8789966858002511,59.99999959526688,11.999999966730911,5.0,30.0,LiCl,4.0,case2,aitken-gpu-fixed-round,monthly,21.737653,33,stalled,831.1,0.11554147062242223,False,-0.001986,0.20894050722059776,0.29253665575137877,1.9865275735779648,-3.509411435242088,4,9,0.0,0.0
54.0,-105.0,1.8556245570588255,60.0,12.0,5.0,30.0,LiCl,4.0,case2,aitken-gpu-fixed-round,monthly,22.211575,33,stalled,813.5,0.11722840338137853,False,-0.001940,0.364378512579549,0.28165476279990753,1.9130778820035246,-3.3358682526551062,4,9,0.0,0.0
54.0,-102.0,1.7967893169148166,60.0,12.0,5.0,30.0,LiCl,4.0,case2,aitken-gpu-fixed-round,monthly,21.416332,33,stalled,832.3,0.1235630744234757,False,-0.001533,0.17286584682901657,0.14139133242005675,1.4481824570633597,-4.703602407845024,4,9,0.0,0.0
54.0,-99.0,1.8059714859102853,59.999999089302214,11.99999994141387,5.0,30.0,LiCl,4.0,case2,aitken-gpu-fixed-round,monthly,21.645916,33,stalled,829.8,0.12704871359848677,False,-0.003166,0.3052927374180697,0.33767391436953625,1.9793485375390352,-3.303183737425789,4,9,0.0,0.0
54.0,-96.0,1.8449092813701318,60.0,12.0,5.0,30.0,LiCl,4.0,case2,aitken-gpu-fixed-round,monthly,22.913618,33,stalled,821.7,0.12485330899510365,False,-0.003023,0.3417704356212347,0.1735127910461842,1.8328637689939946,-3.580738128490058,4,9,0.0,0.0
54.0,12.0,1.7004304836305004,59.9999937157199,11.999999995165913,5.0,30.0,LiCl,4.0,case2,aitken-gpu-fixed-round,monthly,19.198148,33,stalled,605.7,0.1336869987074468,False,-0.002469,0.3456919972028957,0.02442908415933652,3.3397927940600494,0.8867717504216648,2,9,0.0,0.0
54.0,15.0,1.7611979984337376,53.012123900248525,11.999999948721868,5.0,30.0,LiCl,4.0,case2,aitken-gpu-fixed-round,monthly,19.582635,33,stalled,583.6,0.13205153164019293,False,-0.002361,0.3373575394560443,0.06587542461089727,2.8659985510775927,-0.5143189167024285,2,9,0.0,0.0
54.0,18.0,1.8050156573279834,60.0,12.0,5.0,30.0,LiCl,4.0,case2,aitken-gpu-fixed-round,monthly,20.217180,33,stalled,913.4,0.12907552174096645,False,-0.002197,0.9352183088716999,-0.3324503236139808,4.290486600827273,5.132683036815056,3,9,0.0,0.0
54.0,21.0,1.8948477342230177,59.99999926078835,11.99999999529866,5.0,30.0,LiCl,4.0,case2,aitken-gpu-fixed-round,monthly,19.917227,33,stalled,611.9,0.1105343395930174,False,-0.001686,0.35639270093884756,0.18226506246616675,1.855908263966289,-2.923226335629248,3,9,0.0,0.0
54.0,24.0,1.905043930130967,60.0,12.0,5.0,30.0,LiCl,4.0,case2,aitken-gpu-fixed-round,monthly,20.050034,33,stalled,603.5,0.11062428625365356,False,-0.001699,0.28504840959217503,0.09433200394202634,1.8395521393451166,-3.3722727220655675,3,9,0.0,0.0
54.0,27.0,1.8120758086890383,60.0,12.0,5.0,30.0,LiCl,4.0,case2,aitken-gpu-fixed-round,monthly,19.633641,33,stalled,800.4,0.11564286416341198,False,-0.002284,0.5684669555869025,0.4414245671005567,3.449023146986881,1.981665430124207,2,9,0.0,0.0
54.0,30.0,1.9160092609297168,52.14203713239176,11.9999999468935,5.0,30.0,LiCl,4.0,case2,aitken-gpu-fixed-round,monthly,20.033350,33,stalled,870.6,0.11353714603206749,False,-0.002000,0.5511207026833141,-0.10392661449295577,2.0488252673139216,-2.465999435836491,4,9,0.0,0.0
54.0,33.0,1.8888719271272587,59.99999997633925,11.999999980755234,5.0,30.0,LiCl,4.0,case2,aitken-gpu-fixed-round,monthly,19.884424,33,stalled,946.5,0.11313059777899795,False,-0.001531,0.330893664482541,0.12529048202992488,1.7487725579677313,-3.2689526610661277,3,9,0.0,0.0
54.0,36.0,2.056691700133875,60.0,12.0,5.0,30.0,LiCl,4.0,case2,aitken-gpu-fixed-round,monthly,20.535983,33,stalled,785.8,0.10258334343889708,False,-0.002328,0.46995371701854066,0.3643825500493018,3.036392602328898,-0.34238651657329644,2,9,0.0,0.0
54.0,39.0,2.181136081381797,59.999998390462146,11.999999962114721,5.0,30.0,LiCl,4.0,case2,aitken-gpu-fixed-round,monthly,20.095803,33,stalled,782.0,0.09631301465654059,False,-0.002982,0.2602662660414403,0.00649490234409332,1.741130159398372,-3.431582556594112,3,9,0.0,0.0
54.0,42.0,2.0701555638406894,59.99999999602032,11.999999994786263,5.0,30.0,LiCl,4.0,case2,aitken-gpu-fixed-round,monthly,19.629942,33,stalled,787.9,0.0993561879792694,False,-0.001927,0.2394339734112652,0.33205518747528795,1.6397981945338642,-3.7503208291939285,3,9,0.0,0.0
54.0,45.0,2.189259031930227,59.99999925285103,11.999999829989063,5.0,30.0,LiCl,4.0,case2,aitken-gpu-fixed-round,monthly,20.571380,33,stalled,889.9,0.09411866343361738,False,-0.003098,0.2996238058616981,-0.029994663803445325,1.7254189260058739,-3.379698664544299,3,9,0.0,0.0
54.0,48.0,2.1189104410919843,59.999999813101304,11.999999992409906,5.0,30.0,LiCl,4.0,case2,aitken-gpu-fixed-round,monthly,19.744774,33,stalled,930.9,0.1007685701524678,False,-0.003343,0.400768454939015,0.37917110034835033,2.520940398945675,-1.4644686450386735,3,9,0.0,0.0
54.0,51.0,2.015504858919769,59.99999876721859,11.99999995188666,5.0,30.0,LiCl,4.0,case2,aitken-gpu-fixed-round,monthly,20.915621,33,stalled,791.1,0.09943605367147662,False,-0.001394,0.28583535574808205,0.18866967556026745,1.7791675337588064,-3.9946849688469794,4,9,0.0,0.0
54.0,54.0,1.9571191218459814,59.99999629818004,11.99999993905184,5.0,30.0,LiCl,4.0,case2,aitken-gpu-fixed-round,monthly,21.430533,33,stalled,991.8,0.11197491583229774,False,-0.002657,0.16470380049402594,0.11900205518778759,1.2608708001710318,-4.552964382756086,3,9,0.0,0.0
54.0,57.0,1.728127180883839,59.99999984493599,11.99999996473039,5.0,30.0,LiCl,4.0,case2,aitken-gpu-fixed-round,monthly,22.901919,36,stalled,1194.9,0.13592090904149254,False,-0.002935,0.31106916163249093,0.40565009579363565,2.032349369750986,-2.9767767009317687,4,12,0.0,0.0
54.0,60.0,1.8325867542622356,59.99999961215836,11.999999973543886,5.0,30.0,LiCl,4.0,case2,aitken-gpu-fixed-round,monthly,21.348946,33,stalled,980.2,0.12717420873454632,False,-0.003008,0.2293363057481944,-0.020381410874764427,1.923167953542473,-3.6805092047877546,4,9,0.0,0.0
54.0,63.0,2.027494369251759,59.999999812748186,11.999999966842863,5.0,30.0,LiCl,4.0,case2,aitken-gpu-fixed-round,monthly,20.845742,33,stalled,948.8,0.1081839014761162,False,-0.003223,0.22019341685155816,0.3731098706497427,1.9965190395500656,-3.445517083177449,4,9,0.0,0.0
54.0,66.0,1.9455146461829806,59.99999980452993,11.999999979240206,5.0,30.0,LiCl,4.0,case2,aitken-gpu-fixed-round,monthly,20.391008,33,stalled,967.1,0.1091586893781678,False,-0.002237,0.3671174962883825,0.22769307630804406,1.900348364888796,-3.3635012985103123,4,9,0.0,0.0
54.0,69.0,1.900518940277732,60.0,12.0,5.0,30.0,LiCl,4.0,case2,aitken-gpu-fixed-round,monthly,21.010753,33,stalled,941.7,0.11173152038666426,False,-0.001877,0.25145119111455083,0.46528145841378804,2.513969388953248,-2.0472365433938013,4,9,0.0,0.0
54.0,72.0,1.9165394079214289,59.99999948841099,11.999999982654849,5.0,30.0,LiCl,4.0,case2,aitken-gpu-fixed-round,monthly,20.016579,33,stalled,1022.1,0.11087226444892895,False,-0.002076,0.23671694990947628,0.35016085882803105,1.5106046850066581,-4.394501313126839,3,9,0.0,0.0
54.0,75.0,1.9773698981973338,59.999999943528,11.99999998759693,5.0,30.0,LiCl,4.0,case2,aitken-gpu-fixed-round,monthly,21.134114,33,stalled,757.1,0.10254639500808187,False,-0.001592,0.27028061008180065,0.21623311822705843,1.2443908527948464,-4.672409709066335,4,9,0.0,0.0
54.0,78.0,1.9689335287176477,59.999999875388745,11.999999984070046,5.0,30.0,LiCl,4.0,case2,aitken-gpu-fixed-round,monthly,21.104002,33,stalled,731.8,0.10231446271829484,False,-0.001195,0.1906933594511835,0.12111966576623771,1.4045178098532096,-4.621212073832233,4,9,0.0,0.0
54.0,81.0,1.9977403508212155,59.999999999397325,11.999999989575894,5.0,30.0,LiCl,4.0,case2,aitken-gpu-fixed-round,monthly,21.710478,33,stalled,731.7,0.1059241040913338,False,-0.002493,0.23997726422985768,0.3741296338094043,2.0818414551370217,-3.267447810304628,4,9,0.0,0.0
54.0,120.0,2.064796815784071,59.31651481391033,11.999999939141,5.0,30.0,LiCl,4.0,case2,aitken-gpu-fixed-round,monthly,24.692998,33,stalled,968.0,0.10063133272764276,False,-0.002205,0.23327107261219712,0.37209908950340115,1.9337848141139478,-3.4182181128808917,4,9,0.0,0.0
54.0,123.0,2.043946333781482,59.99999976810419,11.99999999342532,5.0,30.0,LiCl,4.0,case2,aitken-gpu-fixed-round,monthly,23.317620,33,stalled,940.7,0.10506639591390636,False,-0.002857,0.2177054065778253,0.1623423312289367,1.3157749150297908,-4.553078054738957,4,9,0.0,0.0
54.0,126.0,2.039477963801795,59.999999992276706,11.999999840431343,5.0,30.0,LiCl,4.0,case2,aitken-gpu-fixed-round,monthly,24.810283,33,stalled,911.0,0.09927973679701807,False,-0.001410,0.24347463990066015,0.20991769764754878,1.4414519022770684,-4.541060755218584,4,9,0.0,0.0
54.0,129.0,1.8171853389475043,59.99999931412543,11.999999961626997,5.0,30.0,LiCl,4.0,case2,aitken-gpu-fixed-round,monthly,23.598422,33,stalled,961.1,0.11771567646795245,False,-0.001532,0.18594692195386897,0.11204426351914772,1.352520070463616,-4.85214836876688,4,9,0.0,0.0
54.0,132.0,1.7042680787711646,59.99999939264872,11.999999512790065,5.0,30.0,LiCl,4.0,case2,aitken-gpu-fixed-round,monthly,24.948679,33,stalled,892.0,0.1400367319895151,False,-0.003188,0.16231828420909514,0.4023729326287063,2.3266585248467915,-2.7222795907960684,4,9,0.0,0.0
54.0,135.0,1.58414141194863,59.999999942569296,11.999999990665124,5.0,30.0,LiCl,4.0,case2,aitken-gpu-fixed-round,monthly,30.032734,33,stalled,1005.1,0.14934540835193572,False,-0.003146,0.16967160366228645,0.12172100781221416,1.5255684872810602,-4.1863617887317535,4,9,0.0,0.0
54.0,156.0,1.3133312439044036,60.0,12.0,5.0,30.0,LiCl,4.0,case2,aitken-gpu-fixed-round,monthly,24.717650,33,stalled,814.2,0.1772126608364886,False,-0.002448,0.25677868172267093,0.09275019654880041,2.2455636277572517,-2.4184548014456,3,9,0.0,0.0
54.0,159.0,1.5125120983849492,59.99999971596168,11.999999975249514,5.0,30.0,LiCl,4.0,case2,aitken-gpu-fixed-round,monthly,24.866147,33,stalled,826.7,0.15794346944623075,False,-0.002765,0.2180975030469974,0.8757424200527045,2.670748313571037,-1.193047602379977,3,9,0.0,0.0
57.0,-132.0,1.5880595502432167,59.999999963344294,11.999999842512631,5.0,30.0,LiCl,4.0,case2,aitken-gpu-fixed-round,monthly,30.787142,33,stalled,1005.8,0.13838172568909862,False,-0.002297,0.3205569812961161,-0.003510649232425559,1.714827243123824,-3.2205440090978295,4,9,0.0,0.0
57.0,-129.0,1.4463584590327083,59.06587341332302,9.970163871494666,5.0,30.0,LiCl,4.0,case2,aitken-gpu-fixed-round,monthly,32.259899,33,stalled,995.7,0.15300327619306228,False,-0.000294,0.46018930670834435,-0.1853627477523189,1.795951129995478,-3.3723262250217325,4,9,0.0,0.0
57.0,-126.0,1.5680425138855996,59.99999976334454,11.99999940888729,5.0,30.0,LiCl,4.0,case2,aitken-gpu-fixed-round,monthly,31.975017,33,stalled,1020.8,0.15254652904241872,False,-0.003900,0.666780786025763,-0.14033599274577002,2.222661284720592,-2.415178836187065,2,9,0.0,0.0
57.0,-123.0,1.7782367339743772,59.99999990952255,11.999999969713196,5.0,30.0,LiCl,4.0,case2,aitken-gpu-fixed-round,monthly,26.235780,33,stalled,803.8,0.1219812415633501,False,-0.001546,0.3941005954116874,0.1430535636739978,1.8898466860254342,-2.832078368642681,4,9,0.0,0.0
57.0,-120.0,1.930924767624932,59.99999974928628,11.708296791779484,5.0,30.0,LiCl,4.0,case2,aitken-gpu-fixed-round,monthly,25.441209,33,stalled,982.4,0.11728857568730938,False,-0.003246,0.3898070817269679,0.10307484361575778,1.8161428854426573,-3.5291180124079986,3,9,0.0,0.0
57.0,-117.0,1.8902498392516656,59.99999998350361,11.999999973970855,5.0,30.0,LiCl,4.0,case2,aitken-gpu-fixed-round,monthly,25.031398,33,stalled,1014.2,0.11628108215516611,False,-0.002069,0.3288148502104177,0.16280506374622747,1.511374832214869,-4.20688831859667,3,9,0.0,0.0
57.0,-114.0,1.7854131298039608,59.999999325457935,11.999999897904598,5.0,30.0,LiCl,4.0,case2,aitken-gpu-fixed-round,monthly,25.481934,33,stalled,885.7,0.12577547725864577,False,-0.002174,0.27691460183424493,0.16931641080333062,1.4418841874510995,-4.321258373068709,4,9,0.0,0.0
57.0,-111.0,1.8040500175413852,59.99999999361391,11.999999998251102,5.0,30.0,LiCl,4.0,case2,aitken-gpu-fixed-round,monthly,26.023411,33,stalled,870.0,0.1276425161082448,False,-0.002693,0.28693558335390257,0.059691783152698914,1.6980709094194322,-4.025479526377083,4,9,0.0,0.0
57.0,-108.0,1.7465361817662408,59.99999880614917,11.999999983154776,5.0,30.0,LiCl,4.0,case2,aitken-gpu-fixed-round,monthly,25.549971,33,stalled,834.0,0.13214034731934962,False,-0.002668,0.5345355005717537,-0.22656793753729906,2.8003212619524818,-0.5334230096941321,2,9,0.0,0.0
57.0,-105.0,1.6938970821965453,60.0,12.0,5.0,30.0,LiCl,4.0,case2,aitken-gpu-fixed-round,monthly,26.656218,33,stalled,852.5,0.13674202570520191,False,-0.002612,0.3443395987096824,-0.0017210834523967262,1.704097912080042,-3.8251894827233253,4,9,0.0,0.0
57.0,-102.0,1.7219076390510946,59.99999956780302,11.999999995415582,5.0,30.0,LiCl,4.0,case2,aitken-gpu-fixed-round,monthly,25.749438,33,stalled,857.3,0.13627331199781223,False,-0.003151,0.2732041116685139,0.0439892436877607,1.886799725142926,-3.75394222905113,3,9,0.0,0.0
57.0,-99.0,1.6962143594218826,59.99999962658315,11.999999993093734,5.0,30.0,LiCl,4.0,case2,aitken-gpu-fixed-round,monthly,26.797971,33,stalled,1005.0,0.13897342679082733,False,-0.002917,0.2910661966106061,-0.10241794280332861,1.753716014411888,-3.9943817941024027,3,9,0.0,0.0
57.0,-96.0,1.782771478356779,59.99999999984608,11.999999981765773,5.0,30.0,LiCl,4.0,case2,aitken-gpu-fixed-round,monthly,27.609681,33,stalled,1046.0,0.14437273621382823,False,-0.001767,0.3598112118213661,0.15265758540572388,2.2290212984407347,-2.5719790522107635,3,9,0.0,0.0
57.0,-93.0,1.6356751731653245,59.999999944318176,11.999999947767993,5.0,30.0,LiCl,4.0,case2,aitken-gpu-fixed-round,monthly,27.661569,33,stalled,1024.5,0.13962586287178058,False,-0.001554,0.528307286285634,0.1777893486241434,2.761343942414147,-0.6703705739450014,2,9,0.0,0.0
57.0,36.0,1.7519061710508355,59.99999993579038,11.999999993923451,5.0,30.0,LiCl,4.0,case2,aitken-gpu-fixed-round,monthly,21.252943,33,stalled,871.6,0.12762470222895084,False,-0.002282,0.1827160207135807,0.3171619872811552,1.6105777483948713,-3.9189187437157034,4,9,0.0,0.0
57.0,39.0,1.7870223189957708,59.999999908295074,11.999999990819562,5.0,30.0,LiCl,4.0,case2,aitken-gpu-fixed-round,monthly,21.614570,33,stalled,858.5,0.12589197373730152,False,-0.002279,0.3041548840974189,-0.18837756281741574,1.9081568471167758,-3.0367533550904744,4,9,0.0,0.0
57.0,42.0,1.76923732473266,59.99999981193521,11.999999941842589,5.0,30.0,LiCl,4.0,case2,aitken-gpu-fixed-round,monthly,21.875060,33,stalled,842.5,0.12595607695666922,False,-0.002024,0.3769223825310046,-0.22190714929643165,2.383644515502663,-2.0220548692108977,2,9,0.0,0.0
57.0,45.0,1.9141097440520023,59.99999960185517,11.99999998536903,5.0,30.0,LiCl,4.0,case2,aitken-gpu-fixed-round,monthly,22.847095,33,stalled,901.9,0.11509262208230155,False,-0.002518,0.29425038128610037,0.1290466655822897,2.03110424345036,-3.3764661568827266,3,9,0.0,0.0
57.0,48.0,1.8984274054830326,59.87886869849207,11.999999992159982,5.0,30.0,LiCl,4.0,case2,aitken-gpu-fixed-round,monthly,22.881595,33,stalled,936.6,0.11213952975987114,False,-0.001818,0.26314981914371466,-0.1668511844309812,1.7138409220729662,-3.91912478592278,3,9,0.0,0.0
57.0,51.0,1.818782878640207,59.99999991365214,11.999999856238686,5.0,30.0,LiCl,4.0,case2,aitken-gpu-fixed-round,monthly,23.890640,33,stalled,989.3,0.11897713666532293,False,-0.001624,0.368131025865518,0.13060064848953476,1.6694234584996914,-3.5090524639141627,4,9,0.0,0.0
57.0,54.0,1.7821953561246586,59.999998242274,11.99999999691311,5.0,30.0,LiCl,4.0,case2,aitken-gpu-fixed-round,monthly,23.765902,33,stalled,959.6,0.12923328325378408,False,-0.002977,0.28510172304948705,-0.3488565437703844,1.8009735173146602,-3.5672339856812614,3,9,0.0,0.0
57.0,57.0,1.6918452825065744,59.9999999340666,11.999999990299711,5.0,30.0,LiCl,4.0,case2,aitken-gpu-fixed-round,monthly,24.170140,33,stalled,964.6,0.1391583999902809,False,-0.003200,0.31220212277747766,0.3794777764287811,2.0170362385478637,-3.0277262523025823,4,9,0.0,0.0
57.0,60.0,1.6675877069644773,59.9999994173501,11.999999847152642,5.0,30.0,LiCl,4.0,case2,aitken-gpu-fixed-round,monthly,25.270280,33,stalled,973.9,0.143205450949488,False,-0.003422,0.3087671310614574,-0.044063845639565655,2.7585074310716275,-1.197761760029469,4,9,0.0,0.0
57.0,63.0,1.833309818633693,59.99999996927839,11.999999933888384,5.0,30.0,LiCl,4.0,case2,aitken-gpu-fixed-round,monthly,23.766152,33,stalled,988.3,0.11964247930704712,False,-0.002046,0.22695631787652684,0.027718171731188148,1.5849445491676377,-4.424384120590427,3,9,0.0,0.0
57.0,66.0,1.809598153305043,59.999999989069266,11.99999997366764,5.0,30.0,LiCl,4.0,case2,aitken-gpu-fixed-round,monthly,23.958931,33,stalled,992.7,0.12414374951139695,False,-0.002481,0.24872668250664193,0.022369990437965427,2.58443714313782,-2.1666294569692752,3,9,0.0,0.0
57.0,69.0,1.8245973603293908,60.0,12.0,5.0,30.0,LiCl,4.0,case2,aitken-gpu-fixed-round,monthly,24.141152,33,stalled,819.7,0.12754552521327692,False,-0.003476,0.22335722089937823,0.2788610048419073,1.5230075557504832,-4.8437520775386576,4,9,0.0,0.0
57.0,72.0,1.7375811754625727,59.999999772884934,11.99999993849387,5.0,30.0,LiCl,4.0,case2,aitken-gpu-fixed-round,monthly,24.419384,33,stalled,881.4,0.13248550555735183,False,-0.002670,0.18253582267317406,0.050001346735690094,1.390026823316202,-4.743184261942707,4,9,0.0,0.0
57.0,75.0,1.7368586868224627,60.0,12.0,5.0,30.0,LiCl,4.0,case2,aitken-gpu-fixed-round,monthly,24.745473,33,stalled,917.1,0.13444434826305518,False,-0.002911,0.17707695893589095,0.27035831217104617,1.6491378335569913,-4.1000743106959465,4,9,0.0,0.0
57.0,78.0,1.7758807659617204,59.99999999771482,11.99999991836896,5.0,30.0,LiCl,4.0,case2,aitken-gpu-fixed-round,monthly,24.995592,33,stalled,861.6,0.12851335195645888,False,-0.002634,0.2622159412931309,0.15001746107838615,1.4902068405167812,-4.476075170257662,4,9,0.0,0.0
57.0,81.0,1.8037061327904917,59.999999736564,11.99999999868772,5.0,30.0,LiCl,4.0,case2,aitken-gpu-fixed-round,monthly,24.376841,33,stalled,890.3,0.1207284384510454,False,-0.002139,0.3065270228773295,0.1969549261178074,1.7607491099480113,-3.5349681208674144,4,9,0.0,0.0
57.0,84.0,1.8272071258564837,59.9999984507656,11.999999958320112,5.0,30.0,LiCl,4.0,case2,aitken-gpu-fixed-round,monthly,23.924872,33,stalled,872.2,0.11681925231330685,False,-0.001727,0.2208281178918755,0.38741583404192576,1.8666106971744159,-3.815195180184436,4,9,0.0,0.0
57.0,87.0,1.7065056742340723,59.99999827588177,11.999999961643223,5.0,30.0,LiCl,4.0,case2,aitken-gpu-fixed-round,monthly,24.543741,33,stalled,846.1,0.12935026451757003,False,-0.001603,0.2586198277368761,0.391441870733298,2.1616429759744342,-3.0070522888960975,4,9,0.0,0.0
57.0,90.0,1.6601146129792388,59.99999929027177,11.999999980349806,5.0,30.0,LiCl,4.0,case2,aitken-gpu-fixed-round,monthly,25.188505,33,stalled,844.4,0.12833128727916515,False,-0.000483,0.4061233648731586,0.02630317974838217,2.371401688845396,-1.8411470457133334,3,9,0.0,0.0
57.0,93.0,1.8098159026977942,59.99999941920167,11.999999995161476,5.0,30.0,LiCl,4.0,case2,aitken-gpu-fixed-round,monthly,25.614635,33,stalled,880.7,0.12053703463363036,False,-0.001883,0.30932218552471274,0.18495305054679526,1.9235445419607777,-3.0342785819792137,3,9,0.0,0.0
57.0,96.0,1.8046397126893876,59.99999990589598,11.999999968250442,5.0,30.0,LiCl,4.0,case2,aitken-gpu-fixed-round,monthly,25.248202,33,stalled,883.0,0.12309714171629725,False,-0.002228,0.25735974636273445,-0.0861709572312757,1.3942962581201535,-4.234244053173153,4,9,0.0,0.0
57.0,99.0,1.694386345144359,59.999999714799706,11.999999996191939,5.0,30.0,LiCl,4.0,case2,aitken-gpu-fixed-round,monthly,26.155906,33,stalled,873.9,0.12937622452361128,False,-0.000993,0.24875559622603036,0.5031337687687042,3.0281472024657647,-0.554968109574395,4,9,0.0,0.0
57.0,102.0,1.915457528960524,59.99999850783591,11.999999995487615,5.0,30.0,LiCl,4.0,case2,aitken-gpu-fixed-round,monthly,25.598367,33,stalled,861.8,0.1126652033215067,False,-0.002158,0.2726964421083562,0.16230726792180475,1.714973945511914,-3.8560444171781167,3,9,0.0,0.0
57.0,162.0,1.5536617657401628,59.99999902146655,11.999999831455398,5.0,30.0,LiCl,4.0,case2,aitken-gpu-fixed-round,monthly,27.763370,33,stalled,907.6,0.15005091222374392,False,-0.002698,0.1721369725977217,-0.10088432752104563,1.4042227588963523,-4.005113049205866,4,9,0.0,0.0
60.0,-162.0,1.0,43.152172667935886,12.0,5.0,30.0,LiCl,4.0,case2,aitken-gpu-fixed-round,monthly,34.646703,33,stalled,801.1,0.1912475299972661,False,0.004496,1.3003623828632607,0.5112893442236066,2.937191294395794,0.5339393324429413,1,9,0.0,0.0
60.0,-159.0,1.266978148623652,60.0,8.55766350880499,5.0,30.0,LiCl,4.0,case2,aitken-gpu-fixed-round,monthly,36.408353,33,stalled,943.9,0.19225372266111107,False,-0.004713,1.4094056976044465,0.06494821449669312,2.6749582156103116,-1.2987270566826354,4,9,0.0,0.0
60.0,-156.0,1.4463584590327083,59.06587341332302,9.970163871494666,5.0,30.0,LiCl,4.0,case2,aitken-gpu-fixed-round,monthly,33.859676,33,stalled,789.9,0.1816077569974905,False,-0.000302,0.46723823373165657,-0.10859972766017575,2.4317330391956697,-1.6223853867644804,2,9,0.0,0.0
60.0,-153.0,1.4463584590327083,59.06587341332302,9.970163871494666,5.0,30.0,LiCl,4.0,case2,aitken-gpu-fixed-round,monthly,34.353424,33,stalled,988.7,0.16674542970685052,False,-0.004266,0.3504974191761552,-0.023874907697885087,1.8156275798342454,-3.069870041898014,3,9,0.0,0.0
60.0,-150.0,1.4463584590327083,59.06587341332302,9.970163871494666,5.0,30.0,LiCl,4.0,case2,aitken-gpu-fixed-round,monthly,33.079985,33,stalled,746.3,0.16593680899356197,False,-0.001952,0.26810256194161847,0.19937708651956457,1.9255765132584466,-2.996243516045446,3,9,0.0,0.0
60.0,-141.0,1.4463584590327083,59.06587341332302,9.970163871494666,5.0,30.0,LiCl,4.0,case2,aitken-gpu-fixed-round,monthly,30.474761,33,stalled,1215.3,0.1623410459282615,False,-0.003016,0.19045466715406886,0.5796559619538257,2.1632357846260137,-2.6016656741380677,4,9,0.0,0.0
60.0,-138.0,1.1626316380006982,59.99999990853619,11.999999329369327,5.0,30.0,LiCl,4.0,case2,aitken-gpu-fixed-round,monthly,37.011403,33,stalled,1387.4,0.17536812229387783,False,0.001881,0.4363974630800613,0.049178842134606944,2.7603568081124705,-1.295800472924729,2,9,0.0,0.0
60.0,-135.0,1.5247080943261704,57.203437723091014,11.999999684414911,5.0,30.0,LiCl,4.0,case2,aitken-gpu-fixed-round,monthly,29.455120,33,stalled,859.7,0.15633067251036956,False,-0.003562,0.274830755036866,0.6199772597496175,1.906882765180735,-3.117180549428004,3,9,0.0,0.0
60.0,-132.0,1.551741316848905,59.99999940289365,11.999999650690851,5.0,30.0,LiCl,4.0,case2,aitken-gpu-fixed-round,monthly,32.579882,33,stalled,1096.1,0.15944466583904573,False,-0.004399,0.371059760897317,0.07366986309346288,1.9360319509933732,-2.925898280685198,3,9,0.0,0.0
60.0,-129.0,1.7211356288321964,59.99999996425287,11.99999999197403,5.0,30.0,LiCl,4.0,case2,aitken-gpu-fixed-round,monthly,31.850195,39,stalled,1313.1,0.1375476967561684,False,-0.002643,0.3357499285504247,0.3542671732150713,1.5929751073029872,-4.4224336157406166,4,15,0.0,0.0
60.0,-126.0,1.7121412692537248,59.999999817460115,11.99999999579416,5.0,30.0,LiCl,4.0,case2,aitken-gpu-fixed-round,monthly,30.535290,33,stalled,995.6,0.13284658402758578,False,-0.002168,0.36330105397204243,-0.03407360153787348,1.6788127340025418,-3.989502320624938,4,9,0.0,0.0
60.0,-123.0,2.005430962754563,59.99999961742551,11.9999999956875,5.0,30.0,LiCl,4.0,case2,aitken-gpu-fixed-round,monthly,27.288456,33,stalled,839.7,0.10930094198031319,False,-0.002778,0.2989517803686856,0.3227352470837925,1.9621834026642015,-3.5010397336947188,4,9,0.0,0.0
60.0,-120.0,1.8538812196487822,59.999998768572596,11.999999960826644,5.0,30.0,LiCl,4.0,case2,aitken-gpu-fixed-round,monthly,28.414292,33,stalled,874.1,0.12020028925194672,False,-0.002250,0.34429342581623923,0.1718457648562815,1.7872230657328325,-3.974871657845055,4,9,0.0,0.0
60.0,-117.0,1.8532754894197823,60.0,12.0,5.0,30.0,LiCl,4.0,case2,aitken-gpu-fixed-round,monthly,27.575918,33,stalled,836.6,0.12056437772469934,False,-0.002472,0.4196789303307835,0.10755445958583643,2.183695733987306,-2.3421389881921195,3,9,0.0,0.0
60.0,-114.0,1.7835206202733218,60.0,12.0,5.0,30.0,LiCl,4.0,case2,aitken-gpu-fixed-round,monthly,27.727474,33,stalled,820.6,0.12462643317883597,False,-0.001556,0.3771707582471712,0.023230667308223703,1.9408740792263446,-2.56240860912729,3,9,0.0,0.0
60.0,-111.0,1.7324068669196477,59.99999995427288,11.99999989319719,5.0,30.0,LiCl,4.0,case2,aitken-gpu-fixed-round,monthly,27.791067,36,stalled,1117.2,0.13241869159936803,False,-0.002238,0.43641773225821034,-0.06482150382767604,2.341806760136121,-2.725638438159757,4,12,0.0,0.0
60.0,-108.0,1.6901927021912588,59.99999942436732,9.010948729213325,5.0,30.0,LiCl,4.0,case2,aitken-gpu-fixed-round,monthly,30.684535,33,stalled,955.4,0.14282012499139501,False,-0.003166,0.32778754088263606,0.19258832718597402,1.9115601782414722,-2.9206134081558526,2,9,0.0,0.0
60.0,-105.0,1.4463584590327083,59.06587341332302,9.970163871494666,5.0,30.0,LiCl,4.0,case2,aitken-gpu-fixed-round,monthly,31.229295,33,stalled,1051.7,0.15508574995685906,False,-0.000128,1.5507118090951886,0.37483084150302654,8.64878604965361,33.31602286871456,2,9,0.0,0.0
60.0,-102.0,1.4463584590327083,59.06587341332302,9.970163871494666,5.0,30.0,LiCl,4.0,case2,aitken-gpu-fixed-round,monthly,33.279490,33,stalled,1052.2,0.1521386240806226,False,0.001085,1.7840918412607638,0.751497755500558,10.088818176939649,47.02302169981028,2,9,0.0,0.0
60.0,48.0,1.7684236914433755,59.99999877805079,11.999999307892937,5.0,30.0,LiCl,4.0,case2,aitken-gpu-fixed-round,monthly,27.483810,33,stalled,920.4,0.14137745236501692,False,-0.000620,0.4636732332189813,-0.010283473304309138,2.5229152823492274,-1.2086548507335881,3,9,0.0,0.0
60.0,51.0,1.580707811894363,59.999999668724016,11.99999981370644,5.0,30.0,LiCl,4.0,case2,aitken-gpu-fixed-round,monthly,28.295302,33,stalled,941.8,0.14230873718744774,False,-0.001823,0.5034245692841626,0.7744605896370858,3.4751058282356517,1.7370298309043188,2,9,0.0,0.0
60.0,54.0,1.5335619063289707,59.999999962285386,11.999999969742888,5.0,30.0,LiCl,4.0,case2,aitken-gpu-fixed-round,monthly,28.828017,33,stalled,988.6,0.1484906366981667,False,-0.002116,0.3971521417000162,0.23625933059973825,2.3116177791643007,-2.162237443258343,3,9,0.0,0.0
60.0,57.0,1.5982530563518849,59.99999997439114,11.99999995864866,5.0,30.0,LiCl,4.0,case2,aitken-gpu-fixed-round,monthly,28.987774,33,stalled,981.5,0.14152805878965752,False,-0.002254,0.5307557370738994,0.2352486137872064,2.9210251163674696,-0.22405455702213306,2,9,0.0,0.0
60.0,60.0,1.6038761545989497,59.9999999971003,11.42234897341797,5.0,30.0,LiCl,4.0,case2,aitken-gpu-fixed-round,monthly,29.118036,33,stalled,881.0,0.14345357249421237,False,-0.002330,0.3377306970486189,0.7130894168422409,2.4990184691965847,-1.935178785538839,2,9,0.0,0.0
60.0,63.0,1.5533849924713703,59.99999959999261,11.999999970675699,5.0,30.0,LiCl,4.0,case2,aitken-gpu-fixed-round,monthly,26.747787,33,stalled,818.3,0.1379552359244271,False,-0.000060,0.5630857985394075,0.046350693541100746,2.4989681948906552,-1.077039092700287,2,9,0.0,0.0
60.0,66.0,1.69546242756677,60.0,12.0,5.0,30.0,LiCl,4.0,case2,aitken-gpu-fixed-round,monthly,27.593381,39,stalled,1266.2,0.13379836982770008,False,-0.002214,0.5795341471726586,0.2830048346976846,3.3080517371494444,0.6562440657570763,4,15,0.0,0.0
60.0,69.0,1.603066679022865,59.9999999151446,11.999999972248988,5.0,30.0,LiCl,4.0,case2,aitken-gpu-fixed-round,monthly,27.244849,33,stalled,903.5,0.14244384111627478,False,-0.002049,0.345776115826636,-0.05243871857728729,1.8221123419471137,-3.2714465260258465,3,9,0.0,0.0
60.0,72.0,1.546513881701849,60.0,12.0,5.0,30.0,LiCl,4.0,case2,aitken-gpu-fixed-round,monthly,29.100015,33,stalled,1002.1,0.1448667587832384,False,-0.001525,0.512064126504454,0.025533724871298697,3.159852331145632,0.3163349291702433,2,9,0.0,0.0
60.0,75.0,1.5825459678730225,60.0,12.0,5.0,30.0,LiCl,4.0,case2,aitken-gpu-fixed-round,monthly,29.862315,33,stalled,1009.1,0.1427075425949901,False,-0.002202,0.37798901827599984,0.23886688070857812,2.1006305623376753,-2.440558030833386,2,9,0.0,0.0
60.0,78.0,1.6993324482584211,51.61409826608192,11.999999918527248,5.0,30.0,LiCl,4.0,case2,aitken-gpu-fixed-round,monthly,30.491853,33,stalled,1041.4,0.14024047758749186,False,-0.004003,0.2999837315080344,-0.07870918208701927,1.5331533343870298,-3.922383764250863,3,9,0.0,0.0
60.0,81.0,1.6972171930361928,59.99999997422785,11.036046189932577,5.0,30.0,LiCl,4.0,case2,aitken-gpu-fixed-round,monthly,30.241003,33,stalled,1030.6,0.14107681825335378,False,-0.003630,0.56530080294691,0.20766649225095393,1.9374772004406828,-3.023974179580119,4,9,0.0,0.0
60.0,84.0,1.5760385182290848,60.0,12.0,5.0,30.0,LiCl,4.0,case2,aitken-gpu-fixed-round,monthly,30.485588,33,stalled,1046.9,0.14061997948339716,False,-0.001215,0.36777360114171576,0.08715604473178387,2.457962398273488,-1.734542243437259,3,9,0.0,0.0
60.0,87.0,1.7375494308543913,60.0,12.0,5.0,30.0,LiCl,4.0,case2,aitken-gpu-fixed-round,monthly,29.780848,33,stalled,1006.9,0.13700134192451183,False,-0.003957,0.2928095428259192,0.4507747049316809,2.7392197256582334,-1.2090944453729744,3,9,0.0,0.0
60.0,90.0,1.7827645467701494,60.0,12.0,5.0,30.0,LiCl,4.0,case2,aitken-gpu-fixed-round,monthly,30.069566,33,stalled,1043.6,0.12262423652229824,False,-0.002059,0.2936780563065254,0.4548454178572231,2.138143310566773,-3.0200659748726797,4,9,0.0,0.0
60.0,93.0,1.7089417064209589,60.0,12.0,5.0,30.0,LiCl,4.0,case2,aitken-gpu-fixed-round,monthly,32.696081,39,stalled,1632.0,0.13018371560894917,False,-0.002288,1.0765448982180605,0.40237564689872307,2.8590637859102,-0.6472854239474577,5,15,0.0,0.0
60.0,96.0,1.7373939188155483,59.999999753239024,11.999999967971473,5.0,30.0,LiCl,4.0,case2,aitken-gpu-fixed-round,monthly,32.484684,33,stalled,1080.3,0.12881175621047666,False,-0.002148,0.2800947699127764,0.07332586000686603,1.5117060367802775,-4.50289440951164,4,9,0.0,0.0
60.0,99.0,1.8219738766446256,60.0,9.922329831062946,5.0,30.0,LiCl,4.0,case2,aitken-gpu-fixed-round,monthly,30.811203,33,stalled,1013.9,0.1270344422931468,False,-0.002722,0.6319478937312533,0.27791362256314345,2.4908843906072695,-1.8564791119550903,3,9,0.0,0.0
60.0,102.0,1.9190439495422553,59.999999768341375,11.99999991090709,5.0,30.0,LiCl,4.0,case2,aitken-gpu-fixed-round,monthly,30.460131,33,stalled,1058.2,0.11885722134495258,False,-0.003243,0.581336472807779,-0.029396134925156223,2.2528906380227953,-2.129416462882859,2,9,0.0,0.0
60.0,162.0,1.4463584590327083,59.06587341332302,9.970163871494666,5.0,30.0,LiCl,4.0,case2,aitken-gpu-fixed-round,monthly,32.277159,33,stalled,968.6,0.1512273714108083,False,-0.000789,0.9012309204470844,-0.002795670741679552,5.845902127182059,12.533729440146278,2,9,0.0,0.0
60.0,165.0,1.4195824290662535,60.0,12.0,5.0,30.0,LiCl,4.0,case2,aitken-gpu-fixed-round,monthly,32.248791,33,stalled,917.0,0.16373823927019532,False,-0.002334,2.162745648108091,0.9093051932708205,12.055229849968633,68.85020562506465,2,9,0.0,0.0
63.0,-162.0,1.000000031457085,59.99999926830335,11.999987712952002,5.0,30.0,LiCl,4.0,case2,aitken-gpu-fixed-round,monthly,42.307613,33,stalled,830.8,0.18803432236093662,False,0.002699,2.749286643343662,0.6607146955418806,6.7145412374464035,18.68779021235655,3,9,0.0,0.0
63.0,-159.0,1.4463584590327083,59.06587341332302,9.970163871494666,5.0,30.0,LiCl,4.0,case2,aitken-gpu-fixed-round,monthly,38.790142,33,stalled,977.8,0.17234563668039662,False,-0.005183,2.6489822591049053,1.4182844032718491,11.330758061469247,61.37157025379187,2,9,0.0,0.0
63.0,-156.0,1.4372790650831275,60.0,12.0,5.0,30.0,LiCl,4.0,case2,aitken-gpu-fixed-round,monthly,38.603625,33,stalled,1019.2,0.1759310889895802,False,-0.003256,0.43375078244431636,0.21386262713558607,2.56004550570861,-1.6306250767813184,2,9,0.0,0.0
63.0,-153.0,1.4463584590327083,59.06587341332302,9.970163871494666,5.0,30.0,LiCl,4.0,case2,aitken-gpu-fixed-round,monthly,42.733989,33,stalled,604.4,0.16611164927205713,False,-0.002999,1.6242962858412886,0.06531973386177682,4.882598901318372,8.013343295667706,2,9,0.0,0.0
63.0,-150.0,1.4463584590327083,59.06587341332302,9.970163871494666,5.0,30.0,LiCl,4.0,case2,aitken-gpu-fixed-round,monthly,41.852661,33,stalled,1023.9,0.17355706144663263,False,-0.005184,0.5116958787355683,0.11334998176600332,2.0936703017947953,-2.7018512886611736,3,9,0.0,0.0
63.0,-147.0,1.375828563180522,59.99999999756221,11.999999990433215,5.0,30.0,LiCl,4.0,case2,aitken-gpu-fixed-round,monthly,42.605838,33,stalled,936.8,0.17186849184273215,False,-0.002783,0.4566137852115576,0.20293530872134755,1.9530315878419022,-3.218790955167643,4,9,0.0,0.0
63.0,-144.0,1.4463584590327083,59.06587341332302,9.970163871494666,5.0,30.0,LiCl,4.0,case2,aitken-gpu-fixed-round,monthly,41.160523,33,stalled,827.7,0.17791204751866424,False,-0.004530,0.48247229707281286,0.3230749147443252,1.8906376488040328,-2.4979678292649012,1,9,0.0,0.0
63.0,-141.0,1.4463584590327083,59.06587341332302,9.970163871494666,5.0,30.0,LiCl,4.0,case2,aitken-gpu-fixed-round,monthly,37.739670,33,stalled,679.1,0.1596152883508273,False,-0.000489,1.5821835674206157,0.18270924938399,6.1993013875379255,15.044248144214958,2,9,0.0,0.0
63.0,-48.0,1.0000000050911162,59.99999940060553,11.99999958532075,5.0,30.0,LiCl,4.0,case2,aitken-gpu-fixed-round,monthly,60.000398,39,stalled,964.0,0.21031435166081872,False,-0.000186,2.0324072980010692,0.2933970602915792,4.868940637355386,6.501595608002561,4,15,0.0,0.0
63.0,-45.0,1.0,60.0,11.96831038335903,5.0,30.0,LiCl,4.0,case2,aitken-gpu-fixed-round,monthly,73.303735,36,stalled,1020.1,0.23604305852357022,False,-0.000126,0.285482081659349,0.17426092496948883,1.878877732628659,-4.527982501130703,3,12,0.0,0.0
63.0,9.0,1.4463584590327083,59.06587341332302,9.970163871494666,5.0,30.0,LiCl,4.0,case2,aitken-gpu-fixed-round,monthly,29.941299,33,stalled,1053.1,0.16069814050815023,False,-0.002096,1.3570071163518114,0.06975778756183969,6.46600016736132,16.712113881881212,2,9,0.0,0.0
63.0,12.0,1.4463584590327083,59.06587341332302,9.970163871494666,5.0,30.0,LiCl,4.0,case2,aitken-gpu-fixed-round,monthly,34.023483,33,stalled,686.5,0.17169547416514,False,-0.005412,1.318084387581398,-0.2444682754928844,4.2833254715159335,5.175968258109377,2,9,0.0,0.0
63.0,15.0,1.4463584590327083,59.06587341332302,9.970163871494666,5.0,30.0,LiCl,4.0,case2,aitken-gpu-fixed-round,monthly,30.956830,33,stalled,762.0,0.1617573911607715,False,-0.003103,1.9078671142453578,1.2403661857312664,5.2738820857656465,10.90644859372264,2,9,0.0,0.0
63.0,18.0,1.4476990983569313,60.0,10.909887083998466,5.0,30.0,LiCl,4.0,case2,aitken-gpu-fixed-round,monthly,29.691380,33,stalled,934.1,0.15961096612992984,False,-0.002330,1.3551314584413112,0.7907823144780265,4.097415823785458,3.9217579215312175,4,9,0.0,0.0
63.0,24.0,1.4463584590327083,59.06587341332302,9.970163871494666,5.0,30.0,LiCl,4.0,case2,aitken-gpu-fixed-round,monthly,31.547996,33,stalled,1051.6,0.1708650339848153,False,-0.005392,1.838626131982373,-0.08423992130111102,4.465329026596234,6.033981949677358,1,9,0.0,0.0
63.0,27.0,1.4463584590327083,59.06587341332302,9.970163871494666,5.0,30.0,LiCl,4.0,case2,aitken-gpu-fixed-round,monthly,30.627194,33,stalled,1011.6,0.1481590038608653,False,0.000091,1.0172701478615407,0.6110174454742315,5.051207901438069,8.828232548400127,2,9,0.0,0.0
63.0,30.0,1.56608153423401,59.99999995631658,9.606347994764628,5.0,30.0,LiCl,4.0,case2,aitken-gpu-fixed-round,monthly,30.431867,33,stalled,1038.4,0.14741827238203148,False,-0.001611,0.9105939236964857,0.7473773403511142,2.3093331597797215,-1.759025851656861,2,9,0.0,0.0
66.0,-165.0,1.0,41.439754172237805,12.0,5.0,30.0,LiCl,4.0,case2,aitken-gpu-fixed-round,monthly,55.417839,36,stalled,1436.8,0.21266824255127822,False,-0.000427,5.727827303320364,-0.4334295596958772,2.329648169282781,-1.0746657261322854,4,12,0.0,0.0
66.0,18.0,1.0,50.62852676273527,12.0,5.0,30.0,LiCl,4.0,case2,aitken-gpu-fixed-round,monthly,41.273987,33,stalled,1037.8,0.19411737036644072,False,0.003329,0.8883954432620155,0.2297452843149794,2.01807421342876,-2.418626962101465,4,9,0.0,0.0
66.0,21.0,1.3685731284243128,60.0,12.0,5.0,30.0,LiCl,4.0,case2,aitken-gpu-fixed-round,monthly,38.783515,33,stalled,1099.9,0.18106853226061195,False,-0.005384,0.7549256176305738,-0.01634879999417962,2.282204182582212,-1.8233146153864062,2,9,0.0,0.0
66.0,24.0,1.4463584590327083,59.06587341332302,9.970163871494666,5.0,30.0,LiCl,4.0,case2,aitken-gpu-fixed-round,monthly,35.515177,33,stalled,663.7,0.17294431284558212,False,-0.005321,1.3676533018785313,0.07768712344424059,5.027811527577681,8.66385953146753,2,9,0.0,0.0
66.0,27.0,1.3903996655627326,59.99999918975066,11.999999920688703,5.0,30.0,LiCl,4.0,case2,aitken-gpu-fixed-round,monthly,40.133432,33,stalled,1082.8,0.18338867389177166,False,-0.005409,0.6417048386374449,-0.023080705979000197,1.2926805011213884,-3.6480519363403268,4,9,0.0,0.0
66.0,30.0,1.4463584590327083,59.06587341332302,9.970163871494666,5.0,30.0,LiCl,4.0,case2,aitken-gpu-fixed-round,monthly,40.702070,33,stalled,915.3,0.1791429613138654,False,-0.004908,0.9421703460036984,-0.11850236856081194,3.158347422045263,0.4399890947849454,1,9,0.0,0.0
69.0,-162.0,1.6570793447515848,59.99999917106924,10.775883997077672,5.0,30.0,LiCl,4.0,case2,aitken-gpu-fixed-round,monthly,54.755618,33,stalled,1033.9,0.15280989201661346,False,-0.004915,2.5575022560265612,0.5853834326635354,6.237994922264641,14.964837354849546,2,9,0.0,0.0
69.0,-159.0,1.5303713029115087,60.0,12.0,5.0,30.0,LiCl,4.0,case2,aitken-gpu-fixed-round,monthly,54.049034,33,stalled,871.2,0.16653352634790633,False,-0.004573,1.74262717195618,0.5234017049641442,5.52287937040414,10.963887758637219,2,9,0.0,0.0
69.0,-156.0,1.5349647371552724,57.5792037958098,11.999999320411428,5.0,30.0,LiCl,4.0,case2,aitken-gpu-fixed-round,monthly,52.094348,33,stalled,882.7,0.16861201712379534,False,-0.004798,0.5063785639715782,0.8345590028267675,2.3173052852581852,-2.325837645894161,1,9,0.0,0.0
69.0,-153.0,1.5464601994816507,59.99999926088346,11.999998827437015,5.0,30.0,LiCl,4.0,case2,aitken-gpu-fixed-round,monthly,51.711288,33,stalled,917.1,0.16802375493867175,False,-0.004912,0.44016674260496813,0.14072100645933242,1.7008218528832812,-3.247877022497551,3,9,0.0,0.0
69.0,-150.0,1.5568551864961933,59.999999919474206,11.999999974652859,5.0,30.0,LiCl,4.0,case2,aitken-gpu-fixed-round,monthly,50.016855,33,stalled,992.3,0.15867947656935666,False,-0.003056,3.3111740024237646,0.16156166368046262,3.4365788677938203,1.0864191200371502,3,9,0.0,0.0
69.0,-147.0,1.7172937939395854,59.999999761875394,11.99999997356285,5.0,30.0,LiCl,4.0,case2,aitken-gpu-fixed-round,monthly,59.086749,33,stalled,1210.2,0.13878269626235612,False,-0.003561,0.3475592928394737,0.06423769342612684,1.4151765506111866,-4.605475569108614,4,9,0.0,0.0
69.0,-144.0,1.6842810098590673,60.0,10.420616446740114,5.0,30.0,LiCl,4.0,case2,aitken-gpu-fixed-round,monthly,44.990026,33,stalled,1176.0,0.1450392509278849,False,-0.004791,1.6523309114461942,1.1949492662297907,8.898776333927586,35.52193042915933,3,9,0.0,0.0
69.0,-141.0,1.8978546656429913,59.99999985228086,11.999999933790372,5.0,30.0,LiCl,4.0,case2,aitken-gpu-fixed-round,monthly,50.566539,33,stalled,1238.5,0.11338652718872164,False,-0.002135,0.34781401626363606,0.42812950530128047,2.7249668015559143,-1.9433912853978959,3,9,0.0,0.0
69.0,-51.0,1.5227723095532637,59.99999923775555,11.999996138525056,5.0,30.0,LiCl,4.0,case2,aitken-gpu-fixed-round,monthly,39.140494,33,stalled,963.4,0.1679209358073738,False,-0.004653,1.5185974794613368,0.9744364390818474,6.3193007964091334,16.2411673129786,2,9,0.0,0.0
69.0,-48.0,1.8378844745162919,59.99999990327806,3.0000002245480903,5.0,30.0,LiCl,4.0,case2,aitken-gpu-fixed-round,monthly,43.388980,33,stalled,1106.3,0.12127592340900951,False,-0.001291,0.22371793048856586,0.01117785275574536,1.7619968536975885,-4.0517898075999215,4,9,0.0,0.0
69.0,-45.0,1.7697067224648995,59.99999997998821,3.0000000071136874,5.0,30.0,LiCl,4.0,case2,aitken-gpu-fixed-round,monthly,52.277990,36,stalled,1277.8,0.1264457672743712,False,-0.002097,0.19792026930739012,0.02429114785415259,1.1100891579437941,-5.450098191655891,4,12,0.0,0.0
69.0,-42.0,1.7020706652382638,59.99999998815822,3.000000002058324,5.0,30.0,LiCl,4.0,case2,aitken-gpu-fixed-round,monthly,59.155136,36,stalled,1269.3,0.13391721564740142,False,-0.002456,0.2533798208567022,0.11925518487260107,1.4188591144361253,-4.726566908254901,3,12,0.0,0.0
69.0,-39.0,1.629592149767192,59.99999999936291,3.000000000734448,5.0,30.0,LiCl,4.0,case2,aitken-gpu-fixed-round,monthly,62.457829,36,stalled,1236.1,0.14440815684644875,False,-0.003198,0.2751176374338339,0.12484543812739846,1.8805877716384736,-3.753694648984633,2,12,0.0,0.0
72.0,-24.0,1.5603779256434416,59.999999938774415,11.999999919400835,5.0,30.0,LiCl,4.0,case2,aitken-gpu-fixed-round,monthly,42.672349,33,stalled,1027.7,0.1573729665560726,False,-0.003235,0.19828902930527273,0.20666083937487337,1.3563663409235807,-4.380848907179889,4,9,0.0,0.0
-24.0,-51.0,2.330288174093813,59.99999966818685,11.999999996515959,5.0,30.0,LiCl,4.0,case2,aitken-gpu-fixed-round,monthly,8.022656,36,stalled,False,-0.002349,639.4,,,,,,,,,
-24.0,-48.0,1.9958837579484532,52.616168780086944,11.414163059164329,5.0,30.0,LiCl,4.0,case2,aitken-gpu-fixed-round,monthly,7.259071,33,stalled,False,-0.004712,464.2,0.1267271634900627,4.851935053649508,3.1739311863605044,24.41249608496534,300.34304480477647,3,9,0.0,0.0
-24.0,15.0,2.603434843443934,59.9999998781387,11.999999980888209,5.0,30.0,LiCl,4.0,case2,aitken-gpu-fixed-round,monthly,9.167417,36,stalled,False,-0.002608,768.1,0.05185780493436304,0.19818500177690482,1.4831156422865637,8.202365981769725,30.44714798140788,4,12,0.0,0.0
-24.0,18.0,2.6117854976130688,59.9999999956813,11.999999746445518,5.0,30.0,LiCl,4.0,case2,aitken-gpu-fixed-round,monthly,15.281481,39,stalled,False,-0.003182,963.8,0.09055561829142862,0.48240793739554905,0.3242425674531005,1.419146247730821,-3.0588903961703933,3,15,0.0,0.0
-24.0,21.0,2.77651194198175,59.99999997285044,11.999999995358554,5.0,30.0,LiCl,4.0,case2,aitken-gpu-fixed-round,monthly,13.055050,36,stalled,False,-0.003292,758.8,0.07661304750679901,0.3081379527025695,0.24273698813052488,1.2455001794382243,-3.6103575377333814,4,12,0.0,0.0
-24.0,24.0,2.42335965571698,59.999999913231875,11.999999915890692,5.0,30.0,LiCl,4.0,case2,aitken-gpu-fixed-round,monthly,12.166757,36,stalled,False,-0.001640,780.7,0.07138380211221441,0.27870614623812945,0.25957724943026284,1.4141979195064016,-3.2735762743396766,4,12,0.0,0.0
-24.0,27.0,2.8887811512864694,59.99999946624927,11.99999999752874,5.0,30.0,LiCl,4.0,case2,aitken-gpu-fixed-round,monthly,11.091996,36,stalled,False,-0.000643,738.6,0.04066320014415747,0.25813861796141957,0.22611797320030286,1.3041394433237192,-3.339325486487626,4,12,0.0,0.0
-24.0,30.0,2.439162493408824,59.99999895820057,11.999999772901068,5.0,30.0,LiCl,4.0,case2,aitken-gpu-fixed-round,monthly,8.672500,36,stalled,False,-0.000528,747.1,0.06342789749768599,0.08630647504095808,0.247678469068834,1.101267040541737,-4.684933156300163,4,12,0.0,0.0
-24.0,33.0,2.4345360131984886,59.999999943218555,11.999999861486746,5.0,30.0,LiCl,4.0,case2,aitken-gpu-fixed-round,monthly,8.152556,36,stalled,False,-0.000361,746.1,0.06122825916271657,0.10064135051172798,0.19070337151663003,1.1664151184632272,-4.273943014635495,4,12,0.0,0.0
-24.0,45.0,2.6611739840738955,59.999999847973776,11.99999998999507,5.0,30.0,LiCl,4.0,case2,aitken-gpu-fixed-round,monthly,7.280452,36,stalled,False,-0.001725,757.9,0.04957622153808939,0.10268073638402501,0.24313502991732605,1.4279249790840798,-3.7315534156964123,4,12,0.0,0.0
-24.0,114.0,3.1221324730523503,60.0,12.0,5.0,30.0,LiCl,4.0,case2,aitken-gpu-fixed-round,monthly,8.604125,36,stalled,False,0.000568,717.9,0.02716929624533152,0.19692629974217216,0.3575415373553347,2.123956262883047,-1.6269532971994005,4,12,0.0,0.0
-24.0,117.0,2.787843118599137,59.99999917043382,11.999999957383974,5.0,30.0,LiCl,4.0,case2,aitken-gpu-fixed-round,monthly,11.612478,36,stalled,False,-0.002262,768.0,0.0649079946461199,0.2862889849232322,0.23733415897721566,1.827315144060065,-2.473189346095581,3,12,0.0,0.0
-24.0,120.0,2.8118592635790076,60.0,12.0,5.0,30.0,LiCl,4.0,case2,aitken-gpu-fixed-round,monthly,11.797299,36,stalled,False,-0.000532,755.6,0.05890940485890237,0.3044171628021064,0.29396122925622314,1.6224117900533872,-2.737711121087464,4,12,0.0,0.0
-24.0,123.0,2.7942583433012214,59.99999969615871,11.999999990565984,5.0,30.0,LiCl,4.0,case2,aitken-gpu-fixed-round,monthly,11.697879,36,stalled,False,-0.000941,765.8,0.05755117859733437,0.2745926827502086,0.19320182635192387,1.5291667163596385,-2.9805694160461362,4,12,0.0,0.0
-24.0,126.0,2.860661672903359,60.0,12.0,5.0,30.0,LiCl,4.0,case2,aitken-gpu-fixed-round,monthly,12.216802,36,stalled,False,-0.000625,758.9,0.06061866364034069,0.3422873488188415,0.47635081708957283,1.8208624854399669,-2.3223820295423594,4,12,0.0,0.0
-24.0,129.0,2.700068543736246,60.0,12.0,5.0,30.0,LiCl,4.0,case2,aitken-gpu-fixed-round,monthly,12.316503,36,stalled,False,-0.000069,735.3,0.05970210380444305,0.33091728928824177,0.42550678685979826,1.6180091319218717,-2.6887549462499987,4,12,0.0,0.0
-24.0,132.0,2.669568577651346,60.0,12.0,5.0,30.0,LiCl,4.0,case2,aitken-gpu-fixed-round,monthly,11.607237,36,stalled,False,-0.000848,638.1,0.0518699639829586,0.2756414515872725,0.2570693972854311,1.3547516775334374,-3.0884118073396807,4,12,0.0,0.0
-24.0,135.0,2.5514337261463376,59.99999613833812,11.999999785934985,5.0,30.0,LiCl,4.0,case2,aitken-gpu-fixed-round,monthly,11.854122,39,stalled,False,-0.001087,945.3,0.061693896066727635,0.25024208996352165,0.253328665895792,1.1223888362628807,-3.3388030450965163,4,15,0.0,0.0
-24.0,138.0,2.7378730354119845,59.99999988691207,11.999999990304348,5.0,30.0,LiCl,4.0,case2,aitken-gpu-fixed-round,monthly,11.949189,36,stalled,False,-0.001640,779.1,0.060775810034296135,0.3309817014747563,0.39924533213613633,1.6034563905823693,-2.7702966342967295,4,12,0.0,0.0
-24.0,141.0,2.861295544197594,59.99999174820734,11.999999951851711,5.0,30.0,LiCl,4.0,case2,aitken-gpu-fixed-round,monthly,11.202292,36,stalled,False,-0.000866,766.2,0.051085568418979245,0.29552301095934447,0.1933424352744338,1.2586629454811593,-3.307183224047775,4,12,0.0,0.0
-24.0,144.0,2.934778289297061,60.0,12.0,5.0,30.0,LiCl,4.0,case2,aitken-gpu-fixed-round,monthly,10.485329,36,stalled,False,-0.000486,773.2,0.04095611021386195,0.19949094086932956,0.15755098515515298,1.1631762330474082,-3.497309375316454,4,12,0.0,0.0
-24.0,147.0,2.7667679059279373,59.99999991294208,11.9999999729826,5.0,30.0,LiCl,4.0,case2,aitken-gpu-fixed-round,monthly,9.137874,36,stalled,False,-0.001642,736.3,0.04568133702564425,0.13353055704204222,0.24282467457100126,1.4134903947755173,-3.90409426915081,4,12,0.0,0.0
-24.0,150.0,2.4491225050278524,59.99999934009373,11.999999948339074,5.0,30.0,LiCl,4.0,case2,aitken-gpu-fixed-round,monthly,8.137568,36,stalled,False,-0.001543,745.6,0.06740712891141128,0.0857378533758806,0.3247753151879841,1.299738366937022,-4.296471142437199,4,12,0.0,0.0
-21.0,-69.0,2.4979365918800323,59.99999998442061,11.999999992545336,5.0,30.0,LiCl,4.0,case2,aitken-gpu-fixed-round,monthly,17.524957,36,stalled,False,-0.001769,784.4,0.0737474649251598,0.4287747748349284,0.27215398707054905,1.6156324355277751,-2.9164339288443895,4,12,0.0,0.0
-21.0,-66.0,2.2531434428182817,59.999999592109745,11.999999526999947,5.0,30.0,LiCl,4.0,case2,aitken-gpu-fixed-round,monthly,12.613975,36,stalled,False,-0.004410,901.9,0.09669931506230295,0.1352123748761733,0.198231780041483,1.8271321815320214,-3.1632212429312636,3,12,0.0,0.0
-21.0,-63.0,2.7688089462436785,59.999992361693124,10.895553877094937,5.0,30.0,LiCl,4.0,case2,aitken-gpu-fixed-round,monthly,9.136141,33,stalled,False,-0.001344,542.3,0.05021854124181053,0.26621576740811914,0.3163122468126395,2.877781200975658,0.13582299217593685,3,9,0.0,0.0
-21.0,-60.0,3.0537099497971263,60.0,12.0,5.0,30.0,LiCl,4.0,case2,aitken-gpu-fixed-round,monthly,9.642073,36,stalled,False,-0.001069,750.1,0.036129652268487626,0.173390820088598,0.19320073929349788,1.1806260344327408,-3.6930530226962013,4,12,0.0,0.0
-21.0,-57.0,3.008934594228992,60.0,12.0,5.0,30.0,LiCl,4.0,case2,aitken-gpu-fixed-round,monthly,8.824584,36,stalled,False,-0.001686,820.0,0.038421569767507005,0.1345160989800347,0.22706464774803142,1.0147669103780534,-4.1307133752770335,4,12,0.0,0.0
-21.0,-54.0,2.517651190511305,59.99999998469928,11.999999999255097,5.0,30.0,LiCl,4.0,case2,aitken-gpu-fixed-round,monthly,8.133116,36,stalled,False,-0.000148,749.1,0.059508565360572856,0.10463495286634272,0.1792387445303452,1.0832612498247913,-4.366874781292166,4,12,0.0,0.0
-21.0,-51.0,2.742600013900959,59.999999717680424,11.9999999992758,5.0,30.0,LiCl,4.0,case2,aitken-gpu-fixed-round,monthly,7.960434,36,stalled,False,-0.002817,746.4,0.05658754276043274,0.11029313385655513,0.051535083303807655,1.3618255681959872,-3.8888178812601515,4,12,0.0,0.0
-21.0,-48.0,2.695448756228535,59.99999985094551,11.999999981158503,5.0,30.0,LiCl,4.0,case2,aitken-gpu-fixed-round,monthly,8.651434,36,stalled,False,-0.002736,672.1,0.05927591404423408,0.0952861870871329,-0.023616968174808288,0.9906299165949846,-5.38881541765093,4,12,0.0,0.0
-21.0,-45.0,2.1911016365725997,59.99999948605608,11.999999907978024,5.0,30.0,LiCl,4.0,case2,aitken-gpu-fixed-round,monthly,8.209872,36,stalled,False,-0.000224,794.1,0.08236725061872163,0.08344478970857305,0.35758204534810123,1.5260142283677172,-4.093773165661058,4,12,0.0,0.0
-21.0,-42.0,2.154009508617431,59.99999835002229,11.99999993512531,5.0,30.0,LiCl,4.0,case2,aitken-gpu-fixed-round,monthly,7.706933,33,stalled,False,-0.002420,599.5,0.09943025148631603,0.07746788230473806,0.3314243667536619,1.9791105939622036,-3.220386584770453,4,9,0.0,0.0
-21.0,15.0,2.824882174264966,59.999999987041086,11.999999958125608,5.0,30.0,LiCl,4.0,case2,aitken-gpu-fixed-round,monthly,10.797889,36,stalled,False,-0.001739,806.9,0.06294594852755662,0.28789595345921665,0.6301239441915683,3.715135631051604,3.0539718542634455,4,12,0.0,0.0
-21.0,18.0,2.394437952757169,59.99999998394114,11.999999939024454,5.0,30.0,LiCl,4.0,case2,aitken-gpu-fixed-round,monthly,13.944973,42,stalled,False,-0.001391,1150.5,0.07556767781619311,0.4756972342435583,0.2884988088920926,1.793868800867149,-2.5515443241787583,4,18,0.0,0.0
-21.0,21.0,2.54313029743406,59.999999986271256,11.99999999084885,5.0,30.0,LiCl,4.0,case2,aitken-gpu-fixed-round,monthly,13.228655,39,stalled,False,-0.001717,975.1,0.0818019091196866,0.35896698206748223,0.2303702995881226,1.3745277707817092,-2.9984256209940554,4,15,0.0,0.0
-21.0,24.0,2.606723835692076,60.0,12.0,5.0,30.0,LiCl,4.0,case2,aitken-gpu-fixed-round,monthly,11.703381,36,stalled,214.9,0.0631801719372403,False,-0.001892,0.393422368065444,0.5340780555810101,1.651926598522232,-2.286888105583323,4,12,0.0,0.0
-21.0,27.0,2.7960913949627906,59.999999923993116,11.99999999804484,5.0,30.0,LiCl,4.0,case2,aitken-gpu-fixed-round,monthly,10.371130,36,stalled,716.9,0.042535024646929015,False,-0.000664,0.19388117172111524,0.6635011104659563,2.408120335814412,-1.143398006289057,4,12,0.0,0.0
-21.0,30.0,2.9457328027879197,60.0,12.0,5.0,30.0,LiCl,4.0,case2,aitken-gpu-fixed-round,monthly,8.841287,36,stalled,722.3,0.041654894725257484,False,-0.001766,0.1311749814741646,0.24505966468731413,1.1049670567520709,-4.053913309509108,4,12,0.0,0.0
-21.0,33.0,2.5230523278091246,59.999999852334575,11.621981697414231,5.0,30.0,LiCl,4.0,case2,aitken-gpu-fixed-round,monthly,7.424590,36,stalled,701.5,0.06126398105805079,False,-0.000483,0.09470393725100613,0.17434510664274822,1.354621141417529,-3.986270430157467,4,12,0.0,0.0
-21.0,45.0,2.9840735162256444,59.9999999038334,11.999999996169212,5.0,30.0,LiCl,4.0,case2,aitken-gpu-fixed-round,monthly,7.963689,36,stalled,715.8,0.03863391105452261,False,-0.001533,0.12929350471981102,0.29930617184496994,1.1290677174601587,-3.845945007235545,4,12,0.0,0.0
-21.0,48.0,1.8422445598481008,24.702319054625715,12.0,5.0,30.0,LiCl,4.0,case2,aitken-gpu-fixed-round,monthly,7.389369,33,stalled,541.1,0.13417203878579984,False,-0.002989,1.0287369226807213,0.5037292389590147,4.651647529941143,7.36835146584189,3,9,0.0,0.0
-21.0,117.0,3.2970761179626695,60.0,12.0,5.0,30.0,LiCl,4.0,case2,aitken-gpu-fixed-round,monthly,9.753128,36,stalled,712.4,0.028493594729946583,False,-0.000408,0.2861547553052078,0.4252238278090223,1.5339068764139323,-2.5945165971836888,4,12,0.0,0.0
-21.0,120.0,3.250112217387085,59.99999990867629,11.999999996937508,5.0,30.0,LiCl,4.0,case2,aitken-gpu-fixed-round,monthly,10.584128,36,stalled,720.5,0.029198528971134435,False,-0.000120,0.3792587339840615,0.37653395203623263,1.7797152580437574,-2.2005626059645595,4,12,0.0,0.0
-21.0,123.0,3.2218689970635856,60.0,12.0,5.0,30.0,LiCl,4.0,case2,aitken-gpu-fixed-round,monthly,11.036677,36,stalled,712.6,0.03433197064945303,False,-0.000355,0.3465690179216385,0.46325762988834596,1.7608360067101079,-2.1727775441815402,4,12,0.0,0.0
-21.0,126.0,2.8671339428504914,59.99999985883952,11.999999997296323,5.0,30.0,LiCl,4.0,case2,aitken-gpu-fixed-round,monthly,11.258687,36,stalled,712.1,0.04008333221581462,False,0.000153,0.3065369217379781,0.3455513946500818,1.4116355120802164,-2.815850101208548,4,12,0.0,0.0
-21.0,129.0,3.138247847398447,59.999999990424826,11.99999999990021,5.0,30.0,LiCl,4.0,case2,aitken-gpu-fixed-round,monthly,10.450197,36,stalled,715.1,0.03172436118950103,False,-0.000405,0.27437461193211216,0.34747723432577093,1.401023605924833,-2.8085610496236537,4,12,0.0,0.0
-21.0,132.0,2.9433061995212526,60.0,12.0,5.0,30.0,LiCl,4.0,case2,aitken-gpu-fixed-round,monthly,10.974006,36,stalled,725.3,0.03792587856043389,False,-0.000049,0.23610826197679372,0.20406364708436678,1.2008006571293826,-3.332708880544793,4,12,0.0,0.0
-21.0,135.0,2.8178884916901366,59.99999549512207,11.999999942837785,5.0,30.0,LiCl,4.0,case2,aitken-gpu-fixed-round,monthly,10.506403,36,stalled,721.9,0.04585057512986091,False,-0.001109,0.2373204116491129,0.764951495540137,2.5185108128246734,-0.958701786888413,4,12,0.0,0.0
-21.0,138.0,2.8461119477444905,59.99999973946825,11.999999919903528,5.0,30.0,LiCl,4.0,case2,aitken-gpu-fixed-round,monthly,10.480617,36,stalled,721.8,0.04656443815453256,False,-0.000642,0.20718688532444332,0.1637325319399356,1.115075083515922,-3.6767353713290163,4,12,0.0,0.0
-21.0,141.0,2.6802221805973803,59.99999939809855,11.999999767998993,5.0,30.0,LiCl,4.0,case2,aitken-gpu-fixed-round,monthly,9.819874,36,stalled,719.2,0.04975829973625793,False,-0.000557,0.18978867646284336,0.42430993066214173,1.752880029540233,-2.6548326125332555,4,12,0.0,0.0
-21.0,144.0,2.72427110033027,60.0,12.0,5.0,30.0,LiCl,4.0,case2,aitken-gpu-fixed-round,monthly,9.067158,36,stalled,728.9,0.044022250498380745,False,-0.000334,0.19797768682956182,0.846783131088032,4.032160874143622,4.11442839922038,4,12,0.0,0.0
-21.0,147.0,2.5396765695388286,59.99999998715254,11.999999987418157,5.0,30.0,LiCl,4.0,case2,aitken-gpu-fixed-round,monthly,7.905038,36,stalled,458.8,0.060729588421586204,False,-0.001009,0.09374181929740956,0.23813691422552033,1.0279991212382888,-4.506994991811744,4,12,0.0,0.0
-21.0,165.0,1.9958837579484532,52.616168780086944,11.414163059164329,5.0,30.0,LiCl,4.0,case2,aitken-gpu-fixed-round,monthly,7.448676,33,stalled,565.6,0.11731561235018148,False,-0.003003,1.8924422656386737,1.697924220715373,10.564886813272723,54.20992790037962,3,9,0.0,0.0
-18.0,-69.0,1.77787976510113,59.999999938415954,11.999999990992485,5.0,30.0,LiCl,4.0,case2,aitken-gpu-fixed-round,monthly,16.856344,36,stalled,1029.7,0.12509966463610206,False,-0.004924,0.26099920977262664,0.5199359003487262,1.7413344861447424,-3.294210425124935,4,12,0.0,0.0
-18.0,-66.0,1.9071565456246151,59.99999999698404,11.999999996327585,5.0,30.0,LiCl,4.0,case2,aitken-gpu-fixed-round,monthly,11.498951,33,stalled,765.4,0.0863356272618401,False,-0.002191,0.09627849479810158,-0.13237650689068847,1.3894566633445105,-4.328278350835042,2,9,0.0,0.0
-18.0,-63.0,2.5124577562149666,59.99999926465075,11.999999932580446,5.0,30.0,LiCl,4.0,case2,aitken-gpu-fixed-round,monthly,8.312245,36,stalled,769.4,0.06952162728738583,False,-0.002395,0.09322517724862783,0.16675095211737653,1.012312450587917,-4.515493591770795,4,12,0.0,0.0
-18.0,-60.0,2.537446843137555,59.99999997392294,11.99999996250285,5.0,30.0,LiCl,4.0,case2,aitken-gpu-fixed-round,monthly,8.068772,36,stalled,762.7,0.06004632118044749,False,-0.000195,0.11067774732764954,0.19399557307445695,1.156757549286132,-4.255622387042382,4,12,0.0,0.0
-18.0,-57.0,2.6276418341625254,59.999999449904735,11.999999903197752,5.0,30.0,LiCl,4.0,case2,aitken-gpu-fixed-round,monthly,8.180413,39,stalled,869.8,0.05753049261475835,False,-0.000842,0.3065466479471566,0.4064285290770768,4.526825630998566,5.977139745706631,3,15,0.0,0.0
-18.0,-54.0,2.5018815887143737,60.0,12.0,5.0,30.0,LiCl,4.0,case2,aitken-gpu-fixed-round,monthly,8.191003,33,stalled,563.7,0.0634379888831877,False,-0.000566,0.32919585400212176,0.5473439093601257,3.903572022959432,3.935634582013745,3,9,0.0,0.0
-18.0,-51.0,2.5289621963148123,59.99999984553092,11.999999882066279,5.0,30.0,LiCl,4.0,case2,aitken-gpu-fixed-round,monthly,7.658364,36,stalled,789.4,0.06481578372070666,False,-0.002165,0.09585564287818031,0.3310091228916483,1.2407571822432466,-3.956473078391589,4,12,0.0,0.0
-18.0,-48.0,2.4780892915865538,59.9999999561882,11.999999887554345,5.0,30.0,LiCl,4.0,case2,aitken-gpu-fixed-round,monthly,8.228119,36,stalled,778.1,0.06394526039039687,False,-0.000741,0.12062393888946962,0.3506621808820973,1.2823392514823095,-4.048446500537297,4,12,0.0,0.0
-18.0,-45.0,2.6127938755181317,59.99999998713587,11.999999858278521,5.0,30.0,LiCl,4.0,case2,aitken-gpu-fixed-round,monthly,8.358126,36,stalled,773.9,0.06289028736452457,False,-0.002659,0.11833058733660046,0.2962762045730887,1.3579067804974385,-3.889317842728148,4,12,0.0,0.0
-18.0,-42.0,2.1918156566246223,59.99999796015011,11.999999984635128,5.0,30.0,LiCl,4.0,case2,aitken-gpu-fixed-round,monthly,7.568090,33,stalled,620.1,0.09693307662673388,False,-0.002193,0.09414809208045,0.29706231999201,1.5691926408093213,-3.754506898076412,4,9,0.0,0.0
-18.0,12.0,2.7346548141617477,59.999998952392026,11.999999542646123,5.0,30.0,LiCl,4.0,case2,aitken-gpu-fixed-round,monthly,7.504959,36,stalled,761.7,0.034380409438244934,False,-0.000516,0.12933867616402592,0.343013706482737,1.8004627271580298,-2.6713498001814617,4,12,0.0,0.0
-18.0,15.0,2.3830464269415628,60.0,12.0,5.0,30.0,LiCl,4.0,case2,aitken-gpu-fixed-round,monthly,11.820476,39,stalled,958.9,0.08310259511638249,False,-0.004502,0.2986248726762709,0.30075992806999313,1.0221508434974589,-3.2036671220023556,4,15,0.0,0.0
-18.0,18.0,2.8719769124389734,59.99999990284684,11.999999996603833,5.0,30.0,LiCl,4.0,case2,aitken-gpu-fixed-round,monthly,12.199558,36,stalled,189.1,0.05303230266777933,False,-0.001429,0.2855482834606753,0.23675454384564887,1.5713261444232893,-3.17258941369091,4,12,0.0,0.0
-18.0,21.0,2.6648463333786947,59.99999997416614,11.999999993004014,5.0,30.0,LiCl,4.0,case2,aitken-gpu-fixed-round,monthly,11.582474,36,stalled,694.8,0.05482752332527332,False,-0.000886,0.30370355614045347,0.4327666537252717,1.5488704930244854,-2.6582289222923485,4,12,0.0,0.0
-18.0,24.0,2.641844069024524,59.99999900036049,11.999999809708266,5.0,30.0,LiCl,4.0,case2,aitken-gpu-fixed-round,monthly,10.592207,36,stalled,678.2,0.04476784365245274,False,0.000280,0.2523354952408924,0.36480602509952853,1.4825681604576426,-2.836939295210735,4,12,0.0,0.0
-18.0,27.0,3.033232506695211,60.0,12.0,5.0,30.0,LiCl,4.0,case2,aitken-gpu-fixed-round,monthly,10.045642,36,stalled,675.2,0.0310359732448857,False,-0.000336,0.2491070013726221,0.1955856262583809,1.2944047561039471,-3.048712914934396,4,12,0.0,0.0
-18.0,30.0,2.7446936088040874,60.0,12.0,5.0,30.0,LiCl,4.0,case2,aitken-gpu-fixed-round,monthly,9.781105,36,stalled,666.7,0.04312717463971266,False,-0.001025,0.20398938139890677,0.2095695369621034,1.6820751397076255,-2.9988591736118444,4,12,0.0,0.0
-18.0,33.0,2.481614700545036,59.99999938226124,11.999999919377773,5.0,30.0,LiCl,4.0,case2,aitken-gpu-fixed-round,monthly,7.130842,36,stalled,671.9,0.06438459942071234,False,-0.001611,0.07337599241031567,0.22453776271964512,1.4622042774093476,-4.057733052549915,4,12,0.0,0.0
-18.0,36.0,2.3291763014505498,59.99999990780057,11.999999959141133,5.0,30.0,LiCl,4.0,case2,aitken-gpu-fixed-round,monthly,6.820079,36,stalled,False,-0.001261,731.3,,,,,,,,,
-18.0,45.0,2.499072231337919,59.99999989469766,11.34079443574896,5.0,30.0,LiCl,4.0,case2,aitken-gpu-fixed-round,monthly,7.062616,36,stalled,False,-0.000496,678.8,0.061471760655174186,0.08314923503993982,0.08391162826738077,1.3054431382669403,-4.189184306860201,4,12,0.0,0.0
-18.0,48.0,1.9958837579484532,52.616168780086944,11.414163059164329,5.0,30.0,LiCl,4.0,case2,aitken-gpu-fixed-round,monthly,7.419697,33,stalled,False,-0.001526,495.3,0.10429507008652067,0.24566554631838416,0.309428091709328,4.606891084451899,6.376910284968476,3,9,0.0,0.0
-18.0,123.0,3.2172251677915904,60.0,12.0,5.0,30.0,LiCl,4.0,case2,aitken-gpu-fixed-round,monthly,8.384477,36,stalled,False,-0.001472,709.4,0.03114170320782849,0.15434961884637496,0.11214122604243963,1.27872986336325,-3.6574884394059017,4,12,0.0,0.0
-18.0,126.0,3.2777099686653686,59.99999999405427,11.999999917255161,5.0,30.0,LiCl,4.0,case2,aitken-gpu-fixed-round,monthly,9.331728,36,stalled,False,-0.000600,706.3,0.028483426096934394,0.18256389744752324,0.14925683541017645,1.1909972572715186,-3.6734240090165313,4,12,0.0,0.0
-18.0,129.0,3.087056990083627,59.99999994502039,11.999999957491273,5.0,30.0,LiCl,4.0,case2,aitken-gpu-fixed-round,monthly,9.478134,36,stalled,False,0.000122,699.2,0.03099543808761792,0.2070838542138201,0.24439436275401805,1.351103847678574,-3.390733652549451,4,12,0.0,0.0
-18.0,132.0,3.07261206449149,59.99999998873566,11.999999929394678,5.0,30.0,LiCl,4.0,case2,aitken-gpu-fixed-round,monthly,9.501744,36,stalled,False,-0.000959,703.5,0.036613573952200704,0.1824899118532392,0.18858776300897495,1.2246196547189188,-3.4573089320269,4,12,0.0,0.0
-18.0,135.0,2.9430864991639214,59.99999969231017,11.999999973316763,5.0,30.0,LiCl,4.0,case2,aitken-gpu-fixed-round,monthly,8.980528,36,stalled,False,-0.000929,709.9,0.03714246455173367,0.18320573094153586,0.39536936242869297,1.5915694521848478,-3.2182948102971207,4,12,0.0,0.0
-18.0,138.0,2.808913669061982,59.99999817310453,11.999999353928304,5.0,30.0,LiCl,4.0,case2,aitken-gpu-fixed-round,monthly,8.485205,39,stalled,False,-0.000553,777.6,0.03954293763390028,0.5567971888977195,0.2716216793078215,6.122242086009409,15.167084139075437,3,15,0.0,0.0
-18.0,141.0,2.878292952573569,60.0,12.0,5.0,30.0,LiCl,4.0,case2,aitken-gpu-fixed-round,monthly,8.178361,42,stalled,False,-0.002120,931.5,0.04367848192273453,0.779337025074533,0.5597442630041569,4.944552172666245,8.850355991967062,3,18,0.0,0.0
-18.0,144.0,2.5327423115752405,59.99999976245267,11.999999960254101,5.0,30.0,LiCl,4.0,case2,aitken-gpu-fixed-round,monthly,8.021143,36,stalled,False,-0.001753,684.5,0.05991391094547131,0.10531629687467248,0.6644554767218979,1.8891551215539069,-2.8454573731797503,4,12,0.0,0.0
-15.0,-75.0,2.6387463843060495,59.999999974700835,11.999999995001149,5.0,30.0,LiCl,4.0,case2,aitken-gpu-fixed-round,monthly,6.666515,36,stalled,False,-0.000417,690.3,0.04571655659670025,0.08178661143221418,0.14130378329360557,1.1563753954685294,-4.2698699730135825,4,12,0.0,0.0
-15.0,-72.0,2.1830732078758177,59.99999951733717,11.999999504638133,5.0,30.0,LiCl,4.0,case2,aitken-gpu-fixed-round,monthly,9.538301,33,stalled,False,-0.001881,568.3,0.0788888488328636,0.08651870153627107,0.14896986045314334,1.9878948317144312,-2.9466570714735507,3,9,0.0,0.0
-15.0,-69.0,2.1802169336028596,59.99999954555948,11.999999747184383,5.0,30.0,LiCl,4.0,case2,aitken-gpu-fixed-round,monthly,11.504699,33,stalled,False,-0.001436,556.2,0.08308732735410752,0.061420760886093995,0.11085585111477667,1.7977818791609024,-3.7409303511260976,4,9,0.0,0.0
-15.0,-66.0,1.9958837579484532,52.616168780086944,11.414163059164329,5.0,30.0,LiCl,4.0,case2,aitken-gpu-fixed-round,monthly,7.470835,33,stalled,False,-0.001146,518.6,0.11236805796527186,1.6110579767020468,1.3910174455756767,14.570210314395325,104.16864481530371,2,9,0.0,0.0
-15.0,-63.0,1.9958837579484532,52.616168780086944,11.414163059164329,5.0,30.0,LiCl,4.0,case2,aitken-gpu-fixed-round,monthly,7.699387,33,stalled,False,0.003515,505.9,0.08842885188161512,1.183636356554152,0.2924847353978026,6.0619239975327215,15.537193373893281,5,9,0.0,0.0
-15.0,-60.0,2.504734156160926,59.99999959120429,11.999999995999886,5.0,30.0,LiCl,4.0,case2,aitken-gpu-fixed-round,monthly,7.639794,36,stalled,False,-0.002347,672.1,0.07102482051364066,0.10298490164174844,0.11406594094100236,1.29990942341936,-3.988338656894231,4,12,0.0,0.0
-15.0,-57.0,2.5547059080952863,60.0,12.0,5.0,30.0,LiCl,4.0,case2,aitken-gpu-fixed-round,monthly,7.415333,33,stalled,False,-0.001154,497.3,0.07676692670177378,0.5697698072207983,0.6949671007063672,7.839711142940606,27.371071361323388,3,9,0.0,0.0
-15.0,-54.0,2.773318827167892,57.57056611797222,12.0,5.0,30.0,LiCl,4.0,case2,aitken-gpu-fixed-round,monthly,7.672960,33,stalled,False,0.006091,499.5,0.06795198298801994,1.3315049712400042,0.8644987103297924,8.892512253588118,36.984144635824094,2,9,0.0,0.0
-15.0,-51.0,2.393344359081913,59.99999989862492,11.999999947659209,5.0,30.0,LiCl,4.0,case2,aitken-gpu-fixed-round,monthly,8.326781,36,stalled,False,-0.000407,764.1,0.0670500223659551,0.11127032694151952,0.25892322552178204,1.4456441942053184,-4.017946283610837,4,12,0.0,0.0
-15.0,-48.0,2.4891580249017182,59.99999996702407,11.999999989675421,5.0,30.0,LiCl,4.0,case2,aitken-gpu-fixed-round,monthly,8.707687,36,stalled,False,-0.003237,761.4,0.07256809777979126,0.11178131483920781,0.930031378463959,4.1749688291963665,4.040954874105275,4,12,0.0,0.0
-15.0,-45.0,2.669123218106879,59.99999996060811,11.999999993315951,5.0,30.0,LiCl,4.0,case2,aitken-gpu-fixed-round,monthly,7.688818,36,stalled,False,-0.002657,772.8,0.060025586002960214,0.10425323203673488,0.19960012113242115,1.2954915557368765,-4.024181628873021,4,12,0.0,0.0
-15.0,-42.0,2.239153652284543,59.99999974915583,11.99999996803435,5.0,30.0,LiCl,4.0,case2,aitken-gpu-fixed-round,monthly,7.932679,33,stalled,False,-0.001462,600.5,0.08564629710362871,0.08395272009033503,0.2958920442496944,1.5655115151970012,-3.807746840768747,4,9,0.0,0.0
-15.0,-39.0,2.2978390212443536,46.88385224538183,11.99999928216893,5.0,30.0,LiCl,4.0,case2,aitken-gpu-fixed-round,monthly,6.763707,33,stalled,False,-0.003109,569.3,0.09454885463787675,0.6309067431694657,-0.17162563904518985,3.8996415708836683,4.2146768234371645,3,9,0.0,0.0
-15.0,15.0,2.4768475604476796,59.999999925772016,11.999999998591127,5.0,30.0,LiCl,4.0,case2,aitken-gpu-fixed-round,monthly,8.850429,36,stalled,False,-0.000639,793.7,0.0613383167437332,0.11744225561486203,0.3935318599108897,1.8260646209601594,-3.1236597758531883,4,12,0.0,0.0
-15.0,18.0,2.3289903646049153,59.99999974738103,11.999999984004734,5.0,30.0,LiCl,4.0,case2,aitken-gpu-fixed-round,monthly,9.778904,36,stalled,False,-0.000490,765.6,0.07217754945412565,0.1476944265427711,0.17447996918758174,1.355635675065265,-3.9474727655156183,4,12,0.0,0.0
-15.0,21.0,2.5835791462040256,59.99999993553785,11.999999988667923,5.0,30.0,LiCl,4.0,case2,aitken-gpu-fixed-round,monthly,9.790429,36,stalled,False,-0.000878,793.9,0.05666184539553797,0.17158224311633938,0.3471559503597014,1.350317679455771,-3.6507018267083517,4,12,0.0,0.0
-15.0,24.0,2.6850603960713055,59.99999995099166,11.999999344338521,5.0,30.0,LiCl,4.0,case2,aitken-gpu-fixed-round,monthly,9.517445,36,stalled,False,-0.000577,814.9,0.04722013311353064,0.18179755879627477,0.2524262442048338,1.508851628888307,-3.421632022755089,4,12,0.0,0.0
-15.0,27.0,3.058755560372629,59.99999996738181,11.63898298733285,5.0,30.0,LiCl,4.0,case2,aitken-gpu-fixed-round,monthly,8.862914,36,stalled,False,-0.001596,749.2,0.036066091156563514,0.15276579514050942,0.13220571312886853,1.3865878862907823,-3.157019867234145,4,12,0.0,0.0
-15.0,30.0,3.21633672203968,59.99999994818593,11.508340277337625,5.0,30.0,LiCl,4.0,case2,aitken-gpu-fixed-round,monthly,9.471467,36,stalled,False,-0.000691,772.9,0.028850807984600817,0.19476560544347585,0.21323367130830756,1.2272579118908147,-3.4472951467149473,4,12,0.0,0.0
-15.0,33.0,3.101037732742109,59.999999943153554,11.999999990356182,5.0,30.0,LiCl,4.0,case2,aitken-gpu-fixed-round,monthly,8.787314,36,stalled,False,-0.001396,782.9,0.03527080883760661,0.15706157940455015,0.1477141888768012,1.223602716315771,-3.6710278875867806,4,12,0.0,0.0
-15.0,36.0,2.7521179480593942,60.0,12.0,5.0,30.0,LiCl,4.0,case2,aitken-gpu-fixed-round,monthly,7.641037,36,stalled,False,-0.002231,790.6,0.05207231387813574,0.10029339343201284,0.13715064462196006,1.1552960908576184,-4.072750246237898,4,12,0.0,0.0
-15.0,39.0,2.2756597954269275,59.9999959930835,11.999999654957412,5.0,30.0,LiCl,4.0,case2,aitken-gpu-fixed-round,monthly,6.590350,42,stalled,False,-0.001304,315.8,0.08199552988326647,0.41121810815925636,0.4636323508910089,4.086891050860553,4.435286983410359,4,18,0.0,0.0
-15.0,48.0,2.721451906210583,60.0,12.0,5.0,30.0,LiCl,4.0,case2,aitken-gpu-fixed-round,monthly,7.303170,39,stalled,False,-0.001980,842.1,0.04924208786659468,0.6081087425648576,0.8235674130123635,8.879048965365879,35.81043455429514,4,15,0.0,0.0
-15.0,126.0,2.640978454099251,59.99999967653515,11.99999955490119,5.0,30.0,LiCl,4.0,case2,aitken-gpu-fixed-round,monthly,7.410159,33,stalled,False,-0.002201,557.2,0.06383116909227123,0.47047004669753834,0.5493612260853167,6.504502424238378,17.795995751936864,3,9,0.0,0.0
-15.0,129.0,2.7695585769068733,59.99999788243232,11.999999883415676,5.0,30.0,LiCl,4.0,case2,aitken-gpu-fixed-round,monthly,7.726081,42,stalled,False,-0.001428,998.3,0.0485389216172894,0.3623171884003183,0.3071333180167652,3.077368801765769,0.9779569936410255,3,18,0.0,0.0
-15.0,132.0,2.826457914536734,60.0,12.0,5.0,30.0,LiCl,4.0,case2,aitken-gpu-fixed-round,monthly,8.061543,39,stalled,704.1,0.04406975599578814,False,-0.001421,0.9745929727784458,0.7956813728583826,5.981512399776278,14.182780429698884,4,15,0.0,0.0
-15.0,135.0,2.5319402165018268,59.99999907839762,11.999999755734134,5.0,30.0,LiCl,4.0,case2,aitken-gpu-fixed-round,monthly,6.877217,36,stalled,759.1,0.06393375418538132,False,-0.001444,0.21138778962620705,0.34421536623452637,4.3166390985834715,5.163856418994927,3,12,0.0,0.0
-15.0,144.0,2.4520463775828776,60.0,12.0,5.0,30.0,LiCl,4.0,case2,aitken-gpu-fixed-round,monthly,7.466667,42,stalled,1120.6,0.07631850413777844,False,-0.001807,0.6872038593971636,0.6288223619018277,5.0805218186391565,9.49606023318432,3,18,0.0,0.0
-12.0,-75.0,1.9120785741848825,59.999999987944115,11.999999998343688,5.0,30.0,LiCl,4.0,case2,aitken-gpu-fixed-round,monthly,13.012663,33,stalled,929.6,0.10066091529538274,False,-0.001049,0.05834614309180858,0.019857503239692053,1.2864674767723863,-4.922966663110072,3,9,0.0,0.0
-12.0,-72.0,2.0651228885042885,59.999998498740545,11.999999825957271,5.0,30.0,LiCl,4.0,case2,aitken-gpu-fixed-round,monthly,12.304717,33,stalled,573.8,0.09687412080541627,False,-0.002011,0.06730659087946178,-0.05306389290002295,1.2135218952734372,-4.620902769982164,4,9,0.0,0.0
-12.0,-69.0,1.9958837579484532,52.616168780086944,11.414163059164329,5.0,30.0,LiCl,4.0,case2,aitken-gpu-fixed-round,monthly,6.978514,33,stalled,519.7,0.11766365745998457,False,-0.002585,2.417434754122794,2.7198164904045443,20.875398627162916,218.82879860768446,3,9,0.0,0.0
-12.0,-66.0,1.9958837579484532,52.616168780086944,11.414163059164329,5.0,30.0,LiCl,4.0,case2,aitken-gpu-fixed-round,monthly,7.209715,33,stalled,537.8,0.09817484874175587,False,0.001865,2.7249690519926077,2.4605908742613822,16.27293848095008,132.52598724011736,4,9,0.0,0.0
-12.0,-63.0,1.9958837579484532,52.616168780086944,11.414163059164329,5.0,30.0,LiCl,4.0,case2,aitken-gpu-fixed-round,monthly,7.117903,33,stalled,540.7,0.106955967504213,False,0.000117,3.6760037733257023,2.007307326285389,17.155299291406816,146.33554651043414,4,9,0.0,0.0
-12.0,-60.0,2.4049781079743595,60.0,12.0,5.0,30.0,LiCl,4.0,case2,aitken-gpu-fixed-round,monthly,7.524027,33,stalled,540.4,0.08963188130414482,False,0.000237,0.897217217538394,0.9476534037492481,9.225424737821621,39.740493978855504,3,9,0.0,0.0
-12.0,-57.0,1.9958837579484532,52.616168780086944,11.414163059164329,5.0,30.0,LiCl,4.0,case2,aitken-gpu-fixed-round,monthly,7.581455,33,stalled,553.8,0.09366804869953015,False,0.002151,2.0010117304934742,0.12043082488270193,7.184378525373788,23.06392363734407,4,9,0.0,0.0
-12.0,-54.0,1.9958837579484532,52.616168780086944,11.414163059164329,5.0,30.0,LiCl,4.0,case2,aitken-gpu-fixed-round,monthly,7.283899,33,stalled,543.5,0.0884410587321308,False,0.002268,1.5175461132008585,0.57226656230799,7.432387048134854,25.02251937331252,3,9,0.0,0.0
-12.0,-51.0,2.232422301223375,46.9761081270975,12.0,5.0,30.0,LiCl,4.0,case2,aitken-gpu-fixed-round,monthly,7.814237,42,stalled,947.8,0.07036556534107605,False,0.001171,2.642224554444793,1.8685426344573937,13.511757951049706,90.08784350416724,3,18,0.0,0.0
-12.0,-48.0,2.447597219031387,59.999998697810376,11.999999757689114,5.0,30.0,LiCl,4.0,case2,aitken-gpu-fixed-round,monthly,8.575380,36,stalled,827.5,0.0665628110116697,False,-0.001433,0.11751554115388828,0.23726319266710713,1.1467244056638302,-4.214757712644928,4,12,0.0,0.0
-12.0,-45.0,2.558786315766868,59.99999858668774,11.99999999774199,5.0,30.0,LiCl,4.0,case2,aitken-gpu-fixed-round,monthly,7.839627,36,stalled,993.7,0.05261951676926155,False,0.000020,0.09450528590109356,0.17737420969802833,1.0598915759358278,-4.462765119397553,4,12,0.0,0.0
-12.0,-42.0,2.253152403324913,59.99999934239206,11.999999966517299,5.0,30.0,LiCl,4.0,case2,aitken-gpu-fixed-round,monthly,7.738768,33,stalled,548.9,0.07828066718431648,False,-0.001471,0.07620041948579381,0.4879744280006382,2.0328816626969046,-3.098787149840083,4,9,0.0,0.0
-12.0,-39.0,2.1400446892656038,54.90895373631582,11.999999836231536,5.0,30.0,LiCl,4.0,case2,aitken-gpu-fixed-round,monthly,6.868451,33,stalled,526.3,0.10098641600638811,False,-0.002686,0.29410936515336633,0.09361676058629258,2.1922613111764737,-1.3149337829938745,3,9,0.0,0.0
-12.0,15.0,2.228619989446601,59.99999996734024,11.999999895549095,5.0,30.0,LiCl,4.0,case2,aitken-gpu-fixed-round,monthly,8.408070,36,stalled,639.8,0.06781416597524047,False,-0.000346,0.07339708809561049,0.5782930820874336,3.05468625428932,-0.3407178485939184,4,12,0.0,0.0
-12.0,18.0,2.170076158664565,59.99999959701627,11.99999961459996,5.0,30.0,LiCl,4.0,case2,aitken-gpu-fixed-round,monthly,8.896335,33,stalled,568.4,0.08087956268059582,False,-0.001544,0.1122957910409279,0.8252913370510894,3.1662735778222677,0.4587389366644059,4,9,0.0,0.0
-12.0,21.0,2.363914662798161,59.99999998172394,11.999999800987256,5.0,30.0,LiCl,4.0,case2,aitken-gpu-fixed-round,monthly,8.932583,36,stalled,773.4,0.06753578288460109,False,-0.001178,0.12205772790182728,0.3782445495289196,1.8915190933005643,-2.9275217099474142,4,12,0.0,0.0
-12.0,24.0,2.3843137095403684,59.99998802463408,11.999999989943026,5.0,30.0,LiCl,4.0,case2,aitken-gpu-fixed-round,monthly,8.292306,36,stalled,757.6,0.06378801776385913,False,-0.000079,0.1039196866862449,0.27394531669969335,1.531878606655058,-3.6798665383304643,4,12,0.0,0.0
-12.0,27.0,2.355686323377949,59.99999988726264,11.999999970937308,5.0,30.0,LiCl,4.0,case2,aitken-gpu-fixed-round,monthly,8.271811,36,stalled,783.2,0.0637916402447411,False,-0.000039,0.09686575442474371,0.32615676714758157,1.5086635985612609,-3.858663299436998,4,12,0.0,0.0
-12.0,30.0,2.4918970422713294,59.999999983774615,11.999999996073642,5.0,30.0,LiCl,4.0,case2,aitken-gpu-fixed-round,monthly,8.361178,36,stalled,741.0,0.051896792189844124,False,0.000174,0.1000149875258898,0.14317867163096848,1.106327664767003,-4.3726535739734835,4,12,0.0,0.0
-12.0,33.0,2.7110101816351158,59.999999936345496,11.999999692186844,5.0,30.0,LiCl,4.0,case2,aitken-gpu-fixed-round,monthly,8.688754,36,stalled,690.8,0.048060782227822264,False,-0.001298,0.27634874459480785,0.04088490903418501,4.250629651643574,4.748735310404594,3,12,0.0,0.0
-12.0,36.0,2.755469687143291,60.0,12.0,5.0,30.0,LiCl,4.0,case2,aitken-gpu-fixed-round,monthly,8.266431,33,stalled,539.0,0.056015496255656834,False,-0.000955,0.517103839254796,0.761273181933203,7.816270362558436,27.077207716906894,3,9,0.0,0.0
-12.0,39.0,2.320536598999499,55.97474907599044,11.999999707947987,5.0,30.0,LiCl,4.0,case2,aitken-gpu-fixed-round,monthly,7.093417,42,stalled,1001.2,0.07668625292324595,False,-0.001166,0.6881435940505182,0.9620715667847209,4.988225656922419,9.06460927779848,3,18,0.0,0.0
-9.0,-78.0,2.7626080410484812,35.96218796467056,9.703393771312664,5.0,30.0,LiCl,4.0,case2,aitken-gpu-fixed-round,monthly,6.932170,33,stalled,578.7,0.03575455810690208,False,0.001033,1.2230571280974465,0.5501941197678979,7.991731157769256,29.355997948424445,3,9,0.0,0.0
-9.0,-75.0,1.7199416714138767,59.999522071884705,11.9997886989353,5.0,30.0,LiCl,4.0,case2,aitken-gpu-fixed-round,monthly,6.568914,33,stalled,555.9,0.14434630690134514,False,-0.001132,3.6839177334920414,0.4551730743606278,9.607751016291138,43.71733268830065,4,9,0.0,0.0
-9.0,-72.0,1.9958837579484532,52.616168780086944,11.414163059164329,5.0,30.0,LiCl,4.0,case2,aitken-gpu-fixed-round,monthly,6.558952,33,stalled,570.5,0.11743962533240566,False,-0.002377,4.419894524158811,8.716621884445175,51.27197250860574,1349.6909214486939,4,9,0.0,0.0
-9.0,-69.0,1.9958837579484532,52.616168780086944,11.414163059164329,5.0,30.0,LiCl,4.0,case2,aitken-gpu-fixed-round,monthly,6.588890,33,stalled,568.4,0.11469506426659812,False,-0.001840,4.5501996727548475,10.218076368052902,62.48522504898175,2001.5423634959193,4,9,0.0,0.0
-9.0,-66.0,1.9958837579484532,52.616168780086944,11.414163059164329,5.0,30.0,LiCl,4.0,case2,aitken-gpu-fixed-round,monthly,6.827529,33,stalled,556.3,0.10888602900017917,False,-0.000868,3.2545549397858062,4.760014485854367,30.907338176647936,486.13358864682255,3,9,0.0,0.0
-9.0,-63.0,1.9958837579484532,52.616168780086944,11.414163059164329,5.0,30.0,LiCl,4.0,case2,aitken-gpu-fixed-round,monthly,6.916010,33,stalled,543.9,0.11270988805187636,False,-0.001655,0.968244473704101,-0.3083356418103162,3.8095110563517993,4.163525410104027,4,9,0.0,0.0
-9.0,-60.0,1.9958837579484532,52.616168780086944,11.414163059164329,5.0,30.0,LiCl,4.0,case2,aitken-gpu-fixed-round,monthly,6.726667,33,stalled,540.2,0.104390650450967,False,0.000401,2.8993374839530217,0.8592088018764682,11.347839221598944,62.134061419335616,3,9,0.0,0.0
-9.0,-57.0,1.9958837579484532,52.616168780086944,11.414163059164329,5.0,30.0,LiCl,4.0,case2,aitken-gpu-fixed-round,monthly,7.051832,33,stalled,180.4,0.1117780806804576,False,-0.002080,1.2202298289982876,0.31361967670671537,5.154414974095328,10.204724913390603,4,9,0.0,0.0
-9.0,-54.0,1.9958837579484532,52.616168780086944,11.414163059164329,5.0,30.0,LiCl,4.0,case2,aitken-gpu-fixed-round,monthly,7.336677,33,stalled,565.8,0.08845551422280563,False,0.001733,2.3715102968224615,0.31649502039652966,8.768250205135601,35.65738423165933,3,9,0.0,0.0
-9.0,-51.0,1.9958837579484532,52.616168780086944,11.414163059164329,5.0,30.0,LiCl,4.0,case2,aitken-gpu-fixed-round,monthly,7.190484,33,stalled,576.4,0.08140384971326774,False,0.003172,1.702025967789143,0.9748347631346805,12.286047020698422,73.07576408987595,2,9,0.0,0.0
-9.0,-48.0,2.50240258695637,52.59134520941265,11.99999982330242,5.0,30.0,LiCl,4.0,case2,aitken-gpu-fixed-round,monthly,7.631758,33,stalled,554.3,0.06425691487429405,False,-0.001738,0.5236306946719739,0.544606557104028,7.128200294462328,21.992396437706574,3,9,0.0,0.0
-9.0,-45.0,2.6394126541724487,59.999999738510475,11.999999990946025,5.0,30.0,LiCl,4.0,case2,aitken-gpu-fixed-round,monthly,7.872715,36,stalled,532.4,0.05424960819818576,False,-0.001470,0.12435575455319148,0.660507132164068,2.038706119620026,-2.363267888644105,4,12,0.0,0.0
-9.0,-42.0,2.8859197349235575,59.99999989352067,11.999999987923697,5.0,30.0,LiCl,4.0,case2,aitken-gpu-fixed-round,monthly,8.416968,36,stalled,909.7,0.04266950076248557,False,-0.001460,0.17836124003496434,0.4564263975215453,1.7225610151483461,-3.0757510908427337,4,12,0.0,0.0
-9.0,-39.0,2.4743928659959615,60.0,12.0,5.0,30.0,LiCl,4.0,case2,aitken-gpu-fixed-round,monthly,7.544412,36,stalled,818.1,0.05287481038854261,False,-0.000054,0.09561921130130871,0.40555030960121496,1.313578778036779,-4.055922335607719,4,12,0.0,0.0
-9.0,-36.0,1.9958837579484532,52.616168780086944,11.414163059164329,5.0,30.0,LiCl,4.0,case2,aitken-gpu-fixed-round,monthly,6.578863,33,stalled,715.1,0.10810683867405876,False,-0.001058,1.511191868574762,0.46489713508972824,7.835867641646474,27.844045941784596,4,9,0.0,0.0
-9.0,15.0,2.0325941450065894,59.99999684912681,11.999999942694425,5.0,30.0,LiCl,4.0,case2,aitken-gpu-fixed-round,monthly,7.116570,33,stalled,639.5,0.1031137337093751,False,-0.001248,0.14832952547830563,0.4346773459431846,3.168037272803035,0.6312009305312196,3,9,0.0,0.0
-9.0,18.0,2.2852540037671,59.99999979670302,11.999999999281025,5.0,30.0,LiCl,4.0,case2,aitken-gpu-fixed-round,monthly,8.429463,36,stalled,707.1,0.07267396988327016,False,-0.000836,0.09821072820133848,0.33263442456458236,1.4113190997664629,-4.049620570696929,4,12,0.0,0.0
-9.0,21.0,2.313086289326699,59.999999891295715,11.999999978312438,5.0,30.0,LiCl,4.0,case2,aitken-gpu-fixed-round,monthly,8.343137,36,stalled,973.5,0.06929036805204553,False,-0.000464,0.10403383587860524,0.231597526483947,1.267131834125104,-4.3501531317003845,4,12,0.0,0.0
-9.0,24.0,2.3039458482844974,59.9999992911959,11.999999780119483,5.0,30.0,LiCl,4.0,case2,aitken-gpu-fixed-round,monthly,8.350230,33,stalled,733.6,0.07503178282924848,False,-0.001246,0.28839083522709813,0.4440250580315798,4.307680415325078,5.259280207109161,3,9,0.0,0.0
-9.0,27.0,2.3902681994121924,60.0,12.0,5.0,30.0,LiCl,4.0,case2,aitken-gpu-fixed-round,monthly,8.021405,33,stalled,691.8,0.07226591470613561,False,-0.002283,0.7898977331235626,0.5100016317119087,7.673775246649932,26.407293265964288,3,9,0.0,0.0
-9.0,30.0,2.3564573476902884,59.999999731577184,11.999999959226873,5.0,30.0,LiCl,4.0,case2,aitken-gpu-fixed-round,monthly,8.830919,36,stalled,1023.9,0.06177864537514908,False,0.000108,0.10676079743712874,0.4527685099054705,2.0756287465501515,-2.8336629913986995,4,12,0.0,0.0
-9.0,33.0,2.348346335431405,60.0,12.0,5.0,30.0,LiCl,4.0,case2,aitken-gpu-fixed-round,monthly,7.454056,36,stalled,703.2,0.06475550681351125,False,-0.000395,0.20651646764635218,0.0934301068780419,4.396671812783811,5.165813356043376,3,12,0.0,0.0
-9.0,36.0,2.3204379013869603,60.0,12.0,5.0,30.0,LiCl,4.0,case2,aitken-gpu-fixed-round,monthly,7.606588,33,stalled,590.8,0.0851038788505777,False,-0.003298,0.45156084877617575,0.8838361200274638,7.880571017897948,27.422328310047888,3,9,0.0,0.0
-9.0,39.0,2.182721498478605,48.073593184786645,12.0,5.0,30.0,LiCl,4.0,case2,aitken-gpu-fixed-round,monthly,6.799284,33,stalled,746.1,0.10132498426071791,False,-0.003461,0.944753069012302,0.032287673006318775,6.347553208606828,16.97278442679111,3,9,0.0,0.0
-9.0,117.0,1.9958837579484532,52.616168780086944,11.414163059164329,5.0,30.0,LiCl,4.0,case2,aitken-gpu-fixed-round,monthly,5.915025,33,stalled,588.6,0.09846975604909917,False,0.001895,4.717584481084958,2.7433944688961636,20.79782849462753,217.3232511028522,3,9,0.0,0.0
-9.0,126.0,1.9958837579484532,52.616168780086944,11.414163059164329,5.0,30.0,LiCl,4.0,case2,aitken-gpu-fixed-round,monthly,6.310522,33,stalled,537.7,0.08462286120656762,False,0.003954,1.7550253975020618,1.1314498283755599,12.971505184245633,81.90278415368665,3,9,0.0,0.0
-9.0,141.0,1.9958837579484532,52.616168780086944,11.414163059164329,5.0,30.0,LiCl,4.0,case2,aitken-gpu-fixed-round,monthly,6.941651,33,stalled,336.9,0.11978807510681438,False,-0.002783,1.7039499814465595,-0.16312487747474613,4.474711725605734,7.29472888166447,4,9,0.0,0.0
-9.0,147.0,1.7202226964632932,60.0,12.0,5.0,30.0,LiCl,4.0,case2,aitken-gpu-fixed-round,monthly,6.863973,33,stalled,560.5,0.13396099725043556,False,0.000914,6.93556551278638,3.6434650605084227,23.06902670255211,269.8457045643599,3,9,0.0,0.0
-6.0,-81.0,2.24421864153029,59.99999964234644,11.999999996308757,5.0,30.0,LiCl,4.0,case2,aitken-gpu-fixed-round,monthly,6.167051,33,stalled,597.6,0.08640990941055285,False,-0.001960,0.04414307587111915,0.03983961590760491,1.3559860808598303,-4.2759106274737775,4,9,0.0,0.0
-6.0,-78.0,2.300170514845661,59.9999987589601,11.999999993023566,5.0,30.0,LiCl,4.0,case2,aitken-gpu-fixed-round,monthly,6.934411,36,stalled,767.2,0.08614377157804039,False,-0.002293,0.06908935692212273,0.19975884066731042,1.878624974444737,-3.368348522374638,4,12,0.0,0.0
-6.0,-75.0,2.02414948721315,42.512997526305384,11.999952587709023,5.0,30.0,LiCl,4.0,case2,aitken-gpu-fixed-round,monthly,6.426779,33,stalled,536.7,0.13660481903400032,False,-0.001177,1.4158218231125137,-0.15704466485348031,2.5763236163123637,0.16792950165594211,4,9,0.0,0.0
-6.0,-72.0,1.8147295037215425,59.99999227874645,11.999999799788121,5.0,30.0,LiCl,4.0,case2,aitken-gpu-fixed-round,monthly,6.462358,33,stalled,558.8,0.12962133547012292,False,-0.000785,0.8516625042603009,-0.43475658655422944,2.9045726397115486,1.2396054867483177,4,9,0.0,0.0
-6.0,-69.0,1.9958837579484532,52.616168780086944,11.414163059164329,5.0,30.0,LiCl,4.0,case2,aitken-gpu-fixed-round,monthly,6.511146,33,stalled,563.7,0.1306367266190531,False,-0.003930,2.5454257793599777,2.594631439159751,21.870243233264002,239.6701755439891,2,9,0.0,0.0
-6.0,-66.0,1.9958837579484532,52.616168780086944,11.414163059164329,5.0,30.0,LiCl,4.0,case2,aitken-gpu-fixed-round,monthly,6.551060,33,stalled,589.5,0.1230989518476109,False,-0.004012,0.9924338296169948,-0.4454644958413616,3.835780657507126,4.382535091221742,3,9,0.0,0.0
-6.0,-63.0,1.9958837579484532,52.616168780086944,11.414163059164329,5.0,30.0,LiCl,4.0,case2,aitken-gpu-fixed-round,monthly,6.527430,33,stalled,535.3,0.12626937112961914,False,-0.004480,0.6428942678299747,0.10213334300496622,3.7400384664896364,3.87383427190709,3,9,0.0,0.0
-6.0,-60.0,1.9958837579484532,52.616168780086944,11.414163059164329,5.0,30.0,LiCl,4.0,case2,aitken-gpu-fixed-round,monthly,6.723242,33,stalled,558.2,0.1076065228622191,False,-0.000701,1.7970067137091004,0.2674818169801537,6.147582493250549,16.15994717643014,3,9,0.0,0.0
-6.0,-57.0,1.9958837579484532,52.616168780086944,11.414163059164329,5.0,30.0,LiCl,4.0,case2,aitken-gpu-fixed-round,monthly,7.003071,33,stalled,583.7,0.10535121467343969,False,-0.000600,0.8453999519906834,0.14756580539761532,4.62896254794241,7.424716085529097,3,9,0.0,0.0
-6.0,-54.0,1.9958837579484532,52.616168780086944,11.414163059164329,5.0,30.0,LiCl,4.0,case2,aitken-gpu-fixed-round,monthly,7.125423,33,stalled,574.2,0.09343942917243722,False,0.001552,2.1419724416642856,2.765408857137085,20.96995867180286,220.87712432550515,2,9,0.0,0.0
-6.0,-51.0,1.9958837579484532,52.616168780086944,11.414163059164329,5.0,30.0,LiCl,4.0,case2,aitken-gpu-fixed-round,monthly,7.142379,33,stalled,578.2,0.08385931046887769,False,0.003174,2.0451503086735277,1.692984913984383,15.396212538769952,117.19125580955736,3,9,0.0,0.0
-6.0,-48.0,2.4416285191339684,60.0,12.0,5.0,30.0,LiCl,4.0,case2,aitken-gpu-fixed-round,monthly,7.660069,42,stalled,1093.3,0.06690679115059507,False,-0.002320,0.6416679583970802,0.5673599027405198,4.544089530235444,7.015422401104274,3,18,0.0,0.0
-6.0,-45.0,2.522945098950409,53.19863463828904,11.999999780110754,5.0,30.0,LiCl,4.0,case2,aitken-gpu-fixed-round,monthly,7.682651,33,stalled,569.8,0.057795144462988814,False,-0.001362,0.4786785065301146,0.5220482282990742,6.952864629965364,20.722593392491895,3,9,0.0,0.0
-6.0,-42.0,2.5124751702815726,59.99999957989044,11.999998908731968,5.0,30.0,LiCl,4.0,case2,aitken-gpu-fixed-round,monthly,8.149425,39,stalled,930.0,0.055362181487215355,False,-0.000694,0.2881460077070115,0.4004099784722565,3.70888903428936,3.044601919032201,3,15,0.0,0.0
-6.0,-39.0,2.647543202821699,59.99999817595219,11.999999920779054,5.0,30.0,LiCl,4.0,case2,aitken-gpu-fixed-round,monthly,7.115901,39,stalled,887.7,0.047911013030621355,False,-0.001274,0.20657301846260898,0.35387767391849384,3.7587254082454105,2.8370274011614005,3,15,0.0,0.0
-6.0,-36.0,2.3627361156709603,59.99999944880118,11.999999816785934,5.0,30.0,LiCl,4.0,case2,aitken-gpu-fixed-round,monthly,7.152240,36,stalled,631.0,0.07721983767390232,False,-0.001590,0.0757223439976183,0.1025363376642671,1.4460512044045308,-4.089237606914487,4,12,0.0,0.0
-6.0,15.0,1.9958837579484532,52.616168780086944,11.414163059164329,5.0,30.0,LiCl,4.0,case2,aitken-gpu-fixed-round,monthly,7.089239,33,stalled,525.4,0.10791127636703905,False,-0.000822,1.000429546116516,1.1340877901828275,9.014571592198987,37.99786963273894,3,9,0.0,0.0
-6.0,18.0,2.2993289038998204,59.999998838413326,11.99999965971596,5.0,30.0,LiCl,4.0,case2,aitken-gpu-fixed-round,monthly,7.539906,33,stalled,521.4,0.08454066562163662,False,-0.002471,0.2224914438247361,0.4014110538568433,3.2790272001740077,1.2049872238766945,3,9,0.0,0.0
-6.0,21.0,1.9958837579484532,52.616168780086944,11.414163059164329,5.0,30.0,LiCl,4.0,case2,aitken-gpu-fixed-round,monthly,7.639186,33,stalled,541.3,0.07842883612802537,False,0.005681,1.2465020849790818,0.707606764654927,7.993338072399144,29.354918313094032,4,9,0.0,0.0
-6.0,24.0,2.478939937748396,60.0,12.0,5.0,30.0,LiCl,4.0,case2,aitken-gpu-fixed-round,monthly,7.922022,42,stalled,890.5,0.07174412260986326,False,-0.002424,0.6874792917406908,0.5117636389815877,4.66705016288204,7.496664400921708,3,18,0.0,0.0
-6.0,27.0,2.613423046320666,60.0,12.0,5.0,30.0,LiCl,4.0,case2,aitken-gpu-fixed-round,monthly,8.194213,42,stalled,888.1,0.061546574924713125,False,-0.002118,0.4813510645648229,0.36063361574358627,3.434642441753587,2.0908492835223615,3,18,0.0,0.0
-6.0,30.0,2.3607816808623165,59.99999718304124,11.999999908680236,5.0,30.0,LiCl,4.0,case2,aitken-gpu-fixed-round,monthly,7.371551,39,stalled,758.8,0.0758846947702316,False,-0.001678,0.20541734523083044,0.7120017231121701,4.880316694486431,7.6253099392486705,3,15,0.0,0.0
-6.0,33.0,2.647922610593865,59.9999996253829,11.99999998103558,5.0,30.0,LiCl,4.0,case2,aitken-gpu-fixed-round,monthly,8.265152,36,stalled,664.4,0.05805784923629093,False,-0.001410,0.12205583386839541,0.2497456166000157,1.4224765282037863,-3.9132111035377006,4,12,0.0,0.0
-6.0,36.0,2.734546933088831,59.99999964888013,11.999999973229992,5.0,30.0,LiCl,4.0,case2,aitken-gpu-fixed-round,monthly,7.261436,36,stalled,681.7,0.04886524644833212,False,-0.001360,0.10987371137323887,0.048775438390628936,1.6059978185856931,-3.399268662673421,4,12,0.0,0.0
-6.0,141.0,1.4463584590327083,59.06587341332302,9.970163871494666,5.0,30.0,LiCl,4.0,case2,aitken-gpu-fixed-round,monthly,6.837450,33,stalled,499.1,0.1700367993323097,False,0.000502,1.522770460360465,0.17103487213943713,2.6820248633464474,0.761583318348487,4,9,0.0,0.0
-6.0,144.0,1.9440029149322922,41.61905609892498,12.0,5.0,30.0,LiCl,4.0,case2,aitken-gpu-fixed-round,monthly,6.278841,33,stalled,494.4,0.15380785324424154,False,0.001383,1.5977911993105587,-0.08767182777175064,1.2854182181401355,-2.2730122277036786,5,9,0.0,0.0
-6.0,147.0,2.135670716941624,60.0,12.0,5.0,30.0,LiCl,4.0,case2,aitken-gpu-fixed-round,monthly,7.022520,33,stalled,516.2,0.10217387929898798,False,-0.001480,4.307440069943677,2.4186058541685838,19.75848626807409,195.27632445582668,4,9,0.0,0.0
-6.0,150.0,1.5863278034275348,26.220595594992638,12.0,5.0,30.0,LiCl,4.0,case2,aitken-gpu-fixed-round,monthly,8.066581,39,stalled,718.2,0.19697387976361977,False,-0.002419,10.035919816698142,1.4985310337287019,15.69279776537659,121.21547191213898,5,15,0.0,0.0
-3.0,-78.0,1.9958837579484532,52.616168780086944,11.414163059164329,5.0,30.0,LiCl,4.0,case2,aitken-gpu-fixed-round,monthly,7.895493,33,stalled,502.7,0.12707440308240875,False,-0.003960,1.161970012287269,1.1644963617957107,8.850440398217502,36.80731656958726,1,9,0.0,0.0
-3.0,-75.0,2.0116609456655357,44.68969126481799,12.0,5.0,30.0,LiCl,4.0,case2,aitken-gpu-fixed-round,monthly,6.568102,33,stalled,491.1,0.1479960997287366,False,0.006570,2.9612385918437236,0.6572016613937981,9.799672207282741,45.33700742572155,4,9,0.0,0.0
-3.0,-72.0,1.7222426156239667,32.82845443132534,12.0,5.0,30.0,LiCl,4.0,case2,aitken-gpu-fixed-round,monthly,6.391985,42,stalled,899.4,0.15805947248811197,False,-0.003724,1.8386874088873542,2.2250563408914785,12.611014468909566,77.87849024038712,4,18,0.0,0.0
-3.0,-69.0,1.854372614689257,33.696151487326915,11.9999998222413,5.0,30.0,LiCl,4.0,case2,aitken-gpu-fixed-round,monthly,6.247144,39,stalled,851.2,0.15540068297413678,False,-0.005424,1.8198511387640655,-0.3955996920970016,5.782558205919671,12.692318483548757,2,15,0.0,0.0
-3.0,-66.0,1.9958837579484532,52.616168780086944,11.414163059164329,5.0,30.0,LiCl,4.0,case2,aitken-gpu-fixed-round,monthly,6.248631,33,stalled,429.9,0.1326178526246261,False,-0.004492,14.912338893037305,37.45848383575531,206.64912510291776,22049.92053916981,4,9,0.0,0.0
-3.0,-63.0,1.9958837579484532,52.616168780086944,11.414163059164329,5.0,30.0,LiCl,4.0,case2,aitken-gpu-fixed-round,monthly,6.321560,33,stalled,483.0,0.11570497533095496,False,-0.001885,3.115340309275669,0.10502509081732414,6.88335324925321,21.062932970767033,4,9,0.0,0.0
-3.0,-60.0,2.053360421955089,47.6119712613197,12.0,5.0,30.0,LiCl,4.0,case2,aitken-gpu-fixed-round,monthly,6.505207,33,stalled,533.5,0.0994145769348208,False,0.000170,1.1682505333854147,0.7801199617211773,7.709994971928877,26.8865378492591,3,9,0.0,0.0
-3.0,-57.0,1.9958837579484532,52.616168780086944,11.414163059164329,5.0,30.0,LiCl,4.0,case2,aitken-gpu-fixed-round,monthly,6.666159,33,stalled,620.8,0.1162706511740851,False,-0.002367,2.0338393261808534,1.1850296289838125,12.410046042964607,74.8212074239268,4,9,0.0,0.0
-3.0,-54.0,2.192089232798388,47.274151465864804,12.0,5.0,30.0,LiCl,4.0,case2,aitken-gpu-fixed-round,monthly,6.891906,33,stalled,308.6,0.09327081498659259,False,-0.002334,1.123682295583195,0.07816727524567202,5.1098756909783996,9.993147985457757,3,9,0.0,0.0
-3.0,-51.0,1.9958837579484532,52.616168780086944,11.414163059164329,5.0,30.0,LiCl,4.0,case2,aitken-gpu-fixed-round,monthly,6.820335,33,stalled,477.1,0.09087167106955599,False,0.002037,1.5528872686548247,0.25223948271606167,7.436268387442629,24.86250733854498,6,9,0.0,0.0
-3.0,-48.0,1.9958837579484532,52.616168780086944,11.414163059164329,5.0,30.0,LiCl,4.0,case2,aitken-gpu-fixed-round,monthly,6.756168,33,stalled,480.2,0.10309429662064665,False,-0.000225,2.0835563082082955,0.966561890315679,10.68617911986947,54.6676265710321,4,9,0.0,0.0
-3.0,-45.0,1.9958837579484532,52.616168780086944,11.414163059164329,5.0,30.0,LiCl,4.0,case2,aitken-gpu-fixed-round,monthly,6.547944,33,stalled,462.3,0.09497591485870865,False,0.002255,0.7820418668918347,-0.33649049486398047,3.8448497213423196,4.231733845814942,5,9,0.0,0.0
-3.0,-42.0,2.4557072238462574,59.99999987767078,11.999999783500908,5.0,30.0,LiCl,4.0,case2,aitken-gpu-fixed-round,monthly,6.407822,33,stalled,476.8,0.06937015016876207,False,-0.002037,0.5876440308143756,0.7064079468893149,7.43870106360865,24.632848310326725,3,9,0.0,0.0
-3.0,12.0,1.3216709445645485,40.76104419337622,10.316452868186248,5.0,30.0,LiCl,4.0,case2,aitken-gpu-fixed-round,monthly,7.806416,33,stalled,473.8,0.2013732898403502,False,-0.002173,19.01453423576047,4.365615458862379,25.896756815628315,342.2474122500114,2,9,0.0,0.0
-3.0,15.0,1.9958837579484532,52.616168780086944,11.414163059164329,5.0,30.0,LiCl,4.0,case2,aitken-gpu-fixed-round,monthly,6.972754,33,stalled,480.1,0.12996745597406317,False,-0.005167,4.220853469990017,4.3434863883424155,24.626000388167107,309.6085577374352,3,9,0.0,0.0
-3.0,18.0,1.9958837579484532,52.616168780086944,11.414163059164329,5.0,30.0,LiCl,4.0,case2,aitken-gpu-fixed-round,monthly,7.088295,33,stalled,464.9,0.09868370046923301,False,0.002378,1.0798057734220974,0.6329292422396313,7.306583288410432,23.97450957331157,4,9,0.0,0.0
-3.0,21.0,2.3716579179607384,60.0,12.0,5.0,30.0,LiCl,4.0,case2,aitken-gpu-fixed-round,monthly,7.292875,33,stalled,483.3,0.09335563316971102,False,-0.001370,0.7401602654523791,0.6830727648659848,8.448281304545823,32.492763593802714,4,9,0.0,0.0
-3.0,24.0,2.2531215966465097,60.0,12.0,5.0,30.0,LiCl,4.0,case2,aitken-gpu-fixed-round,monthly,7.454815,33,stalled,465.6,0.0903598180528291,False,-0.001904,0.28439330513765243,0.1573414954933886,4.162408491741276,4.542876447748634,3,9,0.0,0.0
-3.0,27.0,1.9958837579484532,52.616168780086944,11.414163059164329,5.0,30.0,LiCl,4.0,case2,aitken-gpu-fixed-round,monthly,6.828539,33,stalled,465.2,0.10275431962202922,False,0.000740,2.3029837339646853,1.9618131294815682,16.560719328566847,136.2545094317298,3,9,0.0,0.0
-3.0,30.0,2.3715522878621993,59.99999994142825,11.999999987181157,5.0,30.0,LiCl,4.0,case2,aitken-gpu-fixed-round,monthly,7.578805,36,stalled,631.6,0.07237120255757246,False,-0.001234,0.07541640355832445,0.05196878301570086,1.2334841714133007,-4.477569221035789,4,12,0.0,0.0
-3.0,33.0,2.809494527638027,59.999999976269606,11.999999997224808,5.0,30.0,LiCl,4.0,case2,aitken-gpu-fixed-round,monthly,7.612108,36,stalled,644.5,0.04636465236493837,False,-0.002102,0.09548219018485314,0.051413202006847195,1.1689083986788011,-4.128806702476008,4,12,0.0,0.0
-3.0,36.0,3.1178330018648994,59.99999998928955,11.894341638827068,5.0,30.0,LiCl,4.0,case2,aitken-gpu-fixed-round,monthly,8.725103,33,stalled,505.6,0.0306224054132079,False,-0.001607,0.1479910674552831,-0.10981662567183872,1.3335484768577983,-3.211201664092119,4,9,0.0,0.0
-3.0,39.0,2.5564588727394817,59.99999917085391,11.999997343442772,5.0,30.0,LiCl,4.0,case2,aitken-gpu-fixed-round,monthly,6.882825,36,stalled,343.5,0.05762526314359996,False,-0.000240,0.08112890116934744,0.11891163905841926,1.3582837364568168,-4.03567930209141,4,12,0.0,0.0
-3.0,102.0,1.7408477651549343,36.622211448236754,12.0,5.0,30.0,LiCl,4.0,case2,aitken-gpu-fixed-round,monthly,6.604839,39,stalled,843.0,0.16390689362529184,False,-0.006306,2.134935008654184,0.38267818846759644,4.921945868893606,8.258028694476888,5,15,0.0,0.0
-3.0,105.0,1.4463584590327083,59.06587341332302,9.970163871494666,5.0,30.0,LiCl,4.0,case2,aitken-gpu-fixed-round,monthly,6.726578,33,stalled,593.2,0.15467789189399264,False,0.005293,3.887863164049847,1.4076920803007382,16.573963646232947,135.58043307830505,2,9,0.0,0.0
-3.0,111.0,1.9958837579484532,52.616168780086944,11.414163059164329,5.0,30.0,LiCl,4.0,case2,aitken-gpu-fixed-round,monthly,6.786538,33,stalled,531.3,0.1342187402933032,False,-0.004003,1.6958911077893728,-0.25946684473239046,3.2157342135511593,2.255123960125375,5,9,0.0,0.0
-3.0,114.0,1.4463584590327083,59.06587341332302,9.970163871494666,5.0,30.0,LiCl,4.0,case2,aitken-gpu-fixed-round,monthly,6.615855,33,stalled,566.4,0.1542869311716668,False,0.006019,1.625427177765807,0.2748810136513185,4.176149547569713,5.814933862617194,4,9,0.0,0.0
-3.0,120.0,1.9958837579484532,52.616168780086944,11.414163059164329,5.0,30.0,LiCl,4.0,case2,aitken-gpu-fixed-round,monthly,5.996116,33,stalled,495.5,0.14707715599474877,False,0.005590,5.379522082698946,1.3683639606898363,13.334419047079296,87.0914093721175,3,9,0.0,0.0
-3.0,129.0,1.4463584590327083,59.06587341332302,9.970163871494666,5.0,30.0,LiCl,4.0,case2,aitken-gpu-fixed-round,monthly,6.729968,33,stalled,561.7,0.1789546457115819,False,-0.002043,7.250803830045794,1.4388176617249087,8.431476252415239,33.5395252486455,5,9,0.0,0.0
-3.0,138.0,1.7645579587488207,59.999999904186325,11.999999991852462,5.0,30.0,LiCl,4.0,case2,aitken-gpu-fixed-round,monthly,9.715966,33,stalled,516.7,0.12674591150549577,False,-0.002310,0.030207090531150883,0.22686781050487476,1.644019070967659,-4.482904181939626,4,9,0.0,0.0
-3.0,141.0,1.4463584590327083,59.06587341332302,9.970163871494666,5.0,30.0,LiCl,4.0,case2,aitken-gpu-fixed-round,monthly,6.958513,33,stalled,487.8,0.16198530307546258,False,0.002779,31.544468211620416,5.597967622744821,40.55033781981588,835.3476249540867,2,9,0.0,0.0
0.0,-78.0,1.6820005057568435,59.99999997398267,11.99999999632707,5.0,30.0,LiCl,4.0,case2,aitken-gpu-fixed-round,monthly,13.572596,33,stalled,750.5,0.13399985999084824,False,-0.002613,0.04032108067602462,0.06062944923044007,1.032046453092227,-5.428656130200393,3,9,0.0,0.0
0.0,-75.0,1.9958837579484532,52.616168780086944,11.414163059164329,5.0,30.0,LiCl,4.0,case2,aitken-gpu-fixed-round,monthly,6.610160,33,stalled,468.0,0.14459134471909257,False,0.004593,8.887246591459304,2.876942572498833,23.45746674384968,276.6705045834616,2,9,0.0,0.0
0.0,-72.0,1.9958837579484532,52.616168780086944,11.414163059164329,5.0,30.0,LiCl,4.0,case2,aitken-gpu-fixed-round,monthly,6.296526,33,stalled,477.6,0.14025833581177163,False,0.001338,5.052109732251704,1.8227853883958915,17.99549520318876,160.75791664695922,4,9,0.0,0.0
0.0,-69.0,1.937571290730583,41.932585373927914,12.0,5.0,30.0,LiCl,4.0,case2,aitken-gpu-fixed-round,monthly,6.295072,33,stalled,471.7,0.14917435727365222,False,0.000017,1.1702578815221432,-0.24418517434239398,2.3445970015743263,-0.5341480521746886,4,9,0.0,0.0
0.0,-66.0,1.9958837579484532,52.616168780086944,11.414163059164329,5.0,30.0,LiCl,4.0,case2,aitken-gpu-fixed-round,monthly,6.257399,33,stalled,411.0,0.12308680187065224,False,-0.003480,8.116904247335953,16.51928017489373,90.95097700173751,4269.219686478858,3,9,0.0,0.0
0.0,-63.0,2.3946999222641074,49.38029006690913,12.0,5.0,30.0,LiCl,4.0,case2,aitken-gpu-fixed-round,monthly,6.539232,33,stalled,476.3,0.09320353403772004,False,0.000076,0.5752778556460532,-0.3238492572939702,4.085663189866872,5.33000679059397,4,9,0.0,0.0
0.0,-60.0,1.9958837579484532,52.616168780086944,11.414163059164329,5.0,30.0,LiCl,4.0,case2,aitken-gpu-fixed-round,monthly,6.546412,33,stalled,496.8,0.08669443420233215,False,0.003656,0.8588667109327257,0.8893110590757979,8.149522116261359,30.410685903810172,3,9,0.0,0.0
0.0,-57.0,2.4463366222349,45.04922690777702,12.0,5.0,30.0,LiCl,4.0,case2,aitken-gpu-fixed-round,monthly,6.649433,33,stalled,492.9,0.07716248511453984,False,-0.002952,1.27812543754428,0.08447106472132034,7.40980808116442,24.68331445321466,3,9,0.0,0.0
0.0,-54.0,2.222156779986888,46.084035485554544,12.0,5.0,30.0,LiCl,4.0,case2,aitken-gpu-fixed-round,monthly,6.630286,33,stalled,499.9,0.08592798819679238,False,-0.001547,0.9153072327664075,0.01985950138808581,5.611344874088899,12.796287532949002,4,9,0.0,0.0
0.0,-51.0,2.42293041901504,46.05536356590261,12.0,5.0,30.0,LiCl,4.0,case2,aitken-gpu-fixed-round,monthly,6.390783,33,stalled,471.9,0.0878195589479239,False,-0.000070,1.345018606462015,-0.32184784430339175,4.971266100579357,9.486957929239363,3,9,0.0,0.0
0.0,12.0,1.4463584590327083,59.06587341332302,9.970163871494666,5.0,30.0,LiCl,4.0,case2,aitken-gpu-fixed-round,monthly,7.526812,33,stalled,484.6,0.1726167275055253,False,0.000462,20.10141386304242,4.0569170229271,31.793371133952014,511.14973723006915,4,9,0.0,0.0
0.0,15.0,1.9958837579484532,52.616168780086944,11.414163059164329,5.0,30.0,LiCl,4.0,case2,aitken-gpu-fixed-round,monthly,6.632645,33,stalled,411.4,0.14237274340645287,False,0.002042,17.161503732520124,38.00335966833744,211.6044028328849,23106.663083876036,4,9,0.0,0.0
0.0,18.0,1.9958837579484532,52.616168780086944,11.414163059164329,5.0,30.0,LiCl,4.0,case2,aitken-gpu-fixed-round,monthly,6.665205,33,stalled,485.2,0.12759955986054974,False,-0.004621,4.087547455763212,6.637778446024967,42.27949801734591,913.1026892656052,2,9,0.0,0.0
0.0,21.0,1.9958837579484532,52.616168780086944,11.414163059164329,5.0,30.0,LiCl,4.0,case2,aitken-gpu-fixed-round,monthly,7.011346,33,stalled,491.2,0.10063655264579793,False,0.001418,1.5448594220301697,0.9128639099733835,11.019623956087827,58.23256346551901,2,9,0.0,0.0
0.0,24.0,1.9958837579484532,52.616168780086944,11.414163059164329,5.0,30.0,LiCl,4.0,case2,aitken-gpu-fixed-round,monthly,7.083130,33,stalled,481.5,0.10818333072860882,False,0.000158,1.0659270623909336,1.3339450202570229,9.295022826248568,40.859876546686245,3,9,0.0,0.0
0.0,27.0,1.9958837579484532,52.616168780086944,11.414163059164329,5.0,30.0,LiCl,4.0,case2,aitken-gpu-fixed-round,monthly,6.898843,33,stalled,563.7,0.11659744592553598,False,-0.002648,2.0782441846945585,2.0719570492842454,16.360113173702253,132.9901952276039,3,9,0.0,0.0
0.0,30.0,3.1362247184214014,59.9999997716279,11.999999958293555,5.0,30.0,LiCl,4.0,case2,aitken-gpu-fixed-round,monthly,8.356764,36,stalled,699.6,0.03233484714399996,False,-0.001741,0.12645794167584573,0.15027308413648963,1.2563784032434935,-3.8239546830727877,4,12,0.0,0.0
0.0,33.0,2.7799774771693504,59.99999999153616,11.999999907257804,5.0,30.0,LiCl,4.0,case2,aitken-gpu-fixed-round,monthly,9.121997,36,stalled,745.6,0.04640305581756153,False,-0.001863,0.0939642584619082,0.2943486254881817,1.4064640431206046,-3.943367045447477,4,12,0.0,0.0
0.0,36.0,2.8172643680056546,59.99999998936789,11.999999958905054,5.0,30.0,LiCl,4.0,case2,aitken-gpu-fixed-round,monthly,7.548096,36,stalled,690.4,0.04492143747928433,False,-0.001810,0.08501865275178254,0.323397723660313,1.4147318056468916,-3.863456060442172,4,12,0.0,0.0
0.0,39.0,3.153866646426183,59.99999997224928,11.99999998980691,5.0,30.0,LiCl,4.0,case2,aitken-gpu-fixed-round,monthly,7.750987,36,stalled,689.4,0.030723760596144758,False,-0.001063,0.14913935317331722,0.2277186156436302,1.2588534443018606,-3.4888154507719435,4,12,0.0,0.0
0.0,42.0,2.549076342296429,59.9999993418148,11.999999952579664,5.0,30.0,LiCl,4.0,case2,aitken-gpu-fixed-round,monthly,6.513520,33,stalled,524.1,0.0639393864722359,False,-0.001699,0.2097238044369781,0.2541645229257666,3.362617847819485,1.6818226593537426,3,9,0.0,0.0
0.0,102.0,1.4463584590327083,59.06587341332302,9.970163871494666,5.0,30.0,LiCl,4.0,case2,aitken-gpu-fixed-round,monthly,6.568946,33,stalled,527.5,0.16104154165907927,False,0.004129,5.4797058771825915,3.361639785635253,27.03186644787295,368.4274255279997,3,9,0.0,0.0
0.0,111.0,1.4463584590327083,59.06587341332302,9.970163871494666,5.0,30.0,LiCl,4.0,case2,aitken-gpu-fixed-round,monthly,6.433890,33,stalled,508.2,0.17253050236489073,False,0.000744,5.863595143792108,-1.4114300069483385,7.838879005860871,28.5564069066819,5,9,0.0,0.0
0.0,114.0,1.4463584590327083,59.06587341332302,9.970163871494666,5.0,30.0,LiCl,4.0,case2,aitken-gpu-fixed-round,monthly,6.566654,33,stalled,432.2,0.16100151086963918,False,0.003196,7.8995344181298535,1.2103244209665889,8.13614597074589,31.15707407449088,3,9,0.0,0.0
0.0,117.0,1.9958837579484532,52.616168780086944,11.414163059164329,5.0,30.0,LiCl,4.0,case2,aitken-gpu-fixed-round,monthly,6.471322,33,stalled,484.4,0.14512858462172382,False,0.004644,5.303502568477126,1.9703311880045882,17.930195882809624,159.8832270640234,6,9,0.0,0.0
0.0,120.0,1.6670153783254795,43.27165142155554,12.0,5.0,30.0,LiCl,4.0,case2,aitken-gpu-fixed-round,monthly,6.346417,42,stalled,898.5,0.14781626575561738,False,-0.000745,2.6104136845793797,1.939064406166345,17.651647427928623,154.52858601580184,2,18,0.0,0.0
3.0,-75.0,2.2004863308485323,59.99999921936576,11.99999998170288,5.0,30.0,LiCl,4.0,case2,aitken-gpu-fixed-round,monthly,8.784146,33,stalled,526.2,0.0876206183905779,False,-0.001771,0.08269153406509797,0.1616858960333698,1.453663255720338,-3.941325012309475,4,9,0.0,0.0
3.0,-72.0,1.9958837579484532,52.616168780086944,11.414163059164329,5.0,30.0,LiCl,4.0,case2,aitken-gpu-fixed-round,monthly,6.590337,33,stalled,494.5,0.11891014316179771,False,-0.002928,9.839059260489268,7.46101578777422,48.40788997738939,1196.5435207891883,1,9,0.0,0.0
3.0,-69.0,1.7196019072155144,59.99369934564254,11.999185904522317,5.0,30.0,LiCl,4.0,case2,aitken-gpu-fixed-round,monthly,6.432897,33,stalled,497.2,0.1439398063350873,False,-0.001577,3.6450128502299335,1.608179035503492,15.527176660989644,119.27347089652393,4,9,0.0,0.0
3.0,-66.0,1.9958837579484532,52.616168780086944,11.414163059164329,5.0,30.0,LiCl,4.0,case2,aitken-gpu-fixed-round,monthly,5.993724,33,stalled,508.4,0.11723304386762133,False,-0.001982,5.069338435647791,3.5326603157807797,26.657804006208483,358.64289936536244,4,9,0.0,0.0
3.0,-63.0,2.3991244795518245,55.62037836962201,11.999999922026785,5.0,30.0,LiCl,4.0,case2,aitken-gpu-fixed-round,monthly,6.985865,39,stalled,639.0,0.07239896639828153,False,-0.001653,0.5419341950131642,0.30797043461373913,7.709204949395226,25.910890691721978,3,15,0.0,0.0
3.0,-60.0,2.668812816996855,60.0,12.0,5.0,30.0,LiCl,4.0,case2,aitken-gpu-fixed-round,monthly,7.091731,33,stalled,520.4,0.05541483785204768,False,-0.002021,0.5017079287900926,0.4302594968277433,6.511882664109946,17.78425811015726,3,9,0.0,0.0
