lat,lon,corrected_best_combined_lcow_usd_m3,corrected_hydrogel_thickness_mm,corrected_vapor_gap_mm,corrected_fin_area_ratio,original_best_combined_lcow_usd_m3,original_design_corrected_lcow_usd_m3,regret_frac,design_changed
-54.0,-72.0,17.784534479050603,1.191944425701381,30.272831701184476,12.0,28.138123539022192,17.8438790839798,0.0033368658032125052,True
-54.0,-69.0,14.773842202345794,1.9173182696325755,51.44904637815667,12.0,23.864190617870467,14.785039204629964,0.0007578937239760452,True
-51.0,-75.0,21.547442962010475,1.207693200666257,28.074418085143435,12.0,34.02374177645823,21.576262326573772,0.001337484202376479,True
-51.0,-72.0,12.32567064324444,1.982172852973055,58.15829298044114,11.129749496619104,19.98843375432831,12.380004514290347,0.00440818780726442,True
-48.0,-75.0,16.522074453949834,1.1521374886751137,31.103481290821442,4.916147117998203,26.178721701750465,16.601318294821787,0.004796240392985821,True
-48.0,-72.0,13.599424952166288,1.6988558393083877,58.15829343650927,11.129749565061253,21.8985672950388,13.681726530228337,0.006051842511836432,True
-48.0,-69.0,11.721691822080418,2.185869212943178,60.0,12.0,19.074863528662544,11.725166260807931,0.0002964110283951289,True
-48.0,-66.0,11.271944187059832,2.5649278259180535,60.0,12.0,18.455221160961695,11.35607050602683,0.007463337075743766,True
-45.0,-72.0,12.362862260180354,1.9958837579484532,52.616168780086944,11.414163059164329,19.989502396311156,12.414958908241143,0.00421396331726417,True
-45.0,-69.0,11.407127514355066,2.1798329360649937,60.0,12.0,18.599835648108854,11.435146503324683,0.0024562703392555945,True
-45.0,-66.0,10.606004303382521,2.4534522185772194,60.0,12.0,17.39898637782892,10.62863029214754,0.002133318836934847,True
-45.0,168.0,9.945493427499065,1.8126304347856488,55.80006824635003,12.0,16.044522913258557,9.976768048146758,0.003144602213623652,True
-45.0,171.0,9.190842699267805,2.224511915080736,59.06941908866546,12.0,15.004093268667363,9.216868293414572,0.0028316874739724705,True
-42.0,-72.0,9.78373212964645,2.043880969308343,60.0,12.0,15.86131743690201,9.790023101867627,0.0006430033179377014,True
-42.0,-69.0,9.407276618293718,2.288477458964228,60.0,12.0,15.362515417109195,9.415776391701998,0.0009035317821686208,True
-42.0,-66.0,9.755811409069187,2.55679970770011,59.99999971284371,11.999999999343682,16.037227407219014,9.790807304263604,0.003587184471594424,True
-42.0,147.0,7.728366287693615,2.1880565489089165,45.42592184612119,12.0,12.605638425745655,7.7515964197286635,0.0030058269976203636,True
-42.0,174.0,8.040513290968104,2.4351669860363487,59.06941963418909,12.0,13.216492327884556,8.07104463252395,0.003797188121079582,True
-39.0,-72.0,9.122475212454646,2.0499524581497734,58.15829371011096,11.129749743951352,14.830093379274548,9.166621641314023,0.00483930378885612,True
-39.0,-69.0,10.640013039615114,2.2593989910569907,59.999999866686,11.9999999954578,17.40497101281178,10.660622402474994,0.001936967819789896,True
-39.0,-66.0,9.087126006532545,2.5915078220606507,60.0,12.0,15.018805246563884,9.09647702341093,0.0010290400806221038,True
-39.0,-63.0,7.678796029075849,2.652960061465027,59.999999964136826,11.999999980284189,12.679025960681951,7.71476172767047,0.00468376793164407,True
-39.0,177.0,7.308428964664143,2.2928387319819628,59.069420434095065,12.0,11.94725184038479,7.324887521351286,0.0022519965325952973,True
-36.0,-72.0,7.176924245896612,2.5953702913678525,58.158293692142486,11.129749742933125,11.83876195159832,7.205873466839226,0.0040336528505461045,True
-36.0,-69.0,8.412029477031195,2.462648037724331,60.0,12.0,13.862377510333646,8.412029477031195,0.0,False
-36.0,-66.0,7.4380850136293235,2.7256601744902094,60.0,12.0,12.288230193559535,7.442906913032558,0.0006482716175465586,True
-36.0,-63.0,6.912647720790402,2.5282029200688068,60.0,12.0,11.382635247241039,6.966295543556515,0.007760821169110383,True
-36.0,-60.0,6.803319621198852,2.36597120044068,59.99999998662385,11.999999950763254,11.157032029563881,6.839422445020545,0.005306648199975541,True
-36.0,141.0,7.105021659343434,2.4332060622951897,60.0,12.0,11.654354005295339,7.187311970206669,0.01158199296338802,True
-36.0,144.0,7.226098715288786,2.470753968084718,60.0,12.0,11.874664606564567,7.241441574699706,0.0021232562708363946,True
-36.0,147.0,7.310097638182381,2.4391128271986946,60.0,12.0,12.002949576665996,7.3260000319404375,0.0021754010062731474,True
-36.0,150.0,6.590751438632276,2.2538149326897505,59.06942039791291,12.0,10.775559245591777,6.61380936861858,0.0034985282332371873,True
-36.0,174.0,6.634106000435491,2.2234510837185875,59.06942029433868,12.0,10.838177894412219,6.657988387933244,0.0035999405942843932,True
-33.0,-69.0,8.125077746001063,2.6923164470929155,60.0,12.0,13.417674545238274,8.134095140083428,0.0011098224982281709,True
-33.0,-66.0,6.380765195615421,2.82586500588706,60.0,12.0,10.590549216820643,6.398028456762902,0.00270551581483421,True
-33.0,-63.0,6.245537068694161,2.83345376321707,56.2686843944975,11.416180024925605,10.279787766765107,6.284124424059327,0.00617838865428965,True
3.0,-57.0,4.04575693451348,2.543502391715972,59.99999718677299,11.999997538075249,6.668656873024258,4.062482831167065,0.00413418228636037,True
3.0,-54.0,3.9348032683304552,2.333066315288883,51.68490641357231,12.0,6.439758877146785,3.943776223599768,0.0022804075978924885,True
3.0,-51.0,4.147152220688441,2.5053044797134305,60.0,12.0,6.822897304253861,4.1627827089983604,0.0037689690366187498,True
3.0,12.0,4.348066434959338,1.9958837579484532,52.616168780086944,11.414163059164329,7.073965568978028,4.348066434959338,0.0,False
3.0,15.0,4.176550912312743,2.2035769586147103,51.68558921418201,12.0,6.832451981913972,4.199618282185595,0.005523066845623149,True
3.0,18.0,4.004892812043346,2.2035769586147103,51.68558921418201,12.0,6.525989465160648,4.0112487785917565,0.0015870503523332537,True
3.0,21.0,4.385366741241904,2.635078127479113,43.84424062837414,11.999999683043056,7.216284115890633,4.411658154745614,0.005995259930362054,True
3.0,24.0,4.631190342836386,2.621234734889493,59.99999888936616,11.999998919810787,7.648835469990026,4.649957300058805,0.004052296673888179,True
3.0,27.0,4.48283312823543,2.7875099158628456,60.0,12.0,7.363828450122425,4.494381208838087,0.0025760674716890433,True
3.0,30.0,4.752389274697704,2.5798530853889154,59.06942003283212,12.0,7.84093789741406,4.769538466225262,0.003608540996181119,True
3.0,33.0,4.590673383797564,2.9949195422998254,59.99999990393837,11.999999985399196,7.640249625442151,4.624731501223069,0.0074189807416294,True
3.0,36.0,4.874072268962171,4.311691415551868,59.99999977978213,11.999999997921766,8.314225117396889,4.906613345351106,0.006676363129893488,True
3.0,39.0,5.452231611314192,3.7595269930478774,59.99999989314716,11.99999999239424,9.209107537198426,5.492465373485945,0.007379320072951772,True
3.0,42.0,4.584933727157667,3.0240863099408983,60.0,12.0,7.650751692520179,4.598959698313819,0.003059143706499597,True
3.0,45.0,4.018051748358611,2.947019462998739,60.0,12.0,6.685024812131614,4.026193345668663,0.002026254966322235,True
3.0,99.0,4.46496398931967,1.9958837579484532,52.616168780086944,11.414163059164329,7.232670682032774,4.493217608742626,0.006327849337763848,True
3.0,102.0,4.443610797618055,1.9958837579484532,52.616168780086944,11.414163059164329,7.17292838664764,4.453567802540468,0.0022407464055472447,True
3.0,114.0,4.103954213101387,1.6540516596989654,58.13529384741808,10.83566748129188,6.606670959559401,4.128475223098857,0.005974971630821104,True
3.0,117.0,4.195322579291181,1.836812888833298,44.52414807154119,12.0,6.772550281126628,4.206995845733882,0.002782447886205949,True
6.0,-75.0,4.1470659413175355,2.1371283001028876,47.59146089934872,11.129749743951352,6.754884515011988,4.1645817219615235,0.004223656168443574,True
6.0,-72.0,4.425425424436564,2.458166772474952,59.069420234589124,12.0,7.266561122813686,4.434744174947375,0.002105729871608368,True
6.0,-69.0,4.301562861470871,2.5109669153492717,43.8873868632013,12.0,7.079800826849109,4.31455464563142,0.0030202474260962154,True
6.0,-66.0,4.390425789702487,2.532095896717907,60.0,12.0,7.2188036832099085,4.421164436453756,0.007001290586294568,True
6.0,-63.0,4.017189389590137,2.5967630156261436,43.784193667993634,12.0,6.597837807350597,4.033572472900722,0.004078245191286834,True
6.0,-60.0,3.7141741891236504,2.2035769586147103,51.68558921418201,12.0,6.073750736224672,3.733276823724118,0.0051431714367103165,True
6.0,-9.0,4.320786188262931,1.6540516596989654,58.13529384741808,10.83566748129188,6.959069958415571,4.320786188262931,0.0,False
6.0,-6.0,4.2302453773609505,1.9958837579484532,52.616168780086944,11.414163059164329,6.841077706437844,4.249944752731913,0.004656792600350857,True
6.0,-3.0,4.193460464881441,1.9958837579484532,52.616168780086944,11.414163059164329,6.774222680523943,4.206017178894617,0.002994356121473704,True
6.0,0.0,4.142942358721724,2.2035769586147103,51.68558921418201,12.0,6.750962540774239,4.14953018091223,0.001590131269057338,True
6.0,6.0,4.347112688322453,1.9958837579484532,52.616168780086944,11.414163059164329,7.02686995877144,4.365366158800777,0.004198987186910833,True
6.0,9.0,4.583728986987429,2.1553175412249423,43.798592616162274,12.0,7.470855137403132,4.592017609732161,0.0018082706827262003,True
6.0,12.0,4.9156966841813015,2.4822312881576973,60.0,12.0,8.075532322134247,4.923106418106353,0.0015073619063795986,True
6.0,15.0,5.177109851555573,2.4038377519353196,59.99999992003222,11.99999987994765,8.50991039287514,5.205232908011074,0.00543219233546888,True
6.0,18.0,4.991619442506963,2.7361330551372056,59.99999663993566,11.999999745218318,8.24276993397592,5.0157391354635985,0.0048320376251523925,True
6.0,21.0,4.952252102562631,2.913214041459754,59.999857058704144,11.999999855523242,8.211714322503134,4.993765601281836,0.008382751495571649,True
6.0,24.0,5.5241114891274625,2.966033553609067,60.0,12.0,9.141613902764458,5.5495675284468335,0.004608169000476095,True
6.0,27.0,5.53366785141271,2.7730063414775863,59.999999961005564,11.999999986072844,9.173361068431111,5.566398157775898,0.005914758030667172,True
6.0,30.0,5.530617093568988,2.929033676522177,59.99999963195136,11.999999988909398,9.21274452602501,5.556974517738786,0.004765729343376035,True
6.0,33.0,5.583163063349408,3.603685376664298,59.999999820488064,11.999999889731113,9.402341286551504,5.609133760435291,0.004651609990825211,True
6.0,36.0,4.743198812657343,3.180228013275724,59.06942027882682,12.0,7.938192024552592,4.755330868237017,0.0025577792664519482,True
6.0,39.0,4.610014549595146,2.9053326801859023,56.1030118445149,11.416180074944736,7.596075985945537,4.634384078800398,0.005286215247930681,True
6.0,42.0,5.530622564422886,3.4338444277082054,59.99999933961314,11.99999991113095,9.2442357176574,5.543813036701875,0.002384988692564211,True
6.0,45.0,4.831956198790137,3.761396209897425,59.999999660948305,11.999999871741824,8.110265696535148,4.856004873155911,0.004977005870168072,True
6.0,48.0,4.055862258751712,3.2888991825872735,59.99999999826118,11.999999959957675,6.801304110693307,4.068770951299616,0.003182724590819016,True
6.0,102.0,4.104849324512278,2.0483570514815006,29.126119986104726,12.0,6.666083824124187,4.116155171569378,0.002754266031054247,True
6.0,117.0,4.220210517799096,1.9958837579484532,52.616168780086944,11.414163059164329,6.842987688062035,4.251131307940007,0.007326835950600077,True
9.0,-78.0,4.121725695020004,1.6540516596989654,58.13529384741808,10.83566748129188,6.638462587887211,4.121725695020004,0.0,False
9.0,-75.0,3.8969098831728077,2.2035769586147103,51.68558921418201,12.0,6.357928168446911,3.9079486315764367,0.0028326927577399766,True
9.0,-72.0,3.7868036213844167,2.2035769586147103,51.68558921418201,12.0,6.1747512606360875,3.795357559886085,0.002258880934137583,True
9.0,-69.0,4.282545334296956,2.7355823274845665,59.99999829936244,11.999999621641601,7.089053013028469,4.2954814711255755,0.0030206654731754386,True
9.0,-66.0,4.046393086588923,2.861993249734597,60.0,12.0,6.716465991449506,4.066059776763839,0.004860301447256365,True
9.0,-63.0,4.018864251709075,2.56482136304452,43.807485661954885,12.0,6.627309708658033,4.031227068677752,0.0030761967049321676,True
9.0,-12.0,4.923535761483662,2.310381147050392,43.78726987940914,12.0,8.041128300522335,4.942540322224657,0.003859941647964779,True
9.0,-9.0,4.830508638524633,2.6134454484158267,48.707100174586614,12.0,7.936639969631351,4.84490842275884,0.002981007863098366,True
9.0,-6.0,4.927354065367433,2.782148324113198,60.0,12.0,8.137637737565488,4.943177480497308,0.0032113412025923807,True
9.0,-3.0,5.082436749970899,2.658967865402171,59.999996725280475,11.99999996518854,8.395659934119665,5.105454252126851,0.004528831993056002,True
9.0,0.0,5.193490634950094,2.6422819129536537,60.0,12.0,8.56987092778718,5.202098981050309,0.0016575260658571692,True
9.0,3.0,5.258336995961912,2.639211455806078,48.88485338253066,10.830343176248935,8.616563509177562,5.267715636007089,0.0017835753114300167,True
9.0,6.0,5.597628001302142,3.0143031812073318,59.999999332662355,11.999999879611769,9.271812648991219,5.616177707930615,0.003313851264170844,True
9.0,9.0,5.973882534815629,2.556496094546023,60.0,12.0,9.85441392137484,5.987947091128161,0.002354340955076448,True
9.0,12.0,6.045709448610775,2.7276341653957616,59.99999961533067,11.999999983727678,10.008939999218889,6.072672816456433,0.004459917909527401,True
9.0,15.0,5.922039678533417,2.6384507362233074,60.0,12.0,9.763651295327541,5.927350573162873,0.0008968015950159381,True
9.0,18.0,6.228459933406202,3.012285186547324,60.0,12.0,10.314010163189455,6.259666746111376,0.0050103577832775826,True
9.0,21.0,5.673259269698474,3.0296328199907046,60.0,12.0,9.41207119379642,5.696392706278696,0.0040776272474943275,True
9.0,24.0,6.252054241680046,2.6454481461144757,59.999999976363796,11.99999999969429,10.317918867571475,6.278638750722391,0.004252123864363838,True
9.0,27.0,6.78443786627259,2.8592784908089253,60.0,12.0,11.251200544922089,6.815065936062661,0.004514459472365682,True
9.0,30.0,6.7266991124000235,2.6119999184160707,60.0,12.0,11.103660774583926,6.745579458992769,0.0028067773327250124,True
9.0,33.0,6.230919960414244,2.912011886142312,59.99999986511702,11.999999976772814,10.370793693919305,6.27119029448341,0.006462983688605822,True
9.0,36.0,5.212625985036542,3.013179684176839,56.26868345627812,11.41618005694428,8.625902501723493,5.247346666436093,0.006660881003014776,True
9.0,39.0,5.266431217344796,2.6221164899904643,58.15829133120475,11.129749731019993,8.697906937036464,5.2903357424667865,0.0045390368041381786,True
9.0,42.0,5.282305446665444,2.9879441968078546,59.99999996593984,11.999999993798395,8.788010571101497,5.3038219027299025,0.004073307816389331,True
9.0,45.0,4.9371536956573685,3.704838703280901,60.0,12.0,8.346331910425505,4.967734563742206,0.0061940279703538055,True
9.0,48.0,4.965993404233917,3.674378038115022,59.9999998757086,11.999999197986828,8.38943224312345,4.981876499753314,0.0031983722543521163,True
9.0,78.0,4.2891948818693555,2.939427358284869,59.99999981386543,11.999999983809529,7.113410670778496,4.3052244107487745,0.003737188288454001,True
9.0,81.0,4.082587625411466,2.6487937079101047,48.40012017985068,12.0,6.736050474568147,4.09609556525004,0.0033086711365349778,True
9.0,99.0,4.018148386173299,2.2035769586147103,51.68558921418201,12.0,6.564928491120983,4.035182945380839,0.004239405211155835,True
9.0,105.0,4.1273610963372915,2.2035769586147103,51.68558921418201,12.0,6.752236711302781,4.150313359463715,0.005561001955169896,True
9.0,126.0,4.265443847123103,2.1959546814572053,43.23249828171774,12.0,6.9514715847743735,4.272774581188371,0.0017186333539973714,True
12.0,-84.0,4.21933926175533,1.9893782033230263,29.780700521789583,12.0,6.8393443208239315,4.246896728263498,0.006531227947928384,True
12.0,-72.0,3.8847007208887447,2.816916455177926,59.06942012613414,12.0,6.449281173574384,3.898653756591365,0.0035917916733179157,True
12.0,-15.0,4.921662171940832,3.0397776570023054,56.26868460244371,11.416180117084606,8.135400798254466,4.945442206790912,0.004831708073271307,True
12.0,-12.0,5.888279187984576,2.6827961980667814,60.0,12.0,9.726773029661775,5.898061614368711,0.001661338749714231,True
12.0,-9.0,6.3526190163390055,2.6303488640312027,60.0,12.0,10.440015169469788,6.389841659407633,0.005859416875605243,True
12.0,-6.0,6.226409845432142,2.5957410115748125,59.99999992189206,11.999999649108624,10.274244162626921,6.266785204749666,0.006484532872044034,True
12.0,-3.0,6.136383129141979,2.7337873785907405,60.0,12.0,10.140586817719935,6.165551336931669,0.004753322466318724,True
12.0,0.0,6.293313497249179,2.8477806635922183,59.99999350520477,11.99999994204865,10.421285980006948,6.314073197130131,0.0032986915223635984,True
12.0,3.0,6.575242026891297,2.6661991437743318,60.0,12.0,10.854724301799926,6.584896304310382,0.0014682771188650617,True
12.0,6.0,6.082894505851108,2.5757661554031985,59.99999947149545,11.999998374731305,10.020281451918148,6.105209757039758,0.0036685251021837135,True
12.0,9.0,6.030006182805892,3.1798392390500467,60.0,12.0,9.983997088371156,6.056706063332895,0.0044278363433747255,True
12.0,12.0,6.922917006670622,2.7038710627018916,59.99999916992298,11.999999916664008,11.379045372854312,6.9412286146920685,0.002645071146137098,True
12.0,15.0,7.485617250006321,2.8784356481574545,59.99999976365719,11.999999916217702,12.370343573815184,7.517728504908012,0.004289727063144217,True
12.0,18.0,7.509326757666642,2.5787597633410755,60.0,12.0,12.373509757220436,7.523689477332648,0.0019126507780930558,True
12.0,21.0,7.49877258395525,2.717188661548057,60.0,12.0,12.394033072143012,7.509448860444206,0.0014237365341361215,True
12.0,24.0,7.610058459292551,2.6992451226534384,59.9999985250915,11.999999992660452,12.5586305729315,7.640381559796174,0.003984608090177826,True
12.0,27.0,7.831129063112856,3.0657652476888253,60.0,12.0,12.998826363125337,7.880929861122766,0.006359338175702891,True
12.0,30.0,7.593848809151726,3.023652579176685,59.99999999669933,11.999999999576335,12.6208030823497,7.6458382877983295,0.006846262014585801,True
12.0,33.0,7.402465588631418,2.9198120361396254,59.99999942761837,11.999999970725327,12.316225335088545,7.428376788619561,0.003500347239430219,True
12.0,36.0,5.859819024152399,2.6583592767980524,60.0,12.0,9.689803227427987,5.879425006610235,0.0033458341250858377,True
12.0,39.0,6.167987827293561,3.3034065630122202,56.26868449947611,11.416180088644262,10.261563971926456,6.1951310328932445,0.0044006581011029255,True
12.0,42.0,4.980784146241684,3.450949344053591,59.99999955796101,11.999999985217988,8.373987656694336,5.00296321609435,0.004452927330609355,True
12.0,51.0,4.39692216432449,3.689082940678891,59.99999966692855,11.999999997341597,7.430083993507743,4.416344982632634,0.004417366872158034,True
12.0,78.0,4.5825326083701645,2.5779328379756827,59.999997061814206,11.999999964657256,7.546822163131838,4.595404910316082,0.00280899298401196,True
12.0,99.0,4.299108813824348,2.329850378139365,43.20622003454584,12.0,7.016409986520273,4.312689460928455,0.0031589447237150604,True
12.0,105.0,4.357544720380271,2.600588632534335,59.9999991571038,11.999999445794916,7.18595305252325,4.363142578789971,0.0012846359059768863,True
12.0,108.0,4.103129297623791,2.219811688915523,45.283326465655804,12.0,6.698995984813235,4.115679482462793,0.003058686170642982,True
15.0,-90.0,4.600845142514078,2.430608381500721,58.15829200155521,11.12974954750508,7.55839707740973,4.62128774784733,0.004443228298286392,True
15.0,-87.0,4.66908051453253,2.4345462261461983,60.0,12.0,7.65733841063516,4.6742410246572375,0.0011052519031628939,True
15.0,-84.0,4.210833498606914,2.2035769586147103,51.68558921418201,12.0,6.853816458032944,4.212750119004362,0.0004551641374758106,True
15.0,-15.0,6.434499483677981,2.8327839240715886,59.999999887440936,11.20818599062916,10.609717342162085,6.458500735758257,0.003730088430523384,True
15.0,-12.0,7.651576791351276,2.709299664480694,60.0,12.0,12.668883427737777,7.676745798140213,0.003289388249672346,True
15.0,-9.0,7.762836179802074,3.1449463782623504,59.999999202192924,11.999999989494752,12.89165271553239,7.7903735631342474,0.003547335367429564,True
15.0,-6.0,8.0596969058761,2.988588886138905,59.99999842038137,11.999999965968698,13.394153564645123,8.089468622085416,0.003693900224412948,True
15.0,-3.0,8.264259698942604,3.207843217643086,60.0,12.0,13.798357415421812,8.285164229502698,0.0025295103641005063,True
15.0,0.0,8.358831073228977,3.726480653542387,59.99999980409701,11.999999821164268,13.988843876404337,8.413210318596628,0.006505604060095468,True
15.0,3.0,8.088031255444493,3.142962673703614,59.999999977290855,11.999999996605839,13.523358688876085,8.124220514691455,0.00447442129042231,True
15.0,6.0,7.988275278737749,2.6397805046000453,59.99998954955768,11.9999999851891,13.183882438932015,8.020464063602605,0.004029503709083706,True
15.0,9.0,8.130767744362801,2.7023204247592654,59.999996669725526,11.999999954453399,13.448035316196018,8.16069369924589,0.0036805816896979685,True
15.0,12.0,8.390389171169286,2.904741519658443,59.99999997134922,11.563448929705102,13.950237593876537,8.42414191494863,0.004022786439432807,True
15.0,15.0,8.463905534025224,3.4503101117876787,59.999999860099436,11.999999980830642,14.125130012272022,8.52448888671285,0.007157848400372458,True
15.0,18.0,8.921578080207775,2.827899565938586,60.0,12.0,14.816070644728986,8.974991103291343,0.0059869478923311676,True
15.0,21.0,8.679735508960581,2.880487041690299,58.8234333748021,11.999999957592465,14.393492938442945,8.723973310340762,0.005096676198774901,True
15.0,24.0,8.4227216693817,2.6579994366262047,59.99999911156212,11.999999991889155,13.923628788652467,8.453902343745991,0.003701971356555634,True
15.0,27.0,8.580636923008685,2.733988611654602,59.99999995675844,11.999999975264117,14.191700775353734,8.61980345023013,0.004564524472119462,True
15.0,30.0,9.034115927636623,2.9413931936399953,59.99999817054355,11.999999920794075,15.0473651260633,9.083179749034544,0.005430948837819046,True
15.0,33.0,8.669333416911924,3.977267813650618,59.99999989207692,11.999999886930508,14.498897477842716,8.71546304749249,0.005321012396475318,True
15.0,36.0,6.050225199843496,2.978166671369427,59.99999987980362,11.99999996387743,10.094096376289162,6.086343766002632,0.0059697887212645994,True
15.0,39.0,4.8106167616746225,2.8269142658852733,60.0,12.0,7.986098279079627,4.824481532010633,0.0028821190759715383,True
15.0,45.0,6.372979055293067,3.21830366656828,59.999999944665454,11.999999794221305,10.672413287699499,6.4066831474693275,0.00528859296160211,True
15.0,48.0,4.962100706885269,3.7404593068662733,60.0,12.0,8.399636380909508,4.984746911864203,0.004563834213906821,True
15.0,75.0,4.595338812273287,2.4102193285125844,47.72782603881471,12.0,7.541290634756175,4.610350118126228,0.003266637448548766,True
15.0,78.0,5.0878405152684225,2.6842901234931977,59.99999978535936,11.999999991159823,8.413983657994635,5.1152506025152364,0.005387371550770364,True
15.0,99.0,4.764257251017312,2.4968482062331714,60.0,12.0,7.820080839914737,4.794849185343235,0.006421134022389589,True
15.0,102.0,4.489216228009349,2.73326069403426,59.06941788182617,12.0,7.438145822587453,4.506198269715039,0.003782852249293504,True
15.0,105.0,4.545015554327858,2.655958553772591,59.06941974096322,12.0,7.512050964159519,4.560229119442551,0.0033473076016662454,True
15.0,108.0,5.598853308647122,2.1197774161123757,52.195420118342824,11.129749690185756,9.103535684944351,5.615436256168896,0.0029618471154016714,True
18.0,-102.0,4.023857559214054,2.6557898600941066,49.00507751685645,12.0,6.643660201446511,4.052158339458887,0.007033246040240229,True
18.0,-99.0,4.578517392261998,3.0364629826751064,60.0,12.0,7.618738176613963,4.605821654847512,0.005963559870201707,True
18.0,-96.0,4.2317795545836665,2.2035769586147103,51.68558921418201,12.0,6.920839424561958,4.253946292253238,0.005238159829370397,True
18.0,-93.0,4.205520931820702,2.639211455806078,48.88485338253066,10.830343176248935,6.9150866749650035,4.227521814614268,0.00523142867441174,True
18.0,-90.0,4.164708185602689,2.639211455806078,48.88485338253066,10.830343176248935,6.8155606925107595,4.166676841626513,0.0004726996313042888,True
18.0,-66.0,3.925110777594987,2.3415727014146843,34.881265297877206,12.0,6.424946534795253,3.949141977289474,0.006122425851433205,True
18.0,-15.0,7.0317337259859745,2.93511983416222,59.999999993415706,11.99999997419681,11.707593254854014,7.0638112320581605,0.004561820359272525,True
18.0,-12.0,9.89207820611087,3.3262896371790203,60.0,12.0,16.63693799535782,9.927719343220813,0.003602997910785373,True
18.0,-9.0,9.65107001995792,3.3872114317308473,60.0,12.0,16.205206525159923,9.698984979143631,0.004964730240960348,True
18.0,-6.0,9.336141708832754,3.298279322215179,59.999999475110144,11.999999958933012,15.68497205329573,9.370866806636474,0.0037194270274269496,True
18.0,-3.0,10.38355494038182,3.157874744244783,59.99999962908671,11.99999992485612,17.366070953276935,10.442595911179072,0.005686007454695556,True
18.0,0.0,11.063298089100416,3.2583841867515524,60.0,12.0,18.508772546527045,11.132106150024589,0.006219489014036679,True
18.0,3.0,10.479011675712522,3.0412193318953986,60.0,12.0,17.470930053526104,10.554761243779966,0.007228693927597252,True
18.0,6.0,10.908744429142239,3.18229623931832,56.26868460244371,11.416180117084606,18.10357883484566,10.96372704009542,0.005040232751837,True
18.0,9.0,10.421070601747658,3.608868515404519,59.99999993091609,11.999999979787633,17.301624265324318,10.488364994779316,0.006457531630231144,True
18.0,12.0,9.52761622657977,2.9428091399138743,60.0,12.0,15.819431869394858,9.614840952594434,0.009154936968528206,True
18.0,15.0,9.429585897962584,3.04880143332377,59.999999746879794,11.999999953698802,15.697060216804354,9.506125486491845,0.008116961800602385,True
18.0,18.0,9.731146542707515,4.028985845526374,60.0,12.0,16.30051999329973,9.819253384933676,0.009054107020121648,True
18.0,21.0,9.333537769286039,2.8940265596303325,59.999999916316284,11.99999998409558,15.503573224167047,9.40468107085638,0.007622329638441412,True
18.0,24.0,9.164354040734842,3.238729005918145,59.99999987056356,11.999999971906664,15.19479511598239,9.228996906175249,0.0070537285173700205,True
18.0,27.0,9.522893638955999,3.006568687726107,60.0,12.0,15.840930625696261,9.602237649150268,0.008331922333952248,True
18.0,30.0,10.30965615638728,3.0556996784025277,59.999999564430254,11.999999950583204,17.203516819088268,10.381688955169691,0.006986925430852854,True
18.0,33.0,9.143237665609727,3.079159844148361,59.99999813941841,11.999999954512049,15.258682806901536,9.195149603242534,0.0056776318773887665,True
18.0,36.0,5.8350894003573694,2.934751376573418,59.99999989512506,11.99999998078201,9.713981828028485,5.857617373050931,0.0038607759278172695,True
18.0,42.0,4.941940296010167,3.4724953478218445,59.99999945579948,11.99999992879319,8.297382867583178,4.962871011015989,0.004235323324872983,True
18.0,45.0,8.29870343475888,2.923467787954006,59.99999841675212,11.999999988302264,13.77273571962464,8.336887783097287,0.0046012426686407515,True
18.0,48.0,8.830150038890022,2.70573670408763,60.0,12.0,14.60969910810232,8.853613770754825,0.0026572291253787643,True
18.0,51.0,6.375022938003231,4.150260083025964,59.999999993138665,11.999999945012878,10.776862441588946,6.40188732400388,0.0042140061709430325,True
18.0,54.0,5.157385159554015,4.060640262267204,59.99999950435629,11.999998946389923,8.763479331634771,5.192401591813401,0.00678957091163117,True
18.0,75.0,5.454667447881449,2.6581128780409116,60.0,12.0,8.980086308120807,5.5025388973389395,0.008776236116114368,True
18.0,78.0,5.3265691282110526,2.7577025360018053,60.0,12.0,8.80462627885084,5.343078919186976,0.0030995168894894193,True
18.0,81.0,4.742005654145534,2.4591647421969505,60.0,12.0,7.786450672092389,4.760228124668458,0.0038427770551040987,True
18.0,96.0,5.031654138239236,2.3655439698395058,51.83639938057852,12.0,8.228211236013077,5.057237603236635,0.005084503881729747,True
18.0,99.0,4.5576352715281905,2.2035769586147103,51.68558921418201,12.0,7.445133825623325,4.576207810925201,0.00407503854313094,True
18.0,102.0,4.735317566872937,2.2481406166513214,49.70446357556079,12.0,7.74874410513475,4.756780182280654,0.00453245534319881,True
18.0,105.0,4.580967650230787,2.103705107784244,39.47213351639105,12.0,7.457343374164036,4.587844089795064,0.0015010888723327033,True
21.0,-105.0,4.231916149226238,2.1878281543293765,54.45214126795893,12.0,6.902255042710228,4.242523261400736,0.0025064561301475197,True
21.0,-102.0,5.870933568306931,2.9102177977743744,60.0,12.0,9.771240076483616,5.890393469162119,0.0033146177909827708,True
21.0,-99.0,4.41880103492627,2.3661144229544453,51.69461025261354,12.0,7.2320389430297904,4.445227429775225,0.005980444613839936,True
21.0,-90.0,4.224999117126066,2.639211455806078,48.88485338253066,10.830343176248935,6.931136648978176,4.237333928106689,0.0029194824989723475,True
21.0,-87.0,4.140036211956915,2.2035769586147103,51.68558921418201,12.0,6.774362203147911,4.141490243005682,0.0003512121571708825,True
21.0,-78.0,4.115635250979424,2.5202510361486885,51.38678396085501,12.0,6.778970465323497,4.116687314160024,0.0002556259523604648,True
21.0,-15.0,7.992131618942548,2.939446576557941,60.0,12.0,13.309413340120939,8.030747144818019,0.004831692934579026,True
21.0,-12.0,10.00926107117197,2.6713012929091993,60.0,12.0,16.554524090020532,10.041266534238432,0.003197585000419415,True
21.0,-9.0,10.275400268534893,2.810238817345524,59.99999617791385,11.999999996239492,16.99958701064504,10.29589163633308,0.0019942160171545443,True
21.0,-6.0,11.967396022796402,2.9079842630911825,60.0,12.0,19.87501602062511,11.98192641108201,0.0012141645733065175,True
21.0,-3.0,12.157539329419647,3.0154269898059427,60.0,12.0,20.2841041947561,12.195644305650985,0.0031342671570988956,True
21.0,0.0,12.560997457513986,3.609648320811671,59.999999867060716,11.999999870797868,20.810554961041824,12.678557916148215,0.009359165864961133,True
21.0,3.0,12.531371529299822,2.578208562036195,59.99999991688268,11.999999981261013,20.63349055818096,12.557743678821707,0.0021044902754837128,True
21.0,6.0,12.532782679118316,2.374314230488054,60.0,12.0,20.55188952190333,12.566247089082307,0.0026701500234060133,True
21.0,9.0,11.573357244647545,2.729142511607317,59.99999977101261,11.999999966604406,19.087105219688414,11.618376569738553,0.003889910605829508,True
21.0,12.0,11.93421193670832,2.6293746430662748,60.0,12.0,19.69668872702246,11.960407645079062,0.002195009482793565,True
21.0,15.0,10.84541061460016,3.1267385226277575,59.99999975833495,11.999999960404061,18.133541107735958,10.921977443575685,0.007059836800687805,True
21.0,18.0,10.06918415291741,2.397124511446186,55.127921566999916,12.0,16.460149020607073,10.117355078004724,0.0047839948456357565,True
21.0,21.0,9.333234387813475,3.082970019413016,59.99999965919342,11.999999956849418,15.582913799819597,9.380978751064765,0.005115521722419251,True
21.0,24.0,9.501314807509319,3.1195200318311915,60.0,12.0,15.845116304997635,9.566204808033625,0.006829581151549736,True
21.0,27.0,8.72433482420086,2.9525118595065565,59.9999990054484,11.999999973770592,14.53127842880541,8.746612130476029,0.002553467596563745,True
21.0,30.0,9.65823878820676,2.897308105485545,60.0,12.0,16.072282349171008,9.692016205192356,0.003497264638646227,True
21.0,33.0,9.814500455700003,2.9945016929027033,59.999998179038,11.999999894659192,16.29986979618003,9.849242564747032,0.0035398754326667224,True
21.0,36.0,6.094012439536836,2.8678550197349475,60.0,12.0,10.133760809451603,6.1176110851907035,0.003872431487137152,True
21.0,42.0,7.728763722028816,3.162334027691079,60.0,12.0,12.934298702330777,7.748624837803978,0.0025697661992891154,True
21.0,45.0,9.72330511772424,3.030278143054923,59.99999995029273,11.999999992939198,16.1451159480875,9.781363311351885,0.00597103484100406,True
21.0,48.0,9.227553712026426,3.1399594613036226,59.99999937256946,11.99999996911913,15.417606047753262,9.276240854058072,0.005276278367059665,True
21.0,51.0,8.048147273043845,3.0455547823292464,60.0,12.0,13.412835334206251,8.115440094299576,0.008361281046771871,True
21.0,54.0,7.1578897276539015,3.092483242743803,59.99999994352524,11.999999965476603,11.940568574730195,7.19706230475925,0.005472643278368514,True
21.0,57.0,5.382671812352088,3.8499213303917106,59.99999997788458,11.99999995515127,9.091335589311006,5.402225544953078,0.003632718709715525,True
21.0,75.0,5.599996289102847,2.5208394374083976,60.0,12.0,9.210325510032597,5.60904343687625,0.0016155631729626763,True
21.0,78.0,5.420055958279048,2.7399100091624353,60.0,12.0,8.938083783265283,5.443552042530442,0.004335026138522455,True
21.0,81.0,5.476861158851523,2.6458888769136655,59.069420434095065,12.0,9.037722054290484,5.487858815834119,0.0020080218693917366,True
21.0,84.0,5.279270265313692,2.5420168500212514,55.10947311766137,12.0,8.698739944579245,5.296714223270455,0.0033042365857597154,True
21.0,87.0,4.560786373961732,2.3143415871068274,42.33953502706146,12.0,7.470898273600717,4.577657186299987,0.0036991016361944662,True
21.0,93.0,4.709181778144605,2.1663341555565223,47.264236066863546,12.0,7.668288695926547,4.71337163960119,0.0008897217508210488,True
21.0,96.0,5.058338147070996,2.6388130541230104,59.069420434095065,12.0,8.350402720989292,5.071516858864233,0.0026053441683940746,True
21.0,99.0,4.787631317727261,2.324238536190471,44.22669638832034,12.0,7.815187584591089,4.8036641524650046,0.0033488031290919906,True
21.0,102.0,5.5415705089096905,2.2061445058383,50.06500864309025,12.0,9.038227212291632,5.55250938122538,0.00197396609825715,True
21.0,105.0,5.462627414876813,1.8504451454834223,43.983224338705455,12.0,8.79332100466452,5.494901761981085,0.005908209484757528,True
24.0,-105.0,6.283244338265911,2.9349387765498136,59.999999947180704,11.999999998606745,10.431462379252821,6.308098587860489,0.00395563951623083,True
24.0,-102.0,6.3769839406731,2.807975266462258,60.0,12.0,10.572291221788637,6.389934012269961,0.00203075179698414,True
24.0,-99.0,4.556526386949303,2.875316528628284,59.99999998540557,11.999999998915268,7.535357345173193,4.572093160180078,0.003416368502849264,True
24.0,-15.0,5.33066296104971,3.7565870592529054,60.0,12.0,8.951219225781891,5.356537499006258,0.004853906192458379,True
24.0,-12.0,7.446418414309724,2.9903913900767924,59.999999954578904,11.999999995751557,12.362068745464397,7.47326513665003,0.003605320148101614,True
24.0,-9.0,9.477987115970343,2.6063729566471503,60.0,12.0,15.62692124103389,9.494924184955893,0.0017869900832647573,True
24.0,-6.0,12.084530276685967,2.705396354412346,60.0,12.0,20.008918661909515,12.125699123165662,0.003406739487352607,True
24.0,-3.0,12.02969607036115,2.5625427636488483,59.99999999724263,11.999999999463851,19.85364450947053,12.039056104947399,0.0007780773954306938,True
24.0,0.0,12.612827410762936,2.710924802790555,60.0,12.0,20.87464722560726,12.648514081926086,0.002829395027850572,True
24.0,3.0,13.325350819273273,2.455013584712892,60.0,12.0,21.94281598042952,13.386975293066756,0.004624604232134101,True
24.0,6.0,12.580486941236611,2.399600705745398,59.99999923558051,11.999999988433538,20.670247977698423,12.595697486819596,0.00120905857253643,True
24.0,9.0,11.10276032114858,2.495999244933177,60.0,12.0,18.242796454445514,11.117244232339917,0.001304532456109021,True
24.0,12.0,9.17816464604997,2.558367222804919,60.0,12.0,15.109011621975087,9.19202530727038,0.0015101778792316963,True
24.0,15.0,9.973398308625661,2.588270420037963,59.99999981524204,11.999999999883116,16.424811192362494,10.030399845473402,0.005715357502411417,True
24.0,18.0,9.002263709525234,2.7263187407021343,60.0,12.0,14.902816672921979,9.049962757893548,0.005298561551562134,True
24.0,21.0,8.486912790823768,2.7444668949837077,60.0,12.0,14.059020398588443,8.511294563722055,0.0028728671425314605,True
24.0,24.0,8.644494096302392,2.885258941803772,59.99999903602282,11.999999987128763,14.346840131750076,8.682336426716873,0.004377622333118114,True
24.0,27.0,8.125183659351073,2.76027434350403,60.0,12.0,13.461586067637402,8.165567153404867,0.004970163844520283,True
24.0,30.0,8.785561250634483,2.9081787111358337,60.0,11.94700484179371,14.622372326500578,8.815254640365954,0.0033797942879660366,True
24.0,33.0,9.202239099801847,2.9607803668357078,59.99999949367849,11.999999991471158,15.288134859831041,9.241118740358843,0.0042250195996138325,True
24.0,39.0,7.040700920538451,4.113277181868784,59.99999985683578,11.999999909943032,11.888604228847118,7.0883749202921695,0.0067712008068186195,True
24.0,42.0,9.535132687539786,2.9528020375974195,60.0,12.0,15.891964157897272,9.569870840908823,0.003643174616167863,True
24.0,45.0,10.046674807068646,3.1249485587114862,60.0,12.0,16.68904512178708,10.106125395799838,0.005917439339169565,True
24.0,48.0,9.473437970763603,3.0309533605711554,59.99999961912312,11.99999995206977,15.77080331908535,9.537833319412965,0.006797463481377561,True
24.0,51.0,5.8336264400740285,3.168465219722506,60.0,12.0,9.775789483058661,5.855567499722588,0.0037611355258944943,True
24.0,54.0,4.637375389968033,3.394023158426554,59.9999992746916,11.999999805570955,7.785589404183177,4.664722082021579,0.005897019273597145,True
24.0,57.0,5.097580088624961,3.5529179394648294,59.99999977896499,11.99999993857229,8.597652861812604,5.110562769877102,0.002546832227533077,True
24.0,69.0,4.75523763962807,2.7552790900153816,60.0,12.0,7.870435488787711,4.77216346290553,0.0035594063977807664,True
24.0,72.0,5.963215759230095,2.947902737207669,60.0,12.0,9.880279307070344,5.989467397176982,0.004402261968511582,True
24.0,75.0,5.996403017003752,2.564884197036698,60.0,12.0,9.869136752712604,6.003139430069283,0.0011234089914285315,True
24.0,78.0,5.867177532390304,2.383616908789754,59.04802235182109,11.999999684590662,9.627515433197017,5.898904228093348,0.005407488614055623,True
24.0,81.0,5.28494087178625,2.6751772397843117,60.0,12.0,8.715199202729567,5.298311886286171,0.002530021588567247,True
24.0,84.0,5.5213238661306505,2.6441603005564205,60.0,12.0,9.07025250353929,5.536580342458931,0.002763191708761781,True
24.0,87.0,5.135770677735407,2.434184954406187,60.0,12.0,8.427280429341728,5.1519978747185196,0.003159642048166286,True
24.0,90.0,4.742501209641787,2.121351436685201,44.68824709940949,12.0,7.721701464758258,4.757460282084063,0.0031542580130212244,True
24.0,93.0,4.559511270681973,2.082067634885091,43.450945350501186,12.0,7.426705632907533,4.564880782906309,0.0011776508282504293,True
24.0,96.0,4.829904428644786,2.2252725272036553,43.70874497447659,12.0,7.869958920957266,4.837329768579395,0.0015373678805260301,True
24.0,99.0,5.993496138567161,2.251362156185643,58.15829367389787,11.12974974122775,9.80000234956221,6.022105243262672,0.00477335832610559,True
24.0,102.0,5.6947146014621435,2.3125769552217896,60.0,12.0,9.320725388267315,5.708867575437057,0.002485282400505109,True
24.0,105.0,5.830525364698502,2.141592164761702,59.999999938772795,11.999999909402565,9.504879435864236,5.860972047062722,0.005221944929450482,True
24.0,108.0,6.082960316541094,1.9958837579484532,52.616168780086944,11.414163059164329,9.864465309608137,6.128191255834261,0.007435678837189295,True
24.0,111.0,6.158405489634139,2.0209431949716654,53.30122759702856,12.0,10.023465179879057,6.160998676858441,0.0004210809484154257,True
24.0,114.0,6.157250888213607,1.8492975160883913,37.225313996470476,11.999999983433469,9.967691398811317,6.160296018812311,0.0004945600973532967,True
24.0,117.0,5.26767652970959,1.9329760183236844,59.069413317988875,12.0,8.520740533934479,5.279032052714865,0.002155698616122424,True
27.0,-114.0,4.862075125638142,2.9359832339207763,59.99999867340111,11.99999999286908,8.078256540413047,4.9049313901355776,0.008814397842487292,True
27.0,-108.0,6.852507799918778,4.077755583818607,59.999999898796574,11.99999987182362,11.583981714010498,6.890986094205689,0.005615213497074432,True
27.0,-105.0,8.00326097624013,2.8857618221407395,59.99999998757784,11.999999974930471,13.280426542835748,8.026387299192864,0.0028896124993788323,True
27.0,-102.0,6.251511490506121,3.212876575053756,59.99999989851161,11.999999795341253,10.473018902694944,6.269228910312623,0.002834101774172276,True
27.0,-99.0,4.858586437629874,2.750044734299402,59.06942042461676,12.0,8.05672600380242,4.87881214804328,0.004162879609747546,True
27.0,-81.0,4.745943841315133,2.772063360644309,59.99999986054376,11.999999976884832,7.839489448718594,4.784125051239473,0.008045019326178892,True
27.0,-12.0,5.312944726386241,3.226108049312086,56.26868460244371,11.416180117084606,8.861290792624775,5.33426275621815,0.00401246971872968,True
27.0,-9.0,6.962440675949367,2.946440896035155,59.999999940732756,11.999999999622037,11.544657743678187,7.008383960439668,0.006598732632509838,True
27.0,-6.0,10.259198301820796,2.804855090357009,60.0,12.0,17.009661701652277,10.281531260827451,0.002176871754461774,True
27.0,-3.0,11.88953593444888,3.076222367740624,60.0,12.0,19.7741674279963,11.963312818447898,0.00620519458503477,True
27.0,0.0,13.322731605274514,2.8094255975398132,60.0,12.0,22.114429268590023,13.365548609479152,0.0032138307273026846,True
27.0,3.0,12.624460957923368,2.7873465125867902,59.99999815985355,11.999999999840258,20.893130571951712,12.640609390484107,0.0012791383817939196,True
27.0,6.0,11.39716280014077,2.5711333757054935,60.0,12.0,18.776972004489693,11.419632487431787,0.0019715158662768615,True
27.0,9.0,10.896838723460508,2.8215708064079212,59.99999666155156,11.999999958920505,18.02875832154166,10.935489131409684,0.0035469376880803457,True
27.0,12.0,9.364053324449923,2.688391328924734,59.99999958182435,11.999999976986087,15.500738311947982,9.390750884984854,0.0028510688277716737,True
27.0,15.0,8.568260984342855,2.7262146273829995,60.0,12.0,14.188662405958945,8.593826398629975,0.002983734311295747,True
27.0,18.0,7.9556647816419,2.679644000632347,60.0,12.0,13.145034648507647,7.971466607455676,0.001986235751189482,True
27.0,21.0,7.815329258087208,2.726890663283958,60.0,12.0,12.95460179838036,7.817838412282232,0.00032105546831928786,True
27.0,24.0,7.723769862688675,2.8598587712623607,60.0,12.0,12.825732942856776,7.741627797678218,0.0023120749720689495,True
27.0,27.0,7.278689639451201,2.932560014928114,60.0,12.0,12.09827174375433,7.289084179466187,0.0014280784770167969,True
27.0,30.0,7.163082891070873,2.8842006626617143,59.999999990803204,11.999999995825139,11.919723767030282,7.1845396787341045,0.002995468290612432,True
27.0,33.0,7.775702309369179,2.802020534941073,60.0,12.0,12.920269257156331,7.811699265349777,0.004629415395342989,True
27.0,36.0,5.625768974875073,3.7106129249434905,59.99999954007064,11.99999998432336,9.522009114648847,5.654241949029828,0.005061170176364591,True
27.0,39.0,8.34772299724426,2.7325018705979685,60.0,12.0,13.810763724005746,8.358170503411907,0.0012515396319566863,True
27.0,42.0,9.595763527010066,2.711378926511029,59.99999408161045,11.999999999358291,15.829417789297615,9.631429748933861,0.003716871703163882,True
27.0,45.0,9.766743469811992,2.7458516345247026,60.0,12.0,16.189276338855564,9.800593186582606,0.0034658140530915405,True
27.0,48.0,8.42700674906927,3.023434341624115,60.0,12.0,14.061160685853274,8.452471148619383,0.003021760906139753,True
27.0,54.0,6.219432215781608,3.969293372273504,60.0,12.0,10.58158436430891,6.23833414246916,0.0030391723925520175,True
27.0,57.0,4.960100274146343,3.4435597890957323,59.999999116283846,11.999999914550664,8.328481194784302,4.981915574852168,0.004398157194428944,True
27.0,60.0,7.447524287575684,3.6316675507494764,59.99999987067831,11.999999690825765,12.561676497785706,7.504897503538503,0.0077036628210171865,True
27.0,63.0,7.244429321608607,3.017266146737435,60.0,12.0,12.096627536830809,7.272661475502519,0.0038970845929440145,True
27.0,66.0,6.418915174685602,2.8148046091267447,59.99999989487656,11.99999996766809,10.65593552429219,6.451404382595324,0.005061479553094849,True
27.0,69.0,6.214885339547179,3.0723534759098343,60.0,12.0,10.375929741247534,6.229658071918505,0.0023769919418018402,True
27.0,72.0,6.863182660696752,3.1904108953764765,59.99999980173784,11.999999989401791,11.402842882261004,6.8908222426254575,0.004027225165809572,True
27.0,75.0,6.513580961082171,2.6041451878402415,60.0,12.0,10.721432232469386,6.540993915243488,0.004208584237319843,True
27.0,78.0,5.926674470300721,2.3920203579064445,59.99999924420737,11.999999770287118,9.72938949869421,5.948039161608472,0.0036048363065681772,True
27.0,81.0,5.7406293696695805,2.3937127951364014,59.999999374709134,11.999999339665218,9.38452194339479,5.758336346375168,0.003084500943248711,True
27.0,84.0,5.6129189084794335,2.183561817175041,59.99999878570048,11.999997092804936,9.162527152008465,5.631816607047346,0.0033668219470201232,True
27.0,87.0,6.293803374503138,2.0941746737999343,60.0,12.0,10.22198609263335,6.300016155321327,0.0009871266146249604,True
27.0,90.0,6.566611416558864,2.0593927756246933,60.0,12.0,10.667606783731339,6.581335784552591,0.0022423084083515506,True
27.0,93.0,5.810731629919745,2.0398747145272695,44.94363472093267,12.0,9.437568312815804,5.862986162524585,0.008992763034482376,True
27.0,96.0,6.0714969695062715,1.7166588341289595,39.51040380290644,11.129749743951352,9.788430797894824,6.076014599970971,0.0007440719294416866,True
27.0,99.0,7.998948131559086,1.873964246395208,60.0,12.0,12.931673578486723,8.022281606179348,0.0029170678739873627,True
27.0,102.0,6.3001894365627855,2.2087855324792534,60.0,12.0,10.280737385561538,6.31535276362154,0.0024068049399840375,True
27.0,105.0,6.779426682576952,2.095931248981229,47.24853832451902,12.0,11.026140484296436,6.798402096894583,0.0027989703563573672,True
27.0,108.0,7.043714273666927,2.0406339585925677,45.40861695878763,12.0,11.43768427007247,7.063583060939193,0.0028207826865643453,True
27.0,111.0,6.7115139249023565,2.140511606279278,49.01932094316909,12.0,10.927612020129311,6.728935196990732,0.002595729113179032,True
27.0,114.0,6.296168525210576,1.9958837579484532,52.616168780086944,11.414163059164329,10.23853375475615,6.360577188846441,0.010229818877618205,True
27.0,117.0,6.250087261630194,2.0774746908810817,40.422366578521554,12.0,10.140385544830401,6.264055944458865,0.0022349580484141477,True
27.0,120.0,6.114981833726757,1.9958837579484532,52.616168780086944,11.414163059164329,9.891289056307311,6.14135874391173,0.004313489541292284,True
30.0,-111.0,6.8525460766218975,3.0777177058807585,60.0,12.0,11.462486487755378,6.8811127366474,0.004168765843539554,True
30.0,-108.0,8.770974392312336,2.75073694559496,59.9999999806161,11.99999998978726,14.503600556449367,8.828543409615095,0.00656358287321165,True
30.0,-105.0,8.774887607777323,2.904252242759466,60.0,12.0,14.587726875043131,8.821109354313434,0.00526750297008286,True
30.0,-102.0,6.027724187509528,3.4866295624964834,59.99999772806197,11.999999950962797,10.097447720039172,6.08128832886326,0.008886296002847315,True
30.0,-99.0,5.752726047082894,2.7203928283072116,58.15829371011096,11.129749743951352,9.529187811507004,5.780834358506196,0.004886085517240138,True
30.0,-96.0,5.22247422074124,2.474038253497024,59.06941991074802,12.0,8.589787743852991,5.240029041275757,0.003361399174513434,True
30.0,-93.0,4.939603553762632,2.4082574956512635,59.069419864751836,12.0,8.104777005782562,4.953092649122949,0.002730805258661259,True
30.0,-90.0,5.570811858328124,2.5471027763677814,59.06942028223291,12.0,9.182836103228926,5.59071647020539,0.0035730181495016973,True
30.0,-9.0,7.167291163282991,2.825000727533684,60.0,12.0,11.889942934894803,7.183185513670964,0.0022176230916078365,True
30.0,-6.0,11.456324952494164,3.123774814790639,60.0,12.0,19.17864835717369,11.500254987574635,0.003834566081412295,True
30.0,-3.0,11.339843779989636,3.0048446243250067,59.99999580868501,11.999999909253415,18.851578720383117,11.414203570899822,0.0065573911204493225,True
30.0,0.0,10.687747033015452,3.0484907472666314,60.0,12.0,17.826676889761888,10.74083925345492,0.004967578318934943,True
30.0,3.0,8.632251217166475,2.8307483995060223,59.99999998918931,11.999999853877956,14.337987276749427,8.667269304826686,0.00405665761795395,True
30.0,6.0,8.871868996758073,2.8777462167403405,59.999999807532305,11.99999996224276,14.748949802295758,8.900113909273497,0.003183648510335895,True
30.0,9.0,7.921653556031775,3.0432136340328615,60.0,12.0,13.239840079744429,7.954856539605941,0.004191420811237534,True
30.0,12.0,7.005070375720759,2.836035769343511,60.0,12.0,11.60319383436194,7.0079667922372835,0.0004134742923587194,True
30.0,15.0,6.427691030836506,3.022937177157272,60.0,12.0,10.686378202549607,6.4620521708285485,0.00534579833212218,True
30.0,18.0,5.588755549477746,2.9753324147680216,60.0,12.0,9.309728562733245,5.607079243862439,0.0032786716510450507,True
30.0,21.0,6.1052884564198004,2.9315691801000314,59.999999847437564,11.99999988007711,10.151358032876082,6.119860463011448,0.0023867842929394764,True
30.0,24.0,5.845175331787751,2.750355902969014,59.99999996917149,11.999999937472957,9.70031641665565,5.858608729410326,0.002298202681709169,True
30.0,27.0,6.096517503369662,2.9799335088028913,59.999999969057704,11.999999974168382,10.141337742519042,6.111978559138467,0.0025360471384293136,True
30.0,30.0,5.2786248565344245,2.8084933831553385,59.99999987535581,11.999999986072599,8.744326680103383,5.310673059978284,0.0060713167377649604,True
30.0,33.0,5.869375120590903,3.1910827019779093,59.99999997561821,11.999999933323014,9.796112863295086,5.896626343191137,0.004642951258070281,True
30.0,36.0,6.815853059583372,3.0817353635978004,59.99999999618695,11.999999987081948,11.344064587431806,6.832759964195039,0.0024805265700226895,True
30.0,39.0,8.468669648370687,2.976540383139085,60.0,12.0,14.08925721014352,8.479264344688795,0.001251046121529445,True
30.0,42.0,10.62111302746253,3.1534087159360036,59.999999727295084,11.999999965835336,17.568138569695407,10.658646217772965,0.003533828348628605,True
30.0,45.0,8.684560118087983,2.9701546971689567,60.0,12.0,14.445982021329952,8.695339926082358,0.001241261255353961,True
30.0,48.0,7.058183108877968,2.9267091382690866,60.0,12.0,11.736089141285051,7.085648972835624,0.0038913504416042493,True
30.0,51.0,7.406175861356858,3.0055195530454326,60.0,12.0,12.350747387684976,7.427611899186814,0.0028943463173487765,True
30.0,54.0,10.092993965684673,2.432113221188875,59.999999988138114,11.999999993808071,16.611514480443994,10.146712417830297,0.005322350565973009,True
30.0,57.0,9.718079582340245,2.3972647119999753,59.999999560252675,11.999999931239088,15.957400197612296,9.734595690012302,0.0016995238135392944,True
30.0,60.0,11.506002713340635,3.0752426407808775,59.99999836755307,11.99999981161723,19.156169885333355,11.523656497520205,0.0015343107957989292,True
30.0,63.0,11.2921910221497,2.6133923833519104,60.0,12.0,18.654638127199927,11.332450484079052,0.003565248041800143,True
30.0,66.0,9.707335571673141,2.750187099278538,60.0,12.0,16.06684703415081,9.725381821101521,0.0018590322025171069,True
30.0,69.0,6.870930035450913,2.8125739004104795,59.999999847350594,11.99999995768637,11.406638535180216,6.9130994319284635,0.00613736368438851,True
30.0,72.0,6.559060220644756,2.9361028550460757,60.0,12.0,10.926482619541165,6.582506193370602,0.0035745933010416274,True
30.0,75.0,6.145833163969869,2.776428593501472,59.9999995948821,11.999999996879986,10.142425858210936,6.166539117678696,0.0033691044251276244,True
30.0,78.0,5.876585861011042,2.3421106029073147,56.316849130778486,12.0,9.618325091847492,5.911976257813642,0.0060222717134793095,True
30.0,81.0,17.676772463201022,1.6421499778740607,60.0,12.0,28.31564100153269,17.692151354560995,0.0008700056185023555,True
30.0,84.0,12.2779746915728,1.9077734043332353,58.15829371011096,11.129749743951352,19.856393627605044,12.325854898023204,0.0038996827777522526,True
30.0,87.0,13.6385388990232,1.781245985101234,60.0,12.0,22.001390847649215,13.687427562685626,0.0035845968563339,True
30.0,90.0,14.517105841896095,1.5935874493637434,60.0,11.106418424627638,23.265719147666733,14.559264796271037,0.002904088103654406,True
30.0,93.0,8.091977793863373,2.1477485067366695,60.0,12.0,13.199037237242276,8.122227805895964,0.0037382717554577285,True
30.0,96.0,9.294762006805799,1.784054291198266,60.0,12.0,14.991201379148748,9.32546765262574,0.0033035429844742222,True
30.0,99.0,9.485969364976176,2.1310693785323687,59.9999995656074,11.999999860352712,15.465299468656912,9.506239876245253,0.0021368940262361654,True
30.0,102.0,10.079317405724973,1.8039722953146535,60.0,12.0,16.26569367261821,10.112097308027067,0.003252194665828791,True
30.0,105.0,7.486517587708979,2.1332831650823945,43.97439745657375,12.0,12.171288142657877,7.516106146676901,0.003952245970342522,True
30.0,108.0,7.739900392806524,1.9958837579484532,52.616168780086944,11.414163059164329,12.559218105092198,7.780237007869111,0.005211516042257646,True
30.0,111.0,7.286722598032468,2.1304105898040335,59.06941966091149,12.0,11.86472038566795,7.308118681111661,0.0029363109122570266,True
30.0,114.0,6.653374735899946,2.1948259600582793,48.84034471644548,12.0,10.848291539467102,6.669655116677021,0.0024469357917313705,True
30.0,117.0,6.711024743820969,2.124830996158981,43.697305984534395,12.0,10.925014824094053,6.730392178507974,0.0028859131691976953,True
30.0,120.0,6.68634901135855,2.1562238783020717,41.871960523144594,12.0,10.875543573850587,6.693834084856451,0.001119455996865371,True
33.0,-117.0,6.686248400206251,2.963648154719922,59.99999990044692,11.99999999519457,11.109264304277861,6.727396370532733,0.006154119300325812,True
33.0,-114.0,9.885283831650863,2.9977518350944914,60.0,12.0,16.46750530020369,9.905304393369601,0.0020252895171948156,True
33.0,-111.0,9.405945156669556,2.8541810995098964,60.0,12.0,15.611298649361999,9.424363832448615,0.001958195106633999,True
-33.0,-60.0,5.983552527338455,2.7825710912223283,56.268684548004664,11.416180054144304,9.853540002008327,6.000386525240785,0.0028133784779888426,True
-33.0,-57.0,6.115363549205343,2.321082308325775,59.999995518726756,11.99999999881503,10.019839607551864,6.158770191408565,0.007097965943310543,True
-33.0,-54.0,6.177649313049787,2.3355118554300747,60.0,12.0,10.104215145170084,6.210632253708995,0.005339076238842843,True
-33.0,21.0,5.955740316220263,2.870783389095796,59.99999997400513,11.999999847079687,9.889165906387314,5.985995651952175,0.005080029370910038,True
-33.0,24.0,5.78764509246245,2.833543726414299,60.0,12.0,9.591878386809375,5.793564808791047,0.0010228195119129425,True
-33.0,27.0,5.692694168665306,2.5409040690173716,59.06941995791185,12.0,9.386037264761983,5.715385211743561,0.003985993697528079,True
-33.0,117.0,6.420943193603565,2.407929160478846,59.999999447054726,11.999999977463712,10.531605532851392,6.439960809203422,0.00296181028650155,True
-33.0,120.0,6.179150318389124,2.7364801167620922,60.0,12.0,10.17140141736343,6.22441465364537,0.00732533324550138,True
-33.0,123.0,6.227673307676266,2.7441040794376073,56.26868457612559,11.416180113844762,10.228164383610206,6.268155008479114,0.0065002929349152645,True
-33.0,135.0,6.419279467277183,2.8553316349204176,60.0,12.0,10.584896265112084,6.458403027899652,0.006094696581120202,True
-33.0,138.0,6.88247267321231,3.031445425507343,56.26868447300752,11.416179797224391,11.367896130759984,6.911987335473945,0.004288380595612298,True
-33.0,141.0,7.289081104684771,2.599369769847325,60.0,12.0,12.054775487970156,7.289081104684771,0.0,False
-33.0,144.0,7.032169208395225,3.0493839658766495,60.0,12.0,11.670967815013714,7.069652339439714,0.005330237361146036,True
-33.0,147.0,6.647045634737032,2.684723634150991,59.99999997308836,11.99999992474938,10.978214747230567,6.663899923927943,0.0025356060597555206,True
-33.0,150.0,6.516295789093643,2.331997947518974,59.39143670868996,12.0,10.681102967775102,6.5385385883803355,0.003413411546467879,True
-30.0,-69.0,7.931971761353255,2.8262600064912706,59.99999987145608,11.999999968102149,13.13388790311934,7.995239675338267,0.007976316089937499,True
-30.0,-66.0,6.735308354970151,2.886613596024549,59.99999991101948,11.999999999916152,11.204629787027194,6.7706233862219865,0.005243268665758371,True
-30.0,-63.0,6.049224299157608,2.983076998162554,60.0,12.0,10.021064825445494,6.089577161412527,0.00667074987788745,True
-30.0,-60.0,5.714312446917666,2.7660427048061154,60.0,12.0,9.419544949643281,5.738654907940181,0.004259910750180559,True
-30.0,-57.0,5.777663366422517,2.5988641956771894,59.99999434457988,11.999999793990897,9.510012865551447,5.799999431057478,0.0038659338937553625,True
-30.0,-54.0,5.985718906960613,2.3231578830625224,59.999999814224616,11.999999921900956,9.80642706635538,6.014415274858238,0.004794138906899748,True
-30.0,-51.0,5.612696671155788,2.2666612056016837,40.47919240875374,12.0,9.17906086244671,5.631863095880522,0.0034148335190162735,True
-30.0,18.0,6.118949882509727,3.2668629055519802,59.99999999987861,11.99999994544127,10.254309915144457,6.152197769315361,0.005433593581256263,True
-30.0,21.0,8.467495682246929,2.7856253862331894,60.0,12.0,14.050243327990493,8.49691483475191,0.0034743628587449358,True
-30.0,24.0,7.703711536472664,2.8316152341048184,60.0,12.0,12.761437030898135,7.708382292796598,0.0006062994832842251,True
-30.0,27.0,6.553190379859471,2.5522608468155537,60.0,12.0,10.777212320228022,6.5577186872262425,0.0006910080593246528,True
-30.0,30.0,4.926676434911289,2.319039783905584,59.06942017382776,12.0,8.062615821150995,4.939570478277349,0.0026171889987925364,True
-30.0,117.0,6.5789902420033295,2.9050324464958632,59.206551064308265,11.999999998576786,10.931503147001516,6.599198093811201,0.0030715734580141377,True
-30.0,120.0,7.016958576503204,2.7436907334291294,60.0,12.0,11.627374967016303,7.039324772155269,0.0031874487227215413,True
-30.0,123.0,6.787722531545889,2.6068551283958366,59.99999987670086,11.999999999533106,11.215650319068095,6.793981263423056,0.0009220665470752856,True
-30.0,126.0,6.547712685113396,2.6332604375310877,59.99999995249386,11.999999833603813,10.834627935342562,6.553489119429087,0.0008822064426901364,True
-30.0,129.0,6.407748989371636,2.819436367275297,59.99999995447834,11.999999950986776,10.579996856593615,6.419139753921671,0.001777654613020712,True
-30.0,132.0,6.544415321805857,2.9069754682065465,59.99999998222164,11.999999932995088,10.82687947615482,6.558206515168136,0.002107322454968062,True
-30.0,135.0,7.44771951771957,2.8926596072251045,60.0,12.0,12.375913054326643,7.463886343297348,0.0021707081663473893,True
-30.0,138.0,7.33891612321624,2.782059642796107,60.0,12.0,12.186513143714874,7.371167260920907,0.004394536899344331,True
-30.0,141.0,7.364684386800132,2.849133651650272,60.0,12.0,12.22061091331492,7.378395183924726,0.0018616951391927361,True
33.0,-108.0,10.507177802271906,2.6115066161126737,59.99999896233492,11.999999981380352,17.36192738679894,10.535852931316745,0.0027290990582303025,True
33.0,-105.0,8.991231152027268,2.81370162668046,60.0,12.0,14.812865453724903,9.024100224541773,0.0036556809583405485,True
33.0,-102.0,6.735570941127024,2.9588361331471025,59.99999996410066,11.999999999990049,11.110633001686967,6.779846615824372,0.00657341078942585,True
33.0,-99.0,5.927499804486882,3.3183979066173874,56.26868422016833,11.416180115255335,9.873788695455803,5.9587437616601076,0.005271017832775885,True
33.0,-96.0,5.882759158446979,2.916602445774464,59.999999936554815,11.999999989638727,9.730851953789797,5.912823040892768,0.005110507099822414,True
33.0,-93.0,5.940481139627754,2.5842498563889227,59.0694202995909,12.0,9.806762691845377,5.9646209079808195,0.004063604914429236,True
33.0,-90.0,5.823969852908225,2.7137110621386182,59.99999998216305,11.99999998723753,9.618339912521252,5.857935165374977,0.005831986312530712,True
33.0,-87.0,5.845026267449877,2.7584394136187718,59.99999997999507,11.999999993603874,9.64206001831662,5.872054964356173,0.004624221632127612,True
33.0,-84.0,6.06852107764094,2.7360456373708537,60.0,12.0,10.027004320911905,6.077096734441741,0.001413137845462429,True
33.0,-81.0,5.615905025286096,2.524126612040861,60.0,12.0,9.240817427537003,5.627113529300524,0.0019958499946065764,True
33.0,-6.0,6.881353575702568,2.6911057806805925,60.0,12.0,11.389138662094865,6.904570469089641,0.003373884677143924,True
33.0,-3.0,7.573725029754965,2.748053530789706,59.99999984824314,11.999999911725057,12.519677155729683,7.60792551577287,0.004515675692415635,True
33.0,0.0,8.33216819345539,2.7382119032116803,60.0,12.0,13.786043596665976,8.347393218224203,0.0018272584536606457,True
33.0,3.0,8.009982090061424,2.902617730620606,59.99999994802031,11.99999999881841,13.318205096970075,8.036559732576228,0.003318065161191871,True
33.0,6.0,7.6279816450719204,2.939254441487948,60.0,12.0,12.7065795355308,7.654293210683641,0.0034493483120426,True
33.0,9.0,6.950239739010582,2.9006293241008403,60.0,12.0,11.553968878106792,6.966765978556001,0.002377794171999527,True
33.0,36.0,6.059170890084584,3.043924864401642,60.0,12.0,10.044431204550582,6.0970917338318324,0.006258421232070471,True
33.0,39.0,7.853388510556093,2.786193445821057,60.0,12.0,13.009320202571416,7.867298946336368,0.00177126545587009,True
33.0,42.0,8.538681784273438,2.762954552407651,60.0,12.0,14.163626333261172,8.57050853928419,0.0037273616484188163,True
33.0,45.0,7.8489770718657255,2.8442659645409534,60.0,12.0,13.042384530043506,7.8520564910393675,0.0003923338220314212,True
33.0,48.0,8.476251874535341,2.7524235806381503,60.0,12.0,14.051508997617812,8.504988752555018,0.003390281275856041,True
33.0,51.0,9.504130862978533,2.3999357349436004,60.0,12.0,15.601755579782305,9.520682592621958,0.0017415300654054068,True
33.0,54.0,11.481668685754903,2.7256764818080765,59.99999929053032,11.999999998655241,18.943859012412375,11.515639390182043,0.002958690531567725,True
33.0,57.0,12.8989097960914,2.528089479059809,59.999439716622774,11.999999962291293,21.231429555379346,12.926298299829115,0.002123319270440518,True
33.0,60.0,9.127162358267986,2.784529320972212,60.0,12.0,15.126469715386468,9.14802397815427,0.002285663283658662,True
33.0,63.0,11.297996291474227,2.574214152688724,60.0,12.0,18.646646170471037,11.33943691490379,0.0036679622085585306,True
33.0,66.0,10.977330122521003,2.425336436116406,60.0,12.0,17.996983377011134,10.988607807319577,0.0010273613595200124,True
33.0,69.0,7.448797516920232,2.815957057930927,59.99999996542266,11.999999997519108,12.27889873328858,7.497448610657346,0.00653140236750988,True
33.0,72.0,6.83605015056111,2.5894826909807356,60.0,12.0,11.269608823899409,6.850502096080869,0.0021140783349245136,True
33.0,75.0,6.918770045238369,2.6949786349987077,60.0,12.0,11.343725552744345,6.951153335597731,0.004680498144558009,True
33.0,78.0,13.743718337548165,1.8772380373791466,58.15829343780276,11.129749216423718,22.218514554279384,13.804972021581316,0.004456849487798674,True
33.0,81.0,21.21522225036926,1.6383028554136323,60.0,10.75329423431265,34.094535097453345,21.305502310394715,0.0042554378624944725,True
33.0,84.0,15.266807172278021,1.9927244130956014,59.99999999311113,11.999999962362278,24.79338512565045,15.279945284591932,0.0008605671222315125,True
33.0,87.0,15.759413695476336,1.614861701718727,59.99999995421647,11.99999998925496,25.34943734828533,15.759601563007761,1.1920972128473488e-05,True
33.0,90.0,14.548197041118732,1.8154620526340473,60.0,12.0,23.45858923406464,14.578666709237444,0.002094394792192708,True
33.0,93.0,14.011866807299302,1.683193905564198,60.0,12.0,22.547011563107,14.06963143905743,0.0041225507316438054,True
33.0,96.0,13.57832219663447,1.8035150353877245,60.0,12.0,21.869243942324562,13.595917012509323,0.0012958019127881615,True
33.0,99.0,12.417005252671546,1.731803650530162,60.0,12.0,20.004805149162287,12.464351322486763,0.003813002318335261,True
33.0,102.0,9.957527291141952,2.0370035526557655,59.999999986275796,11.999999989213975,16.1798330893569,10.018282995544263,0.006101485100257599,True
33.0,105.0,7.741398264427077,1.890890088247238,59.9999971910046,11.99999333936882,12.554746468936607,7.741642933495767,3.160528115624641e-05,True
33.0,108.0,8.574419007173612,2.015727800111945,59.0694200177974,12.0,13.914292988808223,8.599382896524638,0.002911438002987806,True
33.0,111.0,7.79083794568829,2.0800139883909474,56.466559157010614,12.0,12.679016040509385,7.821151636099585,0.003890940951745947,True
33.0,114.0,7.361544142122242,2.239610687630958,60.0,12.0,12.015435819696362,7.374496340211142,0.0017594403889786905,True
33.0,117.0,6.9876890312562026,2.1878281543293765,54.45214126795893,12.0,11.391329544247972,7.001766853109079,0.00201466061095537,True
33.0,120.0,6.8291744048985725,2.124991004534625,59.069420434095065,12.0,11.109871113050275,6.8442417526789265,0.0022063205428676986,True
36.0,-120.0,8.65097514640144,2.886398408973883,60.0,12.0,14.391981003543675,8.681151911619905,0.0034882501345548473,True
36.0,-117.0,16.685547804134533,2.5834758878546156,58.468035576044244,12.0,27.55233264273408,16.751032895184604,0.0039246593410523,True
36.0,-114.0,14.03169006335798,2.563105432208079,60.0,12.0,23.08829464142953,14.044679261338368,0.0009257044534006883,True
36.0,-111.0,11.246060973491822,2.5020128018751704,59.999999603457674,11.999999915728008,18.479756900729516,11.29869698366378,0.004680395233142158,True
36.0,-108.0,9.575363000855917,2.6756572622782064,60.0,12.0,15.847078821317732,9.61105888161848,0.0037278879933190273,True
36.0,-105.0,9.47809433131265,2.31367971834044,59.99999997580792,11.999999894197057,15.53292103713662,9.515989536316683,0.003998188209505189,True
36.0,-102.0,7.151839406018539,2.725215139507983,59.99999998834643,11.999999981617712,11.779192636428007,7.16869465092332,0.002356770607935784,True
36.0,-99.0,6.696086876740528,3.3047011472584265,56.26868430506571,11.416180048672413,11.167530739124116,6.741860155739725,0.006835825138140662,True
36.0,-96.0,6.3715211948261015,2.8364574105881544,59.069418134241104,12.0,10.58724163507321,6.396876580487874,0.003979486983793201,True
36.0,-93.0,6.594397232806021,2.7499661550378387,59.06942025925611,12.0,10.932929601049544,6.620532817753149,0.003963301576239151,True
36.0,-90.0,6.491585083932684,2.6864846566400464,59.06942022195287,12.0,10.74885833242317,6.51989494261318,0.004361008646496267,True
36.0,-87.0,6.954954879655987,2.584964958619457,59.99999987247571,11.999999996638469,11.481678339501222,6.982597992779333,0.003974592733046311,True
36.0,-84.0,6.579443957569265,2.6625979183055524,59.99999992447594,11.999999997374598,10.849757670490192,6.615396479368755,0.005464370854337706,True
36.0,-81.0,6.864480426872188,2.5289261634958278,59.06941456752876,12.0,11.312099348302025,6.8904398136770135,0.003781697257552562,True
36.0,-78.0,6.104601888636346,2.5798653507681304,59.99999800202399,11.99999996662543,10.033540248932349,6.129768801341237,0.004122613261929437,True
36.0,3.0,7.592311108496484,2.491214616068128,60.0,12.0,12.466495809600842,7.598126134374208,0.0007659098520365621,True
36.0,6.0,7.035153877195542,2.5130496788063583,60.0,12.0,11.548421088788047,7.070989657051584,0.005093816067364681,True
36.0,9.0,6.91945610765561,2.682023345698315,59.99999958049203,11.99999999828773,11.407570914067295,6.9664673975687,0.006794072999621685,True
36.0,39.0,7.164464174376886,2.896798132946532,59.99999930689147,11.9999999991788,11.887470948820187,7.1907778223784335,0.0036728005557842202,True
36.0,42.0,8.526102898232926,2.7870730914617856,60.0,12.0,14.152953121847014,8.567228437064461,0.004823486101728666,True
36.0,45.0,7.876312725831551,2.7919255631305213,59.99999994318367,11.99999998813226,13.02849152468788,7.926639571119845,0.006389645388665196,True
36.0,48.0,8.370779404694884,2.3855379320405468,60.0,12.0,13.748900128654231,8.404017613002885,0.003970742352780049,True
36.0,51.0,10.578082853320542,2.3744932812661017,59.99999996421207,11.999999984103958,17.340556018965387,10.611016430355548,0.0031133786236764273,True
36.0,54.0,9.009167450385295,2.7335256019041076,60.0,12.0,14.891635464780054,9.070114191749145,0.006764969315920896,True
36.0,57.0,9.463606102289033,2.4425697719472397,60.0,12.0,15.518710165435166,9.470948147156733,0.000775818941357281,True
36.0,60.0,8.537079648430186,2.4412611301732445,59.999999002158646,11.999999632247867,14.009870648096891,8.56100656454597,0.002802705035109201,True
36.0,63.0,10.167691527393002,2.3435643732430536,60.0,12.0,16.67200777990836,10.202638907705323,0.0034371007635478046,True
36.0,66.0,9.919124604143596,2.6353705322283196,60.0,12.0,16.383174905111943,9.946764523282505,0.002786528069963288,True
36.0,69.0,9.021077641081396,2.484457913734119,60.0,12.0,14.859839477819943,9.058491958881502,0.004147433298847129,True
36.0,72.0,10.215659048630444,2.366184612935406,60.0,12.0,16.76832073846848,10.267370245531279,0.005061954070184733,True
36.0,75.0,15.9299998197592,1.7009087755413372,60.0,3.7831322798961007,25.579604956408645,15.953168482326667,0.0014544044463032427,True
36.0,78.0,15.627875391993529,1.8297034016069775,59.99999994149466,11.999999998129919,25.242682837022564,15.636515123399754,0.0005528410733714506,True
36.0,81.0,15.062271015893705,1.8801784452869903,60.0,12.0,24.36491071718603,15.112154734752686,0.0033118325122648102,True
36.0,84.0,17.068192446564183,1.3664703427869211,59.99999974380507,11.999999850651278,27.244350000875418,17.068192446564183,0.0,False
36.0,87.0,16.158411578665614,1.5064226833724441,59.99999976073349,11.99999876527775,25.904215635001073,16.160986157537312,0.00015933366093344803,True
36.0,90.0,15.448583505413067,1.5227440017933178,60.0,12.0,24.751723745552955,15.524400510089409,0.004907699443756515,True
36.0,93.0,14.944665654703522,1.8057626126611048,56.15304918990975,11.999999954492854,24.051877748571545,15.02989659418463,0.00570310112319459,True
36.0,96.0,12.744686015089814,1.8790073775416314,59.99999999865717,11.99999999967713,20.625341825087656,12.819593673593488,0.005877560138789063,True
36.0,99.0,13.37135975420878,1.7577521141420605,60.0,12.0,21.510090786764632,13.391479091038923,0.0015046590025228359,True
36.0,102.0,9.20817024264402,2.8178834013749428,59.999999993752525,11.999999997230038,15.253164359976738,9.252153980640179,0.004776599132851149,True
36.0,105.0,8.353167567024084,2.25778245851276,59.06942041441089,12.0,13.668653514969218,8.388585754945389,0.004240090676634575,True
36.0,108.0,8.742286249832189,2.2376224363294726,60.0,12.0,14.301888086249136,8.778305544956007,0.004120123054139265,True
36.0,111.0,8.621545263959987,2.295152571860865,59.06942035218354,12.0,14.128372503105908,8.661573295615453,0.0046427908721643615,True
36.0,114.0,8.450815567049249,2.3886551778873257,60.0,12.0,13.868394426995962,8.476328456711743,0.00301898550028375,True
36.0,117.0,7.635006093752707,2.345579670226331,60.0,12.0,12.513220564845367,7.6571887277958,0.002905385244059504,True
36.0,120.0,6.977520864024405,2.1878281543293765,54.45214126795893,12.0,11.377533035403731,6.99328672460968,0.002259521811903525,True
36.0,129.0,6.949661254353616,1.9958837579484532,52.616168780086944,11.414163059164329,11.270022749054469,6.956068539647268,0.0009219564895538243,True
36.0,138.0,7.534770432040136,1.9958837579484532,52.616168780086944,11.414163059164329,12.15966474517086,7.549760499433748,0.0019894524363833718,True
39.0,-123.0,10.325448407562314,2.573979433666465,60.0,12.0,17.03759570055076,10.361002897895533,0.0034433846289114983,True
39.0,-120.0,12.973119155082463,1.8523201308307033,60.0,3.7831306132942966,20.966938528196184,13.015568124335328,0.0032720711762085925,True
39.0,-117.0,14.770438283870392,2.21053949287748,60.0,12.0,24.06699867306184,14.783374418165788,0.0008758124875361678,True
39.0,-114.0,11.733372342261243,2.3018667526704615,60.0,12.0,19.206026023532818,11.767062894962129,0.0028713443772289886,True
39.0,-111.0,12.204348123509547,2.2234017611805608,60.0,12.0,19.917518855834594,12.23004073526266,0.00210520148172609,True
39.0,-108.0,13.681844344030205,2.05391405001236,60.0,12.0,22.244084862117198,13.725597396185304,0.0031978913847378605,True
39.0,-105.0,12.116602927394101,2.098949883895616,60.0,12.0,19.699566618666548,12.139554844022062,0.001894253427754802,True
39.0,-102.0,7.923369768388197,2.5166131579402293,60.0,12.0,13.056853280986356,7.987813194540438,0.008133335693779017,True
39.0,-99.0,7.374115812351799,3.0338954620780973,56.268683661909755,11.416180032368331,12.237276021802687,7.402655506749772,0.0038702530749745788,True
39.0,-96.0,7.306148374041798,2.836574840373843,59.999999942463965,11.99999992285418,12.14714282107908,7.33725407750196,0.004257469444595258,True
39.0,-93.0,6.921924946512101,2.6324536689253764,60.0,12.0,11.445119422098097,6.949245451646368,0.003946951945503685,True
39.0,-90.0,7.324387357627138,2.5990180820912916,58.15829364380107,11.129749725791148,12.092077832093546,7.359336479975507,0.004771610326149006,True
39.0,-87.0,7.232782094022721,2.663252590941967,59.06942030203371,12.0,11.959897617701758,7.258917058450898,0.003613404093809854,True
39.0,-84.0,7.34055063126289,2.5603277221427625,59.069396867792946,12.0,12.10536078547351,7.367391373506745,0.003656502569377011,True
39.0,-81.0,7.72792118832969,3.0153602700042144,56.2686845143607,11.41618009637259,12.777094769465002,7.772163705712615,0.005725021814370763,True
39.0,-78.0,8.037671410430574,2.9626195407764953,56.26868392599767,11.41618011663601,13.264938471356384,8.080379704832346,0.0053135158456899065,True
39.0,-9.0,6.471766074422361,2.5083733452935535,59.069420434095065,12.0,10.642362432980567,6.551895124024846,0.012381326624145182,True
39.0,-6.0,7.199853948698434,2.3873403160305617,60.0,12.0,11.816169439365238,7.262897907562021,0.00875628301807206,True
39.0,-3.0,8.266281930165267,2.4328340826033465,60.0,12.0,13.580246437453718,8.312799003135483,0.005627327178433923,True
39.0,21.0,6.159947489538786,2.8160532285130424,56.268683948998664,11.416180030225505,10.121118188392384,6.190110627329704,0.004896655018917471,True
39.0,27.0,6.8680328501857755,2.6616621188396525,59.99999999517869,11.999999999952008,11.345217447695624,6.91872670627006,0.007381131859745399,True
39.0,30.0,8.010344932611334,2.694683265786459,56.26868452561136,11.41618011346613,13.112060694989852,8.046710626444774,0.004539841185289061,True
39.0,33.0,8.43958265281471,2.8770794417941143,60.0,12.0,13.883467405539008,8.481308042362512,0.004944011009109037,True
39.0,36.0,8.379209210703136,2.4653847794743817,59.99999933145334,11.99999999729988,13.75909249470762,8.402701260214995,0.0028036117634885212,True
39.0,39.0,9.045171630395489,2.75011764604706,60.0,12.0,14.96728262023433,9.05381683856055,0.0009557815504583903,True
39.0,42.0,7.886301455813517,2.3773504633958664,60.0,12.0,12.903955587417995,7.913707137633038,0.003475099445928255,True
39.0,45.0,8.787959803437793,2.8949696912141745,56.268684287203904,11.416180107900175,14.478754104817593,8.83602524198433,0.005469464997750015,True
39.0,48.0,8.842787393966795,2.5145376350957767,58.15829368810998,11.129749743841016,14.564603171096401,8.884443431998472,0.004710736126043005,True
39.0,54.0,8.280605384371121,3.5965099516629677,59.999999945220736,11.999999957720679,13.885486062993309,8.307759047718013,0.0032791881857022584,True
39.0,57.0,10.11352387941305,3.4129222824471537,59.99999997899476,11.999999952220785,16.849462065307282,10.17821506551056,0.006396503025932935,True
39.0,60.0,9.723761573334011,2.6430137346444527,60.0,12.0,16.01198017288324,9.791104826723009,0.006925638075462167,True
39.0,63.0,10.093977090124291,2.3669619678184843,59.99999082379389,11.999999999687251,16.56785475545407,10.180484444770126,0.008570195263319176,True
39.0,66.0,9.177330825841421,2.4299943006584503,59.99999992528207,11.99999999343715,15.078702843286619,9.198373736772034,0.0022929227822276925,True
39.0,69.0,11.355678914250836,1.7653614372917907,60.0,12.0,18.284945062644848,11.38093438513396,0.0022240388332422523,True
39.0,72.0,20.411207021968636,1.5761976459462161,60.0,3.7831345518061483,32.657175103381434,20.447607942299758,0.0017833791157937677,True
39.0,75.0,13.22087458176459,1.8741433118113529,59.99999999504663,11.999999984409735,21.372128627291005,13.266763410709608,0.0034709374679577697,True
39.0,78.0,13.315206013858248,2.6457383346232874,60.0,12.0,22.016804223648304,13.36346600031051,0.003624426569294814,True
39.0,81.0,14.813741351197768,2.6741733880756313,60.0,12.0,24.507416285200396,14.864027481939928,0.003394559790804917,True
39.0,84.0,15.637208691360916,2.5054666366640643,60.0,12.0,25.766481682828925,15.698185365463704,0.003899460274932298,True
39.0,87.0,17.902420463687932,2.36171613584473,60.0,12.0,29.394622141687105,17.979325123681313,0.004295768840273294,True
39.0,90.0,13.998961015947328,1.9969838718512951,59.999999991858814,11.999999999529923,22.707337288342128,14.025855320829386,0.0019211643529416474,True
39.0,93.0,15.851894180701501,1.9004881174541226,60.0,12.0,25.598902197520452,15.867804835233434,0.0010037068346887249,True
39.0,96.0,14.338613763696936,1.9245715247281983,60.0,12.0,23.203629340688416,14.372661451965188,0.0023745453242108804,True
39.0,99.0,12.277189998533485,1.8596807670956028,60.0,12.0,19.846512462570914,12.317293297202246,0.0032664883962495823,True
39.0,102.0,12.071230891508318,2.678029868586175,60.0,12.0,19.96419036546975,12.107281112224587,0.002986457722520217,True
39.0,105.0,11.587840070859535,2.5063020638002342,59.99999988681832,11.999999956065516,19.094302163537577,11.640162739545081,0.004515308147643876,True
39.0,108.0,10.559418966023813,2.384068299897419,59.999999973109524,11.999999969675144,17.34475504156388,10.6054162221662,0.004356040449800201,True
39.0,111.0,10.271984626986244,2.509210287538566,59.99999994966175,11.999999994253999,16.927166820170477,10.316787844039027,0.004361690430793397,True
39.0,114.0,9.384062579545434,2.208613573309323,59.06942042883209,12.0,15.329833906170231,9.421241475142512,0.003961918975062841,True
39.0,117.0,8.92197895655086,2.480487203818652,59.99999981136114,11.999999976841874,14.642972420091843,8.971579087300787,0.005559319405647081,True
39.0,126.0,7.893004729026324,1.9958837579484532,52.616168780086944,11.414163059164329,12.82147877561781,7.965203551689199,0.009147191106748687,True
39.0,141.0,8.156550644588485,1.9958837579484532,52.616168780086944,11.414163059164329,13.13944195376186,8.158090039983252,0.00018873117593994299,True
42.0,-123.0,10.83103629298311,2.602619165651703,59.99999994450188,11.999999956057026,17.877332345994226,10.88581532181533,0.005057598123617099,True
42.0,-120.0,12.003639951779434,2.1741072957860563,60.0,12.0,19.586689411506356,12.04383869642359,0.0033488795736660846,True
42.0,-117.0,11.708179114920439,2.1961670131013076,60.0,12.0,19.10221475776097,11.738522390560608,0.00259163063208526,True
42.0,-114.0,10.858385864483305,2.42770325761782,60.0,12.0,17.839375114969183,10.891667835636634,0.0030650937965090177,True
42.0,-111.0,11.782902757353888,2.171341181890941,60.0,12.0,19.225354775820616,11.78376828501262,7.345623371047054e-05,True
42.0,-108.0,10.35380502399738,2.2618121770259934,60.0,12.0,16.913359480566967,10.374087951960423,0.001958982993791437,True
42.0,-105.0,10.638853378499407,2.4621847128666,59.99999999666025,11.999999989203475,17.430150943881646,10.688369340124353,0.004654257358693899,True
42.0,-102.0,8.135732216162276,2.8193470464028576,56.268684034728004,11.416180111045588,13.389958569291283,8.188596705797071,0.006497815836388397,True
42.0,-99.0,7.926248281935178,2.6217938468158315,58.15828933273806,11.129749632121618,13.089047146005962,7.96123170167482,0.00441361644188888,True
42.0,-96.0,7.948534503719912,2.6526347445261695,59.06942041571951,12.0,13.150623855714365,7.983856068905133,0.004443783337505866,True
42.0,-93.0,7.998803455346682,2.5606712656763837,59.069420381896094,12.0,13.20386796652578,8.035874847907586,0.00463461726092595,True
42.0,-90.0,8.0265482962548,2.7991825699784965,59.99999949923237,11.999999854196268,13.279503651211192,8.076688899600711,0.0062468450316690355,True
42.0,-87.0,8.538379753075963,2.7681320640439804,59.999999481930324,11.999999929937644,14.133683350215193,8.57418199401738,0.00419309540882375,True
42.0,-84.0,8.472567450597266,2.5393251398985166,59.06940515764486,12.0,13.965392123962921,8.504227534399657,0.0037367756570836647,True
42.0,-81.0,8.71522595906893,2.663095799998073,58.158293076095745,11.129749699093441,14.400791997442992,8.749430213576916,0.003924654927896002,True
42.0,-78.0,9.34300281549258,2.4102873628323227,59.999999848202634,11.999999987576572,15.31647300145409,9.394898442588424,0.005554491218796415,True
42.0,-75.0,9.093932911555168,2.3174388269118102,60.0,12.0,14.91489345013331,9.134006992073468,0.004406683104884162,True
42.0,-72.0,8.539785784173533,2.326960833030743,58.15829358288365,11.12974966638294,13.989848034168597,8.578347565071283,0.004515544285573855,True
42.0,-9.0,7.325500666993555,2.2905838051117557,47.84956685373359,12.0,11.983137028378755,7.347355467536569,0.002983386602022229,True
42.0,-6.0,8.16398615649741,2.26581270758459,60.0,12.0,13.31739594445241,8.200383879362962,0.004458327362128591,True
42.0,-3.0,9.060058630158323,2.287465184323056,60.0,12.0,14.810389729698967,9.077633584766856,0.0019398279112709564,True
42.0,0.0,7.704843476809278,2.563203928947753,60.0,12.0,12.656763116770124,7.799835761045229,0.012328905125959773,True
42.0,3.0,7.547157847067596,2.5317430946861004,59.99999342689755,11.999999953444503,12.4092496618262,7.56721863736796,0.0026580589285221173,True
42.0,9.0,9.581880415741585,2.9508835606063086,56.268684346154586,11.416180108142179,15.830622752029017,9.646338917764943,0.00672712445017186,True
42.0,12.0,7.666988306111821,2.7148360148199897,59.99999902397171,11.999999968920287,12.68267361860941,7.705402071455443,0.005010280935605403,True
42.0,15.0,7.5411788917092055,2.908876763472089,60.0,12.0,12.504529576850821,7.588776551882287,0.006311700180645524,True
42.0,21.0,8.744584405639003,2.4986520758210102,60.0,12.0,14.395736869334101,8.772197482128592,0.00315773457132875,True
42.0,24.0,8.23617803870561,2.3707159547414016,60.0,12.0,13.491313434407653,8.249950741642879,0.0016722201575226313,True
42.0,27.0,8.297794524764514,2.7616557167316786,56.26868446546007,11.416179958225229,13.619393707625633,8.34230470558637,0.00536409773573167,True
42.0,42.0,7.532496428007499,2.036532391034241,59.069420434095065,12.0,12.23021151348369,7.553937501192455,0.0028464763826815047,True
42.0,45.0,8.515708250989645,2.0780839290943933,59.06942028483721,12.0,13.855898022782858,8.547603039960514,0.0037454064924267315,True
42.0,48.0,10.020433971612063,2.3326549133569916,60.0,12.0,16.410575839775078,10.0878480895479,0.006727664503036776,True
42.0,54.0,10.50012316579283,3.3883592982480115,59.99999994111172,11.99999999811573,17.51620266129637,10.629074936020755,0.012280976917301529,True
42.0,57.0,9.850997370935627,3.441231017548288,59.999999919220585,11.999999982403958,16.40954811302822,9.93059979436665,0.008080646094362182,True
42.0,60.0,9.4342804383044,3.1945363238225135,56.2686845695616,11.416180095798358,15.651737263957044,9.475844955868423,0.004405690273448474,True
42.0,63.0,12.4929548263621,2.3043934970187614,59.999988590014624,11.999999998794602,20.419401861216247,12.532428379850769,0.0031596651102406776,True
42.0,66.0,11.90828040004906,2.4243637046678943,60.0,12.0,19.51484543548612,11.915702999447097,0.0006233141266984646,True
42.0,69.0,10.03988206508793,2.5369280866103536,59.999999213960166,11.999999989751188,16.50380542448214,10.097735719617361,0.005762383876062449,True
42.0,72.0,12.177854123276832,1.8012754716178054,59.999999874112916,11.999999969140244,19.651913157045367,12.233376040001852,0.004559252899810574,True
42.0,75.0,10.68768576688007,2.5859877441540253,56.268684558075414,11.416180082408816,17.452977931415923,10.744027033689184,0.005271605849762952,True
42.0,78.0,13.969444429475686,1.5743632675412416,60.0,12.0,22.36605759190444,14.004860710800955,0.002535267705460052,True
42.0,81.0,18.094876289077458,1.4389731373722534,59.99999953101859,11.999999607770352,28.946736172958726,18.096931639652333,0.00011358743447807074,True
42.0,84.0,13.107338835399737,2.7521833160193805,60.0,12.0,21.724027669711738,13.149033578936649,0.0031810227888749124,True
42.0,87.0,10.444246864453415,2.6926601525491214,60.0,12.0,17.302433923850963,10.49259790309023,0.004629442339339542,True
42.0,90.0,14.101350881771278,2.4364034822790357,60.0,12.0,23.19685501761981,14.159250647768719,0.00410597300094753,True
42.0,93.0,16.838751397630116,2.439412943634678,60.0,12.0,27.70062763359709,16.90693858083401,0.00404942038716063,True
42.0,96.0,13.692117564242933,2.131223380136594,60.0,12.0,22.27128925833578,13.774990500572583,0.006052601866790394,True
42.0,99.0,16.412069760746387,2.2860895403089603,60.0,12.0,26.885870407535837,16.479614911386825,0.00411557784149743,True
42.0,102.0,15.528118543931395,2.401998657595388,60.0,12.0,25.517370451507723,15.590413296579793,0.004011738606461373,True
42.0,105.0,15.178745727112622,2.465252296015168,60.0,12.0,24.972578679826007,15.23113162162597,0.0034512663598926414,True
42.0,108.0,12.756557986019192,2.4771899015624155,59.99999999687804,11.999999993879323,20.92468945210042,12.838451222133525,0.006419696927971093,True
42.0,111.0,12.093416375595153,2.3132109647349726,59.99999992326229,11.99999998013081,19.823440862335705,12.145140001050828,0.004277006914279026,True
42.0,114.0,11.550272170931033,2.1628678798582563,59.99999987143514,11.999999969173665,18.85152234821598,11.606755116190598,0.004890183055748091,True
42.0,117.0,10.73815308586219,2.0485236929141504,60.0,12.0,17.46466158379061,10.778181486325972,0.0037276801833345053,True
42.0,120.0,10.509230452507492,2.3712971366778093,60.0,12.0,17.246716907883545,10.546213647665065,0.003519115440916878,True
42.0,123.0,9.462606714993905,2.2317142135605175,60.0,12.0,15.453263785793004,9.486594438981674,0.0025350016871946816,True
42.0,126.0,9.582358195669029,2.1330406022123536,60.0,12.0,15.608594825255176,9.609061522124101,0.002786717623135965,True
42.0,129.0,10.760679366427215,2.087703656858272,60.0,12.0,17.520047025094385,10.799991760637958,0.0036533375702463237,True
42.0,141.0,9.16456802538772,1.9679646023090187,60.0,12.0,14.87377359135505,9.209036836735722,0.004852253944191873,True
45.0,-123.0,9.742912043713876,2.2573917886871047,60.0,12.0,15.934548965573224,9.792221153668471,0.005061023822585971,True
45.0,-120.0,11.93348501807288,2.230122940896736,59.999999909924384,11.999999992388183,19.540141921055447,11.938564489423335,0.0004256486133567132,True
45.0,-117.0,13.01935790782208,2.350656045535761,60.0,12.0,21.351215351208197,13.063559513090759,0.0033950679888846438,True
45.0,-114.0,13.61451130574314,2.2608005287499275,60.0,12.0,22.259806616546463,13.653809533084416,0.002886495626523107,True
45.0,-111.0,14.009404014873626,1.9070237670276666,59.999999929391244,11.999999991827911,22.690610648611976,14.036106793543484,0.0019060610031310162,True
45.0,-108.0,13.766245876570174,2.3240092612223395,60.0,12.0,22.5570013997508,13.81156207005671,0.0032918338007940145,True
45.0,-105.0,10.144765886909966,2.3693456944092595,60.0,12.0,16.620810153764754,10.178144153416184,0.0032901958387514447,True
45.0,-102.0,9.032354224269813,2.975117123457966,56.26868449980896,11.416180114222854,12.755143293991779,9.032354224269813,0.0,False
45.0,-99.0,8.701909797497224,2.8509382480634367,59.99999997379722,11.999999838135906,12.293512302796676,8.733757424445226,0.00365984337796304,True
45.0,-96.0,8.952601596431103,2.7313166779591564,59.38149771694877,11.323709891835822,12.675162367306985,8.996602121520088,0.00491483113763544,True
45.0,-93.0,9.190213051588703,2.7176097601726448,59.99999977003365,11.99999897163886,13.021100346505065,9.22303311964136,0.0035711977370300714,True
45.0,-90.0,9.246156150154713,2.5813588631378956,59.99999979845157,11.99999999345717,13.139883589300425,9.269778486945988,0.0025548278017000696,True
45.0,-87.0,9.029070548175802,2.4456596241655797,58.158292828929625,11.129749312143117,14.831041325636809,9.064090639925517,0.0038785932132062127,True
45.0,-84.0,9.380796294422984,2.6184007126007005,60.0,12.0,15.454719991214128,9.403110978648531,0.0023787622633713356,True
45.0,-81.0,9.669371743522023,2.3688578325671643,58.15829366929884,11.129749740264716,15.86833038320673,9.718760942979541,0.005107798186640909,True
45.0,-78.0,9.765951997913014,2.3150896946399153,60.0,12.0,15.995216033884605,9.80535215871825,0.004034441374855842,True
45.0,-75.0,9.024841323917151,2.285385348300921,59.99999991432969,11.999999999879579,14.748223467776075,9.041568273328483,0.0018534341836020042,True
45.0,-72.0,9.942895915410036,2.37576870877659,58.158293451763896,11.129749414993737,16.313660898579666,9.989578610829112,0.004695080368559869,True
45.0,-69.0,9.509072134028978,2.210135949199224,59.069420382561496,12.0,15.535011395919849,9.546921869824143,0.003980381604185807,True
45.0,-63.0,9.939399810087146,2.0277004462644657,59.069420347621204,12.0,16.13559081079,9.968674127710296,0.002945280216360806,True
45.0,0.0,8.475321263317,2.2035769586147103,51.68558921418201,12.0,13.809784213915986,8.488288305767684,0.0015299765103664687,True
45.0,3.0,9.35827513760849,1.9958837579484532,52.616168780086944,11.414163059164329,15.19214320140467,9.39929788140657,0.0043835795800894126,True
45.0,6.0,12.382514730244381,1.9787504955216295,59.99999999587472,11.999999991510705,20.086200127596296,12.430362844809787,0.003864167788836689,True
45.0,9.0,8.522515390281317,2.3666677994938983,53.395759887289884,11.999999971000328,13.962706293803588,8.545818038175698,0.0027342453286683683,True
45.0,12.0,7.895050489820724,2.4330377419821763,59.999999997164686,11.999999856974823,12.944970737129637,7.9223942104608485,0.003463400351318777,True
45.0,15.0,9.3984226674442,2.2943819897726585,59.069420434095065,12.0,15.381194162630253,9.429835656326471,0.0033423681817466126,True
45.0,18.0,8.085203399240847,2.4988356798203912,59.06941487932266,12.0,13.29701432674147,8.106102699382001,0.002584882421525341,True
45.0,21.0,8.679410432929057,2.6920711413874163,59.069420410901046,12.0,14.354774761210384,8.705842497435166,0.0030453755713438025,True
45.0,24.0,9.448659473975075,2.489489877559882,59.999999659750586,11.999999947168957,15.550748552317744,9.500262603970587,0.0054614234048379505,True
45.0,27.0,9.508538404785876,2.6452258936862405,59.999999241946476,11.999999997839732,15.699141325701797,9.564704972014564,0.005906961179272116,True
45.0,39.0,9.299425332177307,2.892096377141248,59.99999986670083,11.999999968237729,15.421092924101837,9.352667230787052,0.0057252891128143505,True
45.0,42.0,10.432393564603592,2.7529847829458745,60.0,12.0,17.248644464566155,10.495865278230498,0.006084098844033452,True
45.0,45.0,10.054471681505927,2.822763082791591,59.99999981517479,11.999999943197224,16.67762782148194,10.112833022224388,0.00580451589771845,True
45.0,54.0,10.802795468587902,3.1900644974323153,59.99999967311945,11.999999966254432,18.08391179501463,10.861293180266085,0.005415053154369197,True
45.0,57.0,11.990070712387697,2.8524595575417226,59.99999986957023,11.999999963812199,19.880216021389074,12.077854644190172,0.007321385662202978,True
45.0,60.0,9.386778910484592,3.110361824468774,59.99999998267495,11.99999998382822,15.695975395671622,9.426860954365177,0.0042700530461854905,True
45.0,63.0,11.906354397081639,2.5676855120857387,59.99999998035118,11.999999964383568,19.637639841796243,11.972320727079444,0.0055404305799912675,True
45.0,66.0,11.755885635930097,2.8973465357113293,60.0,12.0,19.358444526912066,11.834955092329668,0.0067259463768435425,True
45.0,69.0,11.779536767858094,2.456885599751191,59.99999590924597,11.999999973898364,19.376078360773327,11.83594416150559,0.004788591840165684,True
45.0,72.0,11.69975914968692,2.4411494032330805,59.9999993853749,11.999999971120602,19.22233168456558,11.757991527862744,0.0049772287985416904,True
45.0,75.0,11.38238328320152,2.7994795132296106,60.0,12.0,18.832086632344573,11.46501694818504,0.007259785839884128,True
45.0,78.0,10.361378388426134,2.6964948819766263,60.0,12.0,17.146679502813527,10.393562838304222,0.0031061938548676434,True
45.0,81.0,11.020504589893525,2.684756767465972,59.99999999630362,11.999999985458379,18.209366293374856,11.076155533261046,0.0050497636395484356,True
45.0,84.0,12.154874393682542,3.1528374201251106,59.99999999015272,11.999999997273079,20.240168645660926,12.212667723306392,0.004754745113111831,True
45.0,87.0,12.481904605276526,2.911655068454359,60.0,12.0,17.525275217949137,12.56388381562944,0.006567844647543519,True
45.0,90.0,13.466768836848386,2.836280912051483,59.99999994481605,11.999999899577745,19.02672779661594,13.523386714082124,0.004204265917063708,True
45.0,93.0,15.274148481247341,2.6051478381443554,59.99999991871764,11.999999973257626,21.696532075841436,15.336513606237132,0.004083050853300189,True
45.0,96.0,17.54409891437692,2.1823605441422944,59.38149772481543,11.323709894800913,25.061265496114448,17.589647597048764,0.0025962395044704647,True
45.0,99.0,15.187545502569005,2.103548493286073,60.0,12.0,24.695281170004492,15.216054485595057,0.0018771290608630433,True
45.0,102.0,13.251201275347496,2.3463881855823474,60.0,12.0,21.73601799688481,13.300576512197381,0.0037260951534818627,True
45.0,105.0,13.307158012669568,2.354438433332062,60.0,12.0,21.830540852787383,13.355426610550937,0.0036272657043234634,True
45.0,108.0,12.811392177645578,2.4272474380481066,59.99999979040542,11.99999993256528,21.04955058348173,12.86955543167641,0.004539963590555022,True
45.0,111.0,12.723078374100758,2.265470061059333,60.0,12.0,20.821920050725055,12.770149384721734,0.0036996557937419732,True
45.0,114.0,12.701737525434128,2.2018012239034865,60.0,12.0,20.75497170638388,12.752108427050471,0.003965670170358979,True
45.0,117.0,12.410590240081898,2.4174864324733885,60.0,12.0,20.394817638886266,12.455363924128964,0.003607699809672382,True
45.0,120.0,12.30609510533017,2.238590163571816,60.0,12.0,20.13416738541388,12.357740633508435,0.004196743787222564,True
45.0,123.0,10.477470645413524,2.347314388185708,60.0,12.0,17.193331488628434,10.520571348336617,0.004113655325959817,True
45.0,126.0,10.106000463029508,2.1564454963817465,60.0,12.0,16.47294430112319,10.134338691719993,0.0028040992867706567,True
45.0,129.0,11.643547547420532,1.930624436990292,60.0,12.0,18.85954768860198,11.679756459063658,0.003109783465533858,True
45.0,132.0,9.765159312761867,2.0433860267941326,60.0,12.0,15.852447816074587,9.784690652708438,0.0020001045882626833,True
45.0,135.0,10.62291408523517,1.9268367004712832,60.0,12.0,17.185520338161552,10.644235571418875,0.002007122152417672,True
48.0,-120.0,14.633270873349671,2.2698452074465587,60.0,12.0,23.961087501318598,14.693597180440564,0.004122544276875254,True
48.0,-117.0,12.343943292734467,2.33709361751366,60.0,12.0,20.2247453904745,12.399704053512268,0.0045172567189790385,True
48.0,-114.0,13.804052765689493,2.3465345440744936,60.0,12.0,22.62290237050826,13.86722805201044,0.004576575256070545,True
48.0,-111.0,12.068387968761341,2.332077492325095,59.99999991062162,11.999999985202288,19.795776545493705,12.11748435550632,0.004068181009101145,True
48.0,-108.0,10.890913943045991,2.4390939188343643,60.0,12.0,17.90808190057184,10.930203085856194,0.0036075156791859145,True
48.0,-105.0,10.847542518489442,2.902071738192081,56.26868459871052,11.416180081060624,17.85695372594609,10.895540702720544,0.004424797980675273,True
48.0,-102.0,9.994462326861992,2.4390997156397822,60.0,12.0,16.42558981076691,10.025362008953165,0.0030916802806013857,True
48.0,-99.0,9.861228045654235,2.4083183435118167,59.06941400374918,12.0,16.19091201481852,9.894775949008794,0.0034020005621251087,True
48.0,-96.0,10.008997978475909,2.492663112281862,59.999999833647635,11.999999985774165,16.446848249323164,10.066993361464002,0.005794324578025731,True
48.0,-93.0,10.886774148341948,2.3559251444848712,59.99999980217799,11.99999997094636,17.838436884782844,10.93384458877256,0.004323635246698068,True
48.0,-90.0,10.95137111728517,2.3274452819556544,59.06942037854715,12.0,17.95145290182347,10.995388109545178,0.004019313361642354,True
48.0,-87.0,10.624671990162403,2.2204170239061347,58.158293709481384,11.129749591552306,17.341336804318093,10.665706219586951,0.0038621643531718346,True
48.0,-84.0,11.257015422822958,2.2861966284400657,59.99999993836287,11.999999994271876,18.395033125414066,11.306646225892383,0.004408877593682707,True
48.0,-81.0,11.610461658616188,2.328264011185899,60.0,12.0,19.025439710089735,11.64781704627881,0.003217390381277403,True
48.0,-78.0,11.586133048951906,2.406556099193152,60.0,12.0,16.52068035513965,11.625021312276054,0.0033564488824566166,True
48.0,-75.0,12.084638480734602,2.1438574946471576,59.38149447698645,11.323709090603995,17.27223876038374,12.112924915000159,0.0023406934605988278,True
48.0,-72.0,11.992281158954885,2.3108470856758077,59.381497769581266,11.323709897699215,17.120332520194673,12.048556830384195,0.0046926577757299805,True
48.0,-69.0,10.87864302227911,2.5917189626719814,59.99999870348051,11.999998102966208,15.443293083836279,10.930826643024128,0.004796886949792093,True
48.0,-66.0,10.179100693779752,2.20613561594866,59.38149725961407,11.323709832741475,14.542136272224202,10.211745147305868,0.0032070076235775967,True
48.0,-57.0,11.728395000241912,1.7637893728702074,48.188541149175066,11.999999949959467,16.968939514112556,11.80261886171615,0.006328560853612681,True
48.0,-54.0,11.911974091433322,1.6353651609157458,51.99766654966821,10.737872956863544,17.270120970978354,11.977459804345246,0.005497469387464417,True
48.0,-3.0,9.517182884374261,2.0589289594619284,36.32598970964497,11.999999950914226,13.696142831615365,9.536509940967234,0.0020307539350435996,True
48.0,0.0,10.520329261148012,1.947737562263607,41.102409993617805,12.0,15.139016600643387,10.579557474112338,0.0056298820592106695,True
48.0,3.0,10.434846975003921,1.9571213236387495,47.91110643311383,12.0,16.904444138291954,10.465591121602518,0.0029462958749891153,True
48.0,6.0,10.757846244521529,1.8874563807855937,48.39510426319461,12.0,17.41206509634219,10.802470965974038,0.004148109244007309,True
48.0,9.0,10.57212556374464,1.8796745335147325,37.88117444923705,11.999999636723295,17.12128531496827,10.582203925097676,0.0009532956539599275,True
48.0,12.0,9.945207844558295,1.985959536105919,54.01368903715574,12.0,16.103537117928195,9.961180149544303,0.0016060302847011087,True
48.0,15.0,10.528584778157393,2.3078537623005553,59.9999996334323,11.999999932145458,17.20791818223096,10.5762840452819,0.004530453819725519,True
48.0,18.0,9.184251002222025,2.423426074360926,59.999999652944126,11.999999901890977,15.077747584093247,9.234091405371219,0.005426724850740182,True
48.0,21.0,9.72898634176776,2.468412167765088,59.06941949027732,12.0,15.99383194752671,9.758217806824113,0.0030045745804842287,True
48.0,24.0,11.181461944974087,2.240434010708626,60.0,12.0,18.28745451643234,11.217445678766712,0.00321816001965637,True
48.0,27.0,10.464163064846797,2.444682711111427,59.069376270083616,12.0,17.199499376945386,10.500643022212412,0.0034861801311339142,True
48.0,30.0,10.915200690411579,2.6008833606916597,60.0,12.0,18.00193201220668,10.957418470723848,0.003867796984196089,True
48.0,33.0,11.168749540381382,2.6540602287034623,59.99999949871047,11.999999953605329,18.470086864984488,11.22590705746704,0.0051176290487132,True
48.0,36.0,11.24478622627783,2.729776110752698,60.0,12.0,18.635312432928,11.286085138764046,0.0036727165510452068,True
48.0,39.0,11.220461472593577,2.7744380649733293,60.0,12.0,18.570754734338816,11.293690538051509,0.006526386248622381,True
48.0,42.0,11.480971930702033,2.7097230892132482,60.0,12.0,19.001652377156237,11.544394330633256,0.0055241316078494425,True
48.0,45.0,11.962035512122592,2.7065362374850723,59.99999991192606,11.999999992204193,19.7881996655911,12.003436490558673,0.003461031226175942,True
48.0,48.0,11.622558070914755,3.068025934090297,56.26868456682093,11.416180110189751,19.261189432773126,11.699911995980715,0.006655499124546179,True
48.0,51.0,11.830890813150887,2.8910743082571018,59.99999996875911,11.999999983333941,19.666817152476252,11.882122423655435,0.004330325696827513,True
48.0,54.0,11.928815476969454,2.9671966836611543,59.99999963113259,11.99999998426606,19.85779179143822,12.001084062912833,0.006058320382514501,True
48.0,57.0,11.74187729180132,2.7063547999016535,60.0,12.0,19.45572669881598,11.790160942759973,0.004112089554228899,True
48.0,60.0,11.536737900539213,2.8487811155708993,59.999999774660694,11.999999994687638,19.127725145971986,11.59830868378671,0.005336931789411547,True
48.0,63.0,11.680000741519352,2.938493343555506,60.0,12.0,19.366922634717852,11.740723445165635,0.005198861283495418,True
48.0,66.0,12.17811875943226,2.5140394744804677,59.99999974449592,11.999999939473133,20.081016723100973,12.234377446277689,0.0046196533271491095,True
48.0,69.0,12.150828059541825,2.7401423802035887,59.99999998380269,11.99999996330027,20.086761677070577,12.220362531745891,0.005722611814053511,True
48.0,72.0,12.044228427447768,2.46913574236482,59.99999992663156,11.999999982264242,19.82003220819112,12.103991674543819,0.004961982202185337,True
48.0,75.0,12.217854649168908,2.4670168244817443,60.0,12.0,20.11350652997331,12.266924301176948,0.004016224895209215,True
48.0,78.0,11.721407546040096,2.574847266828791,60.0,12.0,19.34708039128341,11.765187120856377,0.0037350100356395226,True
48.0,81.0,11.965223449483942,2.5559219460252733,60.0,12.0,19.74540376061903,12.01350331942536,0.004035016157053182,True
48.0,84.0,11.58193344131282,2.6735129145750935,58.158293340741665,11.129749677341154,19.14473462767512,11.62846799401384,0.0040178570302460345,True
48.0,87.0,11.733323098169683,2.5587055549644346,60.0,12.0,19.362374493802267,11.779580644006085,0.003942407913715286,True
48.0,90.0,14.948957755768989,1.7669975125722364,60.0,12.0,24.04509196346591,14.965415535179142,0.0011009315618543366,True
48.0,93.0,13.938920578112608,2.4564673533942365,60.0,12.0,22.93175922525771,13.989759069652347,0.0036472330303372064,True
48.0,96.0,15.293740311870796,1.9917117676053953,60.0,12.0,24.8051039060627,15.333929375046814,0.002627811271571329,True
48.0,99.0,16.056099314546344,1.9952800351846016,59.381497769581266,11.323709897699215,23.082806572459884,16.136464231208773,0.005005257820597855,True
48.0,102.0,13.810951010768825,2.6799798258102303,59.38149770318163,11.323709797402406,19.584032184892898,13.88624548790204,0.005451795251065971,True
48.0,105.0,12.65882159444721,2.550661494219788,59.381497769581266,11.323709897699215,17.959975335325247,12.701720554917843,0.003388858919494641,True
48.0,108.0,12.907401423668578,2.2171636857580217,59.38149755577747,11.323709878813409,18.45886853304992,12.965150562785109,0.004474110413164588,True
48.0,111.0,12.989296489488137,2.2850703218702626,60.0,12.0,21.248242213876633,13.024420631920027,0.002704083509088806,True
48.0,114.0,12.205267734432164,2.3092865903886355,59.999999616492595,11.99999999663971,20.00973692544615,12.256467217594196,0.004194867681402296,True
48.0,117.0,12.656724559269913,2.4992977319480536,60.0,12.0,20.845355895082836,12.702120102086978,0.003586673835278891,True
48.0,120.0,12.444243332971196,2.2372398848171775,60.0,12.0,20.349956013264435,12.490663369975211,0.0037302418284464738,True
48.0,123.0,11.453200710573272,2.3068714822530483,60.0,12.0,18.77437492470706,11.500987411932739,0.004172344706694217,True
48.0,126.0,11.217430790385261,2.239839367440602,60.0,12.0,18.348644919866455,11.261442341168465,0.003923496530143665,True
48.0,129.0,10.90549025708151,2.0793223344788005,60.0,12.0,17.74567088817124,10.941746291224447,0.003324567102280822,True
48.0,132.0,10.985403568963354,2.0993678315710413,60.0,12.0,17.880754709651953,11.018606173295769,0.0030224291828677623,True
48.0,135.0,11.583831718375917,2.019825442322109,60.0,12.0,18.788740251972904,11.605112206561047,0.0018370854051144735,True
48.0,138.0,11.772063130718136,1.910890215859254,60.0,12.0,19.0213258275776,11.786921829800423,0.0012622000848360212,True
51.0,-126.0,14.829103503275634,1.8386305473558355,59.999999942658896,11.999999009228379,23.96784662418952,14.894762424656596,0.004427706729975834,True
51.0,-123.0,13.545566943311139,1.9356055765817943,60.0,12.0,21.92565616044213,13.576579341793368,0.002289486930448717,True
51.0,-120.0,16.05684979191953,2.075861554109874,60.0,12.0,26.12107718622963,16.120122446676188,0.003940539743262749,True
51.0,-117.0,15.316179191999785,1.77536033796042,60.0,12.0,24.708413731468696,15.374296428156173,0.0037944996221214744,True
51.0,-114.0,12.483744840126146,2.2011427566611337,60.0,12.0,20.394477220823482,12.53085166897801,0.003773453355154206,True
51.0,-111.0,12.549246984986492,2.76964285235644,56.2686845191639,11.416180113120417,20.58212694828092,12.604379486578832,0.004393291618078625,True
51.0,-108.0,12.654533276943866,2.4099201133461112,59.999999357719005,11.999999956977996,20.795694471630306,12.70465539592644,0.0039608034437663316,True
51.0,-105.0,11.883856950146876,2.369782039282391,58.15829360950502,11.129749715184136,19.49567317222912,11.940064468201703,0.004729737011360742,True
51.0,-102.0,11.404104244062587,2.4250588918685563,59.99999996099217,11.99999999310674,18.690885678831147,11.433739590157098,0.002598656190813017,True
51.0,-99.0,11.294153369071998,2.3052745827269785,59.069420137119565,12.0,18.504252075181334,11.341031209910868,0.004150629029639484,True
51.0,-96.0,11.27353047431705,2.224025509256775,59.06942007944953,12.0,18.42102993157007,11.316016068586572,0.0037686148422014596,True
51.0,-93.0,12.0704091090409,2.266026737932003,60.0,12.0,19.713324204330295,12.09005413449051,0.0016275360074493937,True
51.0,-90.0,12.18439224551643,2.1862331497833813,59.99999970840143,11.999999978418389,19.890136938500035,12.225623091565478,0.0033839066584728703,True
51.0,-87.0,12.836074245377356,2.211145511886526,59.069420089656084,12.0,20.96733755499169,12.884944513792682,0.0038072597182838815,True
51.0,-84.0,12.515482080396309,2.285461218864138,59.06942018926406,12.0,20.504867873378117,12.574195429383737,0.0046912574849509205,True
51.0,-81.0,12.858373899240934,2.1838863245796243,59.06942035701564,12.0,20.982913576549063,12.90458576111521,0.003593911814697223,True
51.0,-78.0,13.41525000370772,2.299780819126342,60.0,12.0,21.927876442336824,13.435460112479314,0.0015065025822110982,True
51.0,-75.0,13.35450782169792,2.048023732485426,59.069420331716735,12.0,21.697062408124264,13.396565078732129,0.0031492929275817798,True
51.0,-72.0,13.749172491035775,1.9674994786100164,59.06941972531933,12.0,22.286984584086948,13.793662580043916,0.003235837577654057,True
51.0,-69.0,13.508524225875789,1.9687766814927812,59.06941937986526,12.0,21.909869734038022,13.559745409584739,0.0037917675426628215,True
51.0,-66.0,13.40792738033248,1.9558847982829495,59.381495593158526,11.323709476511038,19.263139516913494,13.454778780069695,0.0034943058989072616,True
51.0,-63.0,13.487196304134725,1.955288135663318,59.1626430156561,11.323709887434502,19.3573919469154,13.520436520960965,0.002464575741071511,True
51.0,-60.0,12.731137865556956,1.9262020736319128,52.2125794062889,11.323709874723454,18.320285326687248,12.787968480563451,0.004463906966261497,True
51.0,-57.0,12.43201955318574,1.9958837579484532,52.616168780086944,11.414163059164329,17.877330601150447,12.473575882018109,0.0033426852857322232,True
51.0,-3.0,14.507783589825644,1.6353651609157458,51.99766654966821,10.737872956863544,21.09340972855665,14.507783589825644,0.0,False
51.0,0.0,12.647992612476667,1.5838270316383845,31.367449914325018,11.323709772555109,18.38615512172028,12.736598593256241,0.007005537044049861,True
-30.0,144.0,7.091960939408848,2.746427376656429,60.0,12.0,11.732987995708674,7.102758580115929,0.0015225183555482716,True
-30.0,147.0,6.505696567998122,2.9243570644123356,59.99999982685125,11.999999997599021,10.781290983932848,6.52956555394424,0.003668936246355342,True
-30.0,150.0,6.128921006494312,3.004668450015783,60.0,12.0,10.212281124405111,6.14169053872497,0.0020834878141074787,True
-30.0,153.0,5.317978954438736,2.238771926931597,59.069418340255545,12.0,8.678630828569933,5.329034797838121,0.0020789558390705695,True
-27.0,-69.0,19.695638754029332,1.6928894962113263,57.224167123433986,9.099913615446019,31.7045070855202,19.811985910050744,0.0059072547722073595,True
-27.0,-66.0,8.626655053006694,2.8653231814205853,60.0,12.0,14.313181762240626,8.638250280999845,0.0013441163373177792,True
-27.0,-63.0,6.1370181025145545,3.220929316831426,60.0,12.0,10.241137809759886,6.157485999068539,0.0033351533614669345,True
-27.0,-60.0,5.494683516520647,2.851951666008075,60.0,12.0,9.118666042735383,5.512737242225483,0.003285671622497357,True
-27.0,-57.0,5.321628596303011,2.7614460903935987,59.99999833864056,11.999999996062133,8.7904903413198,5.346306666523081,0.004637315395744549,True
-27.0,-54.0,5.326092209316154,2.426796047907357,47.3577749976419,11.999999874566686,8.743205100316985,5.355708407791706,0.005560586882771015,True
-27.0,-51.0,5.161580113999876,2.318732136614555,59.069420434095065,12.0,8.446884833594986,5.1750379455088895,0.0026073084620950623,True
-27.0,18.0,7.953270520002293,2.9655112291854886,59.999999992025195,11.999999949799948,13.274328558588062,7.953270520002293,0.0,False
-27.0,21.0,8.650442248953942,2.9999407642483504,59.999999867628,11.999999995749354,14.438076277933886,8.670576582002203,0.002327549559757625,True
-27.0,24.0,7.208639990079691,2.635155275315054,59.99999999718167,11.999999997569082,11.921831257130163,7.220251785506067,0.0016108163873290232,True
-27.0,27.0,6.373010909562366,2.757833855602545,59.9999986881813,11.999999865711349,10.543802463887195,6.4301236072157115,0.008961650696007947,True
-27.0,30.0,5.315844202169471,2.6903810423010066,59.069419668331236,12.0,8.802543026846998,5.338778292882708,0.004314289478965058,True
-27.0,114.0,5.440712411010172,3.7024115185766644,60.0,12.0,9.09337325973655,5.473501473284704,0.006026611920927387,True
-27.0,117.0,6.844830725303844,2.8251722633472345,60.0,12.0,11.384772724064948,6.845075111425608,3.570374952601948e-05,True
-27.0,120.0,7.051206825325217,2.9470855194542107,60.0,12.0,11.733024759828114,7.090843300571072,0.00562123282265611,True
-27.0,123.0,6.911902886192098,2.9877510969807317,59.999999994165385,11.999999961147537,11.460924615337516,6.949895792179879,0.0054967360817061274,True
-27.0,126.0,7.207462591877615,2.7775088399956647,60.0,12.0,11.958479725082086,7.237561547223547,0.0041760820763539755,True
-27.0,129.0,7.291307467538484,3.086216521376676,60.0,12.0,12.185953967621337,7.31389308646747,0.0030976089034153035,True
-27.0,132.0,7.418897847898948,2.8347942410066747,60.0,12.0,12.334710447525696,7.450016840350469,0.004194557343896324,True
-27.0,135.0,7.730043941076262,2.8458369238737644,60.0,12.0,12.817666085104696,7.737378590110251,0.0009488495912700055,True
-27.0,138.0,7.318524947600278,2.9623640820835226,59.999999977073905,11.999999967031723,12.207008704454381,7.320545703998343,0.0002761152571772789,True
-27.0,141.0,7.385827862166523,2.9900930128682552,59.99999992876933,11.999999999414191,12.248646512766372,7.411497226567693,0.0034754891232518605,True
-27.0,144.0,6.587820513651672,3.273764413625528,56.26868460244371,11.416180117084606,10.968326624056553,6.626845992518386,0.005923883139475797,True
-27.0,147.0,5.816264252071525,3.014004785973122,60.0,12.0,9.701019357094735,5.832861223036898,0.002853544860768944,True
-27.0,150.0,5.398454229664423,3.0774597838724023,56.268683013900734,11.416180110771647,8.952791168433826,5.436873075522112,0.007116638249256383,True
-27.0,153.0,4.914874924199089,2.2035769586147103,51.68558921418201,12.0,8.018123595400802,4.928400306244973,0.002751928025531254,True
-24.0,-69.0,18.129470232876177,2.078875625829181,59.99999981987157,11.999999034982721,29.49763614988716,18.141934828570413,0.0006875322628916759,True
-24.0,-66.0,7.14110587534693,3.1005632077349756,59.99999995545081,11.999999971699978,11.934482454433303,7.172087309967059,0.004338464540497207,True
-24.0,-63.0,5.978805606629681,3.3045372507755935,59.999999639925,11.99999993742761,10.004152259193184,6.0017292345314885,0.0038341483918440636,True
-24.0,-60.0,5.72742165806344,3.0469276646163115,60.0,12.0,9.56594256596881,5.746950793178744,0.003409760321698995,True
-24.0,-57.0,5.268995395902401,3.039781636319572,60.0,12.0,8.789312170170417,5.2813067899720885,0.002336573320838703,True
-24.0,-54.0,5.188461750983069,2.9522393885830707,59.99999997059636,11.999999989067751,8.611699737459713,5.221652333861755,0.00639699866196322,True
51.0,3.0,11.475197317548082,1.799544944759743,36.82127538081167,11.999999843392056,18.560210228828115,11.478816226179575,0.00031536787833346926,True
51.0,6.0,11.383407012814255,1.938820435857527,43.505620968294586,12.0,18.415959454598802,11.402244584912728,0.0016548272478764622,True
51.0,9.0,12.096084567361617,1.9856480163486643,44.82572732001526,12.0,19.604633536281476,12.121299407871522,0.0020845456535531753,True
51.0,12.0,10.769656514746453,2.009960641239857,59.069420434095065,12.0,17.478863671818022,10.804220803060124,0.0032094141782835622,True
51.0,15.0,11.643477526488176,2.175797501541893,59.069420434095065,12.0,18.980697461751884,11.675926538911849,0.0027868832442758643,True
51.0,18.0,11.173228060825453,2.0847255079539604,59.99999533800493,11.999999873432385,18.191557658892627,11.223106142246683,0.004464070826237607,True
51.0,21.0,11.2376114866259,2.119568130877618,54.863812372269436,12.0,18.302701979853193,11.277163388091559,0.0035196003628289152,True
51.0,24.0,11.008886855106777,2.304077787433046,59.069420434095065,12.0,18.0005424202491,11.032684755984453,0.0021616991064484607,True
51.0,27.0,11.351017122568512,2.202267118871023,59.0694186758825,12.0,18.515595610169754,11.38117734979965,0.0026570506330372587,True
51.0,30.0,11.128317385853531,2.4329487940906946,60.0,12.0,18.257937486938825,11.145613836349414,0.0015542736512772215,True
51.0,33.0,11.388925876258009,2.5326333922434303,59.999999631718964,11.999999994450118,18.734729318032677,11.454761384728771,0.005780660018870316,True
51.0,36.0,12.062267936984977,2.515740555752705,60.0,12.0,19.88371893246778,12.127441425099258,0.005403087417288094,True
51.0,39.0,12.140267045123617,2.6654197125885,59.99999991869564,11.999999966586742,20.07718799639845,12.196556073371251,0.004636556019601279,True
51.0,42.0,12.088592212050083,2.653443056052207,60.0,12.0,19.985952937966232,12.143890612270807,0.0045744284570706575,True
51.0,45.0,12.346136987865808,2.6188730715137694,60.0,12.0,20.401896373189302,12.392082668180265,0.003721462054050901,True
51.0,48.0,12.165547839845916,2.6034003244166692,59.999999851062,11.99999990164473,20.095231085119764,12.22018713472006,0.0044913139624657115,True
51.0,51.0,11.361618342755564,2.5107534460965835,59.99999993394377,11.999999954347594,18.72739315632635,11.409255407897884,0.004192806315545217,True
51.0,54.0,11.680343635040114,2.5230820147332627,60.0,12.0,19.234345154819163,11.729443023181359,0.004203591065073725,True
51.0,57.0,11.976985977403814,2.4717822099444833,59.99999955522048,11.999999662010561,19.659790828884727,12.02779110796356,0.004241896137776001,True
51.0,60.0,11.943383036493948,2.3045568670944157,59.99999999892388,11.999999907871077,19.55590807300826,11.990443396764384,0.003940287280968815,True
51.0,63.0,11.841775495252698,2.5059571032028103,59.999999380608614,11.999999968475738,19.485347993592605,11.894654924064335,0.004465498339572197,True
51.0,66.0,11.910021203655,2.432357156951368,59.99999987497001,11.999999987842962,19.566475610831297,11.967545112620352,0.0048298746057393715,True
51.0,69.0,11.8389475625968,2.364760086989944,60.0,12.0,19.406548005320598,11.869081697009722,0.002545338954631899,True
51.0,72.0,11.843596255550422,2.2998130519070803,59.38149773568589,11.323709891342416,16.879543449022613,11.87637417460362,0.0027675647114226818,True
51.0,75.0,11.89924293280586,2.410286326184083,59.381497769581266,11.323709897699215,16.925833191807367,11.936173619732932,0.003103616518766481,True
51.0,78.0,11.66511773695295,2.698702664329474,59.99999988712167,11.999999998333884,16.53063415471731,11.716616809348828,0.0044147923370492755,True
51.0,81.0,11.8695601460759,2.7341664289832,59.99999979287579,11.999999810691378,16.811818145321922,11.917711693316177,0.0040567254934207415,True
51.0,84.0,13.128051295777635,2.124247662399371,59.381497769581266,11.323709897699215,18.780084044478194,13.164886659767557,0.0028058516195598603,True
51.0,87.0,13.897212798403134,2.176492568327896,59.381497682336345,11.32370988177033,19.8996355875447,13.965145289812323,0.004888209772321792,True
51.0,90.0,13.549684549993522,2.6384959911998367,59.381497769581266,11.323709897699215,19.180887366578606,13.58914398239295,0.0029122030298075205,True
51.0,93.0,16.540048684709284,2.274009906891987,59.38149776623723,11.323709889780112,23.63504559296493,16.620575350230567,0.0048685869707099155,True
51.0,96.0,14.880157817094997,2.5775967868661707,59.38149729881317,11.323709882699,21.11526566413202,14.941331136890701,0.004111066599403002,True
51.0,99.0,15.630900093236226,2.13026636870996,59.381497329730806,11.32370981069821,22.386944008691902,15.69531163316488,0.004120782523363865,True
51.0,102.0,14.2855673522825,2.1864608996167276,59.38149772408006,11.323709783652353,20.424337261021318,14.336386144403347,0.0035573520370352717,True
51.0,105.0,13.492192736207333,2.066761620565422,59.381497538176326,11.323709894238903,19.35708792896609,13.552740570684056,0.00448762003778964,True
51.0,108.0,13.693491556711153,2.3200106909973885,59.381497769581266,11.323709897699215,19.495141258171945,13.722457256040565,0.002115289530756353,True
51.0,111.0,12.987212631207466,2.0967132233097105,60.0,12.0,21.135121370844384,13.025040055627992,0.002912666905108529,True
51.0,114.0,13.789913204991324,2.289150723817014,60.0,12.0,22.592482264982554,13.846803748114564,0.004125518578510561,True
51.0,117.0,14.033983942455206,2.30646836758216,60.0,12.0,23.008931715439086,14.09576762271517,0.004402433443938741,True
51.0,120.0,13.113928282237355,2.249512557651601,60.0,12.0,21.44468957120524,13.158027957981721,0.003362812026667767,True
51.0,123.0,13.045414585493369,2.145197574018999,60.0,12.0,21.269748876077873,13.089624769636897,0.003388944356945978,True
51.0,126.0,12.398290018780074,2.235746979517475,60.0,12.0,20.270061262226626,12.442151338951314,0.003537691093271914,True
51.0,129.0,12.642389002639518,2.238658033315564,60.0,12.0,20.67949571674341,12.692422183014697,0.003957573237521223,True
51.0,132.0,13.77260200845072,2.030008227865805,60.0,12.0,22.373951225448604,13.815422135069555,0.0031090803751216587,True
51.0,135.0,14.367623512424903,1.8902012309700595,60.0,12.0,23.215340322019184,14.394785595548376,0.001890506324861851,True
51.0,138.0,13.80228244115312,1.8544132754749023,60.0,9.893076278795807,22.26697294078783,13.821707072675462,0.001407349226851491,True
54.0,-132.0,13.997115532565154,1.5903975005701654,59.069420390265556,12.0,22.413657483103936,14.03453809401547,0.002673590952596687,True
54.0,-129.0,16.13933842426047,1.6540516596989654,58.13529384741808,10.83566748129188,25.928231728750628,16.202420693591097,0.003908603170239246,True
54.0,-126.0,14.32508940193933,2.0381119348605248,59.06941895063625,12.0,23.288615813147743,14.383443969748393,0.004073591875884789,True
54.0,-123.0,14.642068687277613,2.123249007590426,60.0,12.0,23.85406114687083,14.689344834639643,0.0032287887983415984,True
54.0,-120.0,15.972219308472804,1.91572786529787,60.0,12.0,25.816360278241195,15.995267976967744,0.0014430473342370033,True
54.0,-117.0,14.265869084174827,2.031613454605124,60.0,12.0,23.171431000972778,14.307172820951559,0.0028952835984279173,True
54.0,-114.0,13.470885599317796,2.2138044357398607,59.999999991013574,11.999999987006525,21.987627977528167,13.507658454256942,0.0027298023331894716,True
54.0,-111.0,13.58782482586442,2.1984290927662644,60.0,12.0,22.16947241298362,13.622506116270902,0.0025523798585087814,True
54.0,-108.0,13.359063694887615,2.0866898864665084,59.06942002936194,12.0,21.73765274504172,13.406428073270959,0.003545486380267059,True
54.0,-105.0,13.658588313626243,2.0633177577250827,59.069420434095065,12.0,22.211575433453277,13.70808659078736,0.0036239672815774034,True
54.0,-102.0,13.18575262639149,2.0044825175810734,59.069420434095065,12.0,21.416331560765133,13.240238484334766,0.004132176561102846,True
54.0,-99.0,13.346169400745138,1.997915882291209,60.0,12.0,21.645916485273162,13.37853704341569,0.0024252384110114026,True
54.0,-96.0,14.1101131402223,2.036853677751055,60.0,12.0,22.913617700092995,14.145807193894202,0.002529678771331211,True
54.0,-93.0,14.169521777952323,2.0387152670768063,59.06941973036682,12.0,20.31619045257504,14.238546426641484,0.004871346384926241,True
54.0,-90.0,14.232079805298778,2.0356953292317748,59.38149709639399,11.323709868661913,20.390584931800273,14.26682951910966,0.002441646919232729,True
54.0,-87.0,14.89862119464693,1.9628693371919093,59.38149716124984,11.323709749901319,21.3780237390739,14.934229606605259,0.002390047474401372,True
54.0,-84.0,15.334006295079421,1.9846425188439987,59.38147461827424,11.32370966613297,22.043680210917962,15.406502641222758,0.004727815076390102,True
54.0,-78.0,15.15827615224163,1.9414288879579942,50.49552570801684,11.323709897699215,21.82627460792836,15.24027445008158,0.0054094738093173255,True
54.0,-75.0,15.107674668369501,1.870515287568572,59.38149551550291,11.323709875542797,21.71512259756525,15.139210936539564,0.0020874336297490984,True
54.0,-72.0,15.898165410398505,1.816759804303751,59.381496019759865,11.32370989020039,22.869175115620276,15.924946033648611,0.0016845102915201667,True
54.0,-69.0,15.729589224494307,1.8519261598954144,59.38149336475357,11.323709851295586,22.62168759027351,15.76481109731714,0.0022392112292407926,True
54.0,-66.0,15.918724592333835,2.023746164151612,59.381497769581266,11.323709897699215,22.89429525130148,16.014504102322135,0.006016782904481331,True
54.0,-63.0,15.233615297816916,1.9734508919489273,59.381497445508245,11.323709848035662,21.876021918026858,15.285623736650766,0.003414057518001203,True
54.0,-60.0,15.46314597290173,1.8833082585533256,55.52960451392576,11.323709867826002,22.276967675252493,15.535267348419005,0.004664081658652366,True
54.0,-9.0,17.33615342837916,1.1919443963809238,29.97197471374421,12.0,25.473496488870158,17.339338783902107,0.00018374061674683736,True
54.0,9.0,12.427378166624843,1.992845259121886,50.19087279179429,11.323709701637608,17.870729341072728,12.49220814230651,0.0052167057936464,True
54.0,12.0,11.86276065502751,1.9958837579484532,52.616168780086944,11.414163059164329,19.198148315313478,11.903125663727902,0.0034026656926004744,True
54.0,15.0,12.078832984736984,1.9688911990999947,52.08154433434359,12.0,19.582634975275347,12.1194074182682,0.0033591352395124794,True
54.0,18.0,12.452152131460036,2.0127088579942405,59.069420434095065,12.0,20.217179815033507,12.495841367778253,0.0035085691097394623,True
54.0,21.0,12.229735986477468,2.1025409348892747,59.069419694883415,12.0,19.917226839765394,12.278026135217074,0.003948584727667065,True
54.0,24.0,12.308182695177166,2.1127371307972242,59.069420434095065,12.0,20.050034249040703,12.356229529190177,0.0039036497266032267,True
54.0,27.0,12.074410529722824,2.058606845867656,58.15829371011096,11.129749743951352,19.633640910100695,12.132634064072134,0.004822060191343036,True
54.0,30.0,12.2991716712762,2.1079536573106403,53.97800962026375,12.0,20.033350242263182,12.342016932395385,0.0034835891606624743,True
54.0,33.0,12.206074628315735,2.1352525690137103,60.0,12.0,19.884424481680778,12.259939474194363,0.004412954001909209,True
54.0,36.0,12.560889598245561,2.2755109678163565,60.0,12.0,20.535982773351986,12.600776382768204,0.0031754744925243635,True
54.0,39.0,12.260162594470831,2.3730804777627204,60.0,12.0,20.095802640213282,12.28779715432388,0.002254012509223256,True
54.0,42.0,11.999323654588446,2.2620999602216134,60.0,12.0,19.629941950266325,12.0402507695285,0.0034107851507450297,True
54.0,45.0,12.549022841609268,2.381203428311151,60.0,12.0,20.571380316775905,12.57576675233681,0.002131154836922069,True
54.0,48.0,12.07319141850218,2.310854837472908,60.0,12.0,19.744773738579262,12.094094380403478,0.0017313534737189611,True
54.0,51.0,12.79061907673577,2.2652545161890583,59.99999978791198,11.999999986760807,20.915620843422378,12.848743256931533,0.004544282012235257,True
54.0,54.0,13.150455759642307,2.149063518226905,60.0,12.0,21.430532731611383,13.187103913946132,0.0027868352986133486,True
54.0,57.0,14.149004777201288,1.920071577264763,60.0,12.0,22.901919035215652,14.187692325128934,0.0027342946402834096,True
54.0,60.0,13.151013998406764,2.0245311506431594,60.0,12.0,21.348945681510827,13.184628933366536,0.0025560717191727028,True
54.0,63.0,12.77391795231151,2.2194387656326824,60.0,12.0,20.84574158011388,12.801443979344642,0.002154861737478926,True
54.0,66.0,12.511379126450544,2.137459042563904,60.0,12.0,20.39100804549626,12.551639580190262,0.003217906941577877,True
54.0,69.0,12.901607295933825,2.108212140943989,59.069420434095065,12.0,21.01075304246493,12.949995392499407,0.003750547932181426,True
54.0,72.0,12.289229979886299,2.124232608587686,59.06941992250606,12.0,20.016579357247178,12.33149517596379,0.0034392062111837643,True
54.0,75.0,12.939415888409263,2.250887006258197,59.99999980572676,11.999999980656566,21.134114428498293,12.997135965355655,0.004460794632785243,True
54.0,78.0,12.926012888246616,2.176626729383905,59.06942030948381,12.0,21.104001873850642,12.98176228320499,0.004312961424405352,True
54.0,81.0,13.30505348161421,2.189684747202139,60.0,12.0,21.710477966441445,13.343800890572922,0.002912232484616082,True
54.0,84.0,13.136101837852038,2.1993607047314763,60.0,12.0,18.767257330468464,13.254224754298177,0.008992235132173208,True
54.0,87.0,12.693564616276376,2.0930508965173917,51.66475823440747,11.323709897699215,18.144354553567492,12.762350256795703,0.005418938068123582,True
54.0,90.0,14.067601802372291,2.2225269283250397,59.38149772782296,11.323709864649903,20.08968154613247,14.112192109907252,0.0031697163568733533,True
54.0,93.0,13.170150375492035,2.296252660822425,59.38149776195058,10.888371833101212,18.806546385817423,13.231224557377015,0.004637318492477568,True
54.0,96.0,16.569075949214685,1.9449504194022529,59.38149377419914,11.323709738186864,23.808329423538463,16.62552338142369,0.003406794222080945,True
54.0,99.0,15.894962897275423,1.8680318322315095,59.38149754148006,11.323709866423716,22.83521710611232,15.91924445112036,0.0015276257014162952,True
54.0,102.0,13.296839369402766,2.1545998778472355,59.3814977176412,11.323709865462437,19.027504511900858,13.346920926964497,0.0037664257024096126,True
54.0,105.0,15.047268129324133,2.1041183265572876,59.381497735036845,11.323709848664734,21.51670769207262,15.076807069586794,0.001963076620206934,True
54.0,108.0,15.731861511689198,2.240437785886206,59.000137582371146,11.323709872923502,22.465783888702898,15.787240036444022,0.0035201507916705218,True
54.0,111.0,17.435352607051307,2.1283875438928463,59.381497758326866,11.323709875662118,24.97011786446036,17.505656001953973,0.004032232469691127,True
54.0,114.0,15.022865455076362,2.432390686818214,59.381497769581266,11.323709897699215,21.36911511057702,15.0764299581889,0.003565531707164301,True
54.0,117.0,14.074193341933336,2.3654612384622373,59.38149639487851,11.323709886551601,20.053946466052672,14.12908473060333,0.0039001445650492434,True
54.0,120.0,15.100651846784134,2.2567412121649943,60.0,12.0,24.69299822938671,15.148027509363988,0.003137325663854963,True
54.0,123.0,14.27698040714876,2.2358907301624056,60.0,12.0,23.317619745201974,14.312742669425079,0.002504889777561997,True
54.0,126.0,15.170863215246664,2.2314223601827186,60.0,12.0,24.81028343711407,15.230895564101763,0.003957081940780194,True
54.0,129.0,14.521206625563442,2.0248785396137614,59.0694197482205,12.0,23.598421896542593,14.580474766569463,0.004081488717451593,True
54.0,132.0,15.428100754686275,1.8962124751520884,60.0,12.0,24.94867925333345,15.466747619510196,0.002504965804827397,True
54.0,135.0,18.637033351847418,1.7760858083295539,60.0,12.0,30.032733902765248,18.686826354877518,0.002671723663850402,True
54.0,156.0,15.453916045731809,1.5210244445706607,59.069420434095065,12.0,24.7176502723234,15.51178638686988,0.0037447039939145386,True
54.0,159.0,15.45811802945353,1.7044564947658731,60.0,12.0,24.86614720550381,15.506490802338433,0.003129279566421665,True
57.0,-132.0,19.08678303894359,1.7800039466241404,60.0,12.0,30.7871420462945,19.15392009789551,0.003517463305101687,True
57.0,-129.0,20.043009393957217,1.6540516596989654,58.13529384741808,10.83566748129188,32.25989948778239,20.159047809435805,0.005789470692638231,True
57.0,-126.0,19.866768369932156,1.7599869102665235,60.0,12.0,31.975016567710494,19.905225318139134,0.0019357425168947695,True
57.0,-123.0,16.162386587275087,1.9859299346406345,59.069420343617615,12.0,26.235780308660395,16.228705663996635,0.004103297267605413,True
57.0,-120.0,15.632135197387562,2.1228691640058557,60.0,12.0,25.441209423121943,15.666883860059315,0.002222899318166067,True
57.0,-117.0,15.376763032087569,2.1106642908201954,59.99999999013468,11.99999997213025,25.031398207614853,15.432737411850328,0.0036401926495162897,True
57.0,-114.0,15.705048392385695,1.9773575261848846,60.0,12.0,25.481934320274423,15.759037195480955,0.003437671871258638,True
57.0,-111.0,16.038505599701548,1.995994413922309,60.0,12.0,26.02341073673746,16.085018199109978,0.0029000581830576446,True
57.0,-108.0,15.772390187102053,1.9384805781471648,60.0,12.0,25.54997085372043,15.819429781214092,0.00298240111701689,True
57.0,-105.0,16.47953684725307,1.885841478577469,60.0,12.0,26.656217620734008,16.530493087707075,0.0030920917818451936,True
57.0,-102.0,15.914525164216544,1.9138520354320183,60.0,12.0,25.749437879751284,15.954703036785933,0.002524603917164186,True
57.0,-99.0,16.571089180687036,1.8881587558028063,60.0,12.0,26.79797073548618,16.617237107157134,0.002784845701263981,True
57.0,-96.0,17.076259998795614,1.782771478356779,59.99999999984608,11.999999981765773,27.609681333238566,17.076259998795614,0.0,False
57.0,-93.0,17.110224919264155,1.8404612630219954,59.99999998847538,11.999999974247737,27.661568754415427,17.184284713485784,0.004328393961568919,True
57.0,-90.0,17.225807893360333,1.7906064784436013,59.38149776198232,11.323709891799316,24.832265867117275,17.281950756547584,0.0032592296126146354,True
57.0,-75.0,17.392223162446964,1.6527865857489084,59.38149671241817,11.32370988256323,25.16711397504498,17.461169818466537,0.003964223283912427,True
57.0,-72.0,18.620692909403104,1.6225057863394068,60.0,12.0,27.024558765082723,18.682419462112865,0.003314943918042386,True
57.0,-69.0,19.88845602363459,1.6680675494744257,44.13566918643052,12.0,28.81963974512021,19.915344008364933,0.0013519392706196644,True
57.0,-66.0,19.980398597550057,1.53798346388724,52.7274286873913,11.323709890371203,28.99529223399303,20.064875738065847,0.004228000763015261,True
57.0,-63.0,19.78281459711035,1.5218815500859717,57.665624840173805,11.323709878666962,28.70397055979105,19.855966640778366,0.0036977571269713218,True
57.0,-6.0,20.292734360551957,1.4082974101839378,20.0,12.0,29.65156305521919,20.3770242251514,0.004153696741987427,True
57.0,-3.0,20.9717418308051,1.1151801333225462,25.867353708616772,12.0,30.74792187341615,20.988193388761278,0.000784463116554858,True
57.0,9.0,15.904534543748046,1.7406122549460672,39.73893172376809,11.323709897699215,22.969460823105116,15.967798316569128,0.003977719225109374,True
57.0,15.0,15.105310970145082,1.9248361957953461,40.28603928507887,12.0,21.809788296441624,15.118218048776775,0.0008544728842195701,True
57.0,24.0,14.173334989223541,1.9167666908561183,51.76242257801203,11.323709892317106,20.38972568172077,14.229558823485524,0.003966874014106916,True
57.0,27.0,14.371152438673338,2.01397589254031,47.91078002287831,11.99999999534098,20.702296157871764,14.423934191956981,0.003672757178582645,True
57.0,30.0,13.164175242970602,1.9958837579484532,52.616168780086944,11.414163059164329,18.901711824609077,13.185198948875025,0.0015970393523626716,True
57.0,33.0,13.506647788930117,1.9958837579484532,52.616168780086944,11.414163059164329,19.406728322486877,13.524548514093041,0.0013253270124949596,True
57.0,36.0,13.111746024816007,1.9595993717170928,59.06942036988544,12.0,21.252942691576116,13.156785124192481,0.003435019202723325,True
57.0,39.0,13.32172496541844,1.994715519662028,59.06942034239014,12.0,21.614570270698778,13.36666748034637,0.003373625791299218,True
57.0,42.0,13.485540513884326,1.9769305253989171,59.069420246030276,12.0,21.875059899318874,13.534912502377264,0.003661105644383035,True
57.0,45.0,14.034627883263127,2.106054140432926,60.0,12.0,22.847095092590376,14.076266505551631,0.002966849041873059,True
57.0,48.0,14.051765028917583,2.1061206061492896,58.948289132587135,12.0,22.881594702246627,14.103948536261727,0.003713662108408065,True
57.0,51.0,14.700883956261913,2.026476079306464,59.069420347747204,12.0,23.890639793707415,14.760327782307543,0.004043554538794223,True
57.0,54.0,14.660508231003538,1.9741397525055824,60.0,12.0,23.765901523117616,14.699179440685072,0.002637780974042416,True
57.0,57.0,14.951005915745872,1.8995384831728312,59.069420368161666,12.0,24.1701402642211,14.989714433822426,0.0025890243301815163,True
57.0,60.0,15.647373636968474,1.859532103345401,60.0,12.0,25.270279686937894,15.683503626636936,0.0023090130335420007,True
57.0,63.0,14.625679018937335,2.0252542150146167,60.0,12.0,23.766152332572503,14.677128948481112,0.0035177805746426905,True
57.0,66.0,14.75979319888527,2.0172913539713,59.06942042316433,12.0,23.95893055806084,14.806536847388847,0.0031669582272404444,True
57.0,69.0,14.881341669788275,2.0165417567103145,60.0,12.0,24.14115234244803,14.912543296284436,0.002096694450575363,True
57.0,72.0,15.078395094405277,1.9295255718434967,60.0,12.0,24.419383813922202,15.123472039341609,0.0029895054914071853,True
57.0,75.0,15.283738462496997,1.9288030832033864,60.0,12.0,24.74547290692219,15.325757988875669,0.0027492963506133583,True
57.0,78.0,15.416137260751748,1.9835739666279775,59.06942043180989,12.0,24.99559191357119,15.4626438458015,0.003016746949195486,True
57.0,81.0,15.014995194818226,2.011399333456749,59.069420170659065,12.0,24.37684057446803,15.067429825679335,0.003492151025076887,True
57.0,84.0,14.720285843996034,2.0349003265227408,59.06941888486067,12.0,23.924871779355858,14.777804818714669,0.003907463165336217,True
57.0,87.0,15.151236496170947,1.9141988749003294,59.06941870997684,12.0,24.543740902124345,15.214683459095047,0.004187576567769555,True
57.0,90.0,15.548084944942083,1.9958837579484532,52.616168780086944,11.414163059164329,25.18850473471942,15.636298023930477,0.005673565542043849,True
57.0,93.0,15.770429085343359,2.0175091033640515,59.069419853296736,12.0,25.614634702665658,15.829654413652266,0.003755467146036587,True
57.0,96.0,15.552807654957492,2.0123329133556447,59.06942033999105,12.0,25.248202069668725,15.605590922613386,0.0033938095826105655,True
57.0,99.0,16.142171608359007,1.902079545810616,59.06942014889477,12.0,26.155905840177287,16.219991936436504,0.00482093301728985,True
57.0,102.0,15.718250965679228,2.123150729626781,59.06941894193098,12.0,25.598367092971728,15.770728993564937,0.0033386684053012218,True
57.0,105.0,16.189653974795842,2.1105423365418288,59.38149598610952,11.323709770303866,23.163754745812877,16.23311762375571,0.0026846558318993465,True
57.0,108.0,16.613687818592762,2.18908007047138,59.38149776435144,11.323709891876781,23.744333444885083,16.66770063533126,0.003251103387054874,True
57.0,111.0,16.774690212951345,2.063263493859915,59.381497524893426,11.323709825603977,24.030027596482427,16.823209329955283,0.002892400180748338,True
57.0,114.0,18.248062881807783,1.9104663860659952,59.3814976292433,11.323709823140918,26.204027469452623,18.284724938220553,0.002009093055532989,True
57.0,117.0,18.56766425459114,2.0303258194440974,59.3814973118737,11.3237098948716,26.624752702216224,18.626585657837598,0.0031733341597820525,True
57.0,120.0,20.733470916949685,1.9313575014169264,59.38149729163346,11.323709887527894,29.786732267369594,20.794137891316797,0.0029260404401231822,True
57.0,123.0,18.27169628078699,2.0304512915472963,59.38149776325109,11.323709880896152,26.179769271185002,18.315326179492637,0.0023878406271192042,True
57.0,126.0,19.806110948913553,2.039924691372739,59.381497692758174,11.323709891114913,28.39226254427312,19.867226416347325,0.0030856874219986658,True
57.0,129.0,19.37675797503198,1.981064272623893,59.381492966451646,11.323709779007034,27.81359407837641,19.4376371499703,0.003141865889885588,True
57.0,132.0,19.996963270037366,1.70909148882846,59.38149673167357,11.323709832529035,28.852860345023206,20.043684914424738,0.0023364369757770923,True
57.0,135.0,17.241336040640626,1.8064060666581403,59.381497591057915,11.32370986660188,24.815722338647806,17.276473487114878,0.0020379770101010344,True
57.0,138.0,21.64459843689611,1.6362813621565606,59.38149629204309,11.323709843227105,31.3301043428084,21.72902120210654,0.003900408014339515,True
57.0,159.0,18.579038363511366,1.6428251168763963,59.38149718498635,11.323709892825216,26.868882667497413,18.63768798880701,0.003156763237586593,True
57.0,162.0,17.236516190470077,1.7613549664064196,59.069419455561615,12.0,27.763369735476367,17.291061619531764,0.0031645274752124444,True
60.0,-162.0,21.70651363256047,1.246531037178618,41.310466378046854,11.129749743951352,34.49092957529962,21.720003887326673,0.0006214841772640943,True
60.0,-159.0,22.846455726148143,1.4463584590327083,59.06587341332302,9.970163871494666,36.40835290127783,22.882861816985795,0.0015935115395594684,True
60.0,-156.0,21.158740107635733,1.4463584590327083,59.06587341332302,9.970163871494666,33.85967609248615,21.158740107635733,0.0,False
60.0,-153.0,21.430814634427378,1.6383028554136323,60.0,10.75329423431265,34.35342367991062,21.467280474429288,0.0017015610756732163,True
60.0,-150.0,20.654532244555917,1.6383028554136323,60.0,10.75329423431265,33.07998467911586,20.671514892173086,0.0008222237819810968,True
60.0,-141.0,18.987503597413266,1.6383028554136323,60.0,10.75329423431265,30.47476058072284,19.043523547262378,0.0029503588800764776,True
60.0,-138.0,23.130518772411506,1.4463584590327083,59.06587341332302,9.970163871494666,36.94179572180712,23.152339034264816,0.0009433537599397144,True
60.0,-135.0,18.318691468410783,1.7166524907070944,59.039410210963,12.0,29.45511978075544,18.361185910386084,0.0023197313000537668,True
60.0,-132.0,20.262508164620737,1.7436857132298287,60.0,12.0,32.579881901709356,20.291998490851057,0.0014554134162823712,True
60.0,-129.0,19.67559536537082,1.9130800252131201,60.0,12.0,31.850195240509564,19.735273189530652,0.003033088608076591,True
60.0,-126.0,18.85930197344322,1.9040856656346485,60.0,12.0,30.535290104582888,18.92563818571409,0.0035174266982033898,True
60.0,-123.0,16.724659687169915,2.1973753591354863,60.0,12.0,27.28845628773878,16.768479704203212,0.0026200842261031795,True
60.0,-120.0,17.479474433724267,2.0458256160297057,60.0,12.0,28.414292066862636,17.537049253865863,0.003293853048036354,True
60.0,-117.0,16.967786013051825,2.045219885800706,60.0,12.0,27.575918369827168,17.01991486884122,0.003072224964959865,True
60.0,-114.0,17.07915235199728,1.9912138209395789,59.069420434095065,12.0,27.72747439923533,17.14873196342262,0.004073949923937703,True
60.0,-111.0,17.155484790080752,1.9401000675859046,59.069420388367945,12.0,27.79106745692617,17.2143002117364,0.003428374212406701,True
60.0,-108.0,18.9824826301965,1.8821370985721826,60.0,9.794079092031309,30.6845350343059,19.03072848303373,0.002541598682170394,True
60.0,-105.0,19.372521801352274,1.7575899051396575,60.0,12.0,31.229294633386008,19.515028055428772,0.007356102397910331,True
60.0,-102.0,20.60828978130221,1.8157038800471221,59.999999337310605,11.999999894989534,33.24339112415139,20.65024289995324,0.0020357399423359054,True
60.0,-99.0,20.20703860255864,1.8017246268458285,59.99999998181044,11.999999931077719,29.471870294694643,20.27419486843357,0.0033234095898855864,True
60.0,-96.0,20.482256825917734,1.8089526205725177,57.303932449330105,11.999999989053208,29.588263437221432,20.58839425301418,0.0051819205275339605,True
60.0,-75.0,21.458082398258806,1.4463584590327083,59.06587341332302,9.970163871494666,31.18310744540183,21.513822527767154,0.002597628645179881,True
60.0,-72.0,22.301924172769812,1.4463584590327083,59.06587341332302,9.970163871494666,32.40372657955359,22.372258941712847,0.0031537533890870174,True
60.0,6.0,21.197982476491408,1.645104133444509,60.0,12.0,30.676531821935303,21.31798839897138,0.005661195475232563,True
60.0,9.0,18.32712351372687,1.495900261352592,51.374383384635834,11.323709845837662,26.59480230792566,18.385993111514885,0.0032121569838235334,True
60.0,12.0,17.67713691213399,1.6353651609157458,51.99766654966821,10.737872956863544,25.571637179479957,17.734864565408465,0.0032656675999862047,True
60.0,15.0,17.12592421271896,1.6353651609157458,51.99766654966821,10.737872956863544,24.759966657162156,17.171941406284663,0.002686990377519438,True
60.0,18.0,16.215889567053686,1.8385559660010977,41.59198159018739,12.0,23.37731905854274,16.288041520793787,0.004449460107738609,True
60.0,24.0,16.573531504253697,1.9958837579484532,52.616168780086944,11.414163059164329,23.833101734305526,16.62852220831621,0.003317983499678255,True
60.0,30.0,16.599617907330977,1.9525081014312418,59.38149744080723,11.323709892074902,23.904799935978847,16.69562895292112,0.005783931059505912,True
60.0,33.0,15.107455304373497,1.9958837579484532,52.616168780086944,11.414163059164329,21.681170026084402,15.129968285856334,0.0014901901762581914,True
60.0,36.0,15.518733987892258,1.9958837579484532,52.616168780086944,11.414163059164329,22.327795743212793,15.612315447633197,0.006030225133954317,True
60.0,39.0,15.49370247956645,1.8303948252325,59.38149713303049,11.323709889863073,22.287310470034576,15.524431272547147,0.001983308574643401,True
60.0,42.0,16.391762047211817,1.7943231865293527,59.38149379283621,11.323709879161182,23.600339327394966,16.425945922739068,0.002085430195289211,True
60.0,45.0,16.6829541688377,1.8078465280348663,52.275759800288505,11.323709852013451,24.046754032588765,16.741657756917093,0.0035187765599120242,True
60.0,48.0,17.002689934707064,1.79436887569864,59.99999994552403,11.999999660556494,27.483809668514798,17.005666514851693,0.0001750652488553318,True
60.0,51.0,17.5359185603955,1.7884010125606198,59.06942010281909,12.0,28.295301918053557,17.60763198702556,0.004089516405032899,True
60.0,54.0,17.898091471839,1.7255063027098947,60.0,12.0,28.8280174058328,17.965325594308442,0.003756496751356434,True
60.0,57.0,17.963799227154873,1.805946257018142,59.0694204084862,12.0,28.987774149038714,18.02880959935728,0.0036189656419748843,True
60.0,60.0,18.043656274365613,1.8115693552652066,59.06942043119537,12.0,29.118036053027375,18.10669917947418,0.0034939096683043814,True
60.0,63.0,16.558096474509902,1.7999160296499883,58.15829331010357,11.129749714627051,26.747786602526137,16.658697957232654,0.0060756671443255,True
60.0,66.0,17.04628279938262,1.9797334840465477,59.99999973096262,11.999999979265029,27.593381395594644,17.110854050553783,0.003787996006584001,True
60.0,69.0,16.87821958700921,1.8107598796891218,59.069420349239664,12.0,27.24484878831267,16.942301159993534,0.00379670217311587,True
60.0,72.0,18.04724232011987,1.754207082368106,59.069420434095065,12.0,29.10001506966845,18.1275409667597,0.004449358257372555,True
60.0,75.0,18.513531813878352,1.7902391685392793,59.069420434095065,12.0,29.862314808708504,18.581702102829126,0.003682187150248232,True
60.0,78.0,18.8739851736231,1.8912768446393449,53.4500707539539,12.0,30.491852906434787,18.906009534347604,0.0016967460994542606,True
60.0,81.0,18.712911690688436,1.8891615894171165,60.0,11.81917655275056,30.241002816366166,18.751670181222995,0.0020712164507164666,True
60.0,84.0,18.883933846972877,1.7837317188953417,59.069420434095065,12.0,30.485587764163938,18.973336536155376,0.004734325480431116,True
60.0,87.0,18.412596761398234,1.9294938272353153,60.0,12.0,29.780848439528445,18.443964857839976,0.0017036215395486753,True
60.0,90.0,18.5296537603546,1.9904577474364062,59.069420434095065,12.0,30.069566133241853,18.597673362655883,0.003670851230194942,True
60.0,93.0,20.198128758439417,1.916634907087216,59.069420434095065,12.0,32.69608131005813,20.26683865151583,0.003401794982998303,True
60.0,96.0,20.048199140159205,1.929338315196472,60.0,12.0,32.48468429542486,20.118606343714752,0.0035118966578156136,True
60.0,99.0,18.97770049181242,1.938553274063812,60.0,12.0,30.811203431927275,19.03425956396179,0.0029802911144988582,True
60.0,102.0,18.72214753408474,2.1109883459231793,60.0,12.0,30.460131419885776,18.76402923445382,0.002237013691555967,True
60.0,105.0,18.689483490533778,2.104804560695344,56.60348398823245,12.0,26.735579603034598,18.801760667661135,0.006007505621234816,True
60.0,108.0,18.552776440608035,2.2187788201588052,59.381497412404435,11.323709581544469,26.512846803537556,18.622740501318155,0.0037710830470087434,True
60.0,111.0,18.92034065563183,2.365315383032373,59.38149768865514,11.323704879595878,26.974306407610424,19.00479357598159,0.004463604640470531,True
60.0,114.0,18.78291758656102,2.2096141612470235,59.38149730605037,11.008704266880569,26.839184739174748,18.848329471174452,0.0034825199180043205,True
60.0,117.0,17.803605795821497,2.1328736369991472,59.381497346628606,11.323709850271241,25.46665022166483,17.85545819473715,0.0029124661324405696,True
60.0,120.0,18.449744754672043,2.2437246156427952,59.38149771291937,11.323709781576609,26.354215952217604,18.52100922230632,0.0038626262087571245,True
60.0,123.0,19.68439406958225,2.0825825206041206,59.381497711222615,11.323709846186912,28.18262289917871,19.738558368447833,0.002751636584500289,True
60.0,126.0,21.3390623815236,2.0346680344516113,59.381497769581266,11.323709897699215,30.586224028268493,21.40001446520168,0.0028563618489092298,True
60.0,129.0,20.37116049831072,2.2054718376098426,59.381497706515574,11.323709887955694,29.236041331085023,20.37116049831072,0.0,False
60.0,132.0,20.72241045092613,1.975253835713182,59.38149603587735,11.323709128584138,29.789776061775715,20.816082577596386,0.004520329663968693,True
60.0,135.0,21.204165542678854,1.9958837579484532,52.616168780086944,11.414163059164329,30.50322836325674,21.212491141671485,0.00039263978466275076,True
60.0,138.0,21.56829789306623,1.6796117183746204,57.47288358914632,11.323709867877174,31.16879968625971,21.638239692006046,0.0032428056811242643,True
60.0,141.0,21.901192117318637,1.598634210469668,59.38149775106494,11.323709890861734,31.67755967554679,21.951297740844737,0.0022878034792671734,True
60.0,144.0,18.934795745334327,1.628036578392392,59.381497513391544,11.32370984246247,27.371435085505137,18.979949108966682,0.0023846765626442767,True
60.0,147.0,19.86300423902455,1.6353651609157458,51.99766654966821,10.737872956863544,28.69912593591454,19.90389227121815,0.002058501911471553,True
60.0,150.0,22.529057603943208,1.9031411536027059,60.0,12.0,32.5456009403248,22.621845164427874,0.00411857265030144,True
60.0,153.0,20.752559547566115,1.7362405030909018,59.381497769581266,11.323709897699215,29.919611106949684,20.79734403243103,0.0021580222315357015,True
60.0,162.0,20.04853625376591,1.7019098408142275,60.0,12.0,32.277159239979206,20.16983334117146,0.006050171736740484,True
60.0,165.0,20.094897258830965,1.6272756297325106,59.069420434095065,12.0,32.248791137032235,20.169200009925884,0.0036975929828287975,True
63.0,-162.0,26.5572145090576,1.246531068635703,58.158292978414316,11.129737456903355,42.19342473488568,26.584349010231495,0.0010217374704202965,True
63.0,-159.0,24.22462627637855,1.6383028554136323,60.0,10.75329423431265,38.79014231661091,24.23976348071172,0.0006248684359654555,True
63.0,-156.0,24.13013475523726,1.4372790650831275,60.0,12.0,38.60362477987583,24.13013475523726,0.0,False
63.0,-153.0,26.625243665001015,1.6383028554136323,60.0,10.75329423431265,42.7339886571212,26.704253085260106,0.0029674628053432215,True
63.0,-150.0,26.13295378034296,1.6383028554136323,60.0,10.75329423431265,41.85266107412375,26.15351594213451,0.0007868288431680959,True
63.0,-147.0,26.597200794491833,1.567772959561446,60.0,12.0,42.60583767310702,26.683943073432804,0.003261331130715636,True
63.0,-144.0,25.721002356731724,1.4463584590327083,59.06587341332302,9.970163871494666,41.160522986844484,25.721002356731724,0.0,False
63.0,-141.0,23.45472002405821,1.6383028554136323,60.0,10.75329423431265,37.739669961188994,23.583328625932925,0.005483271671663348,True
63.0,-48.0,37.95261460227551,1.19194440147204,60.0,12.0,60.00039814649027,38.0494402522753,0.002551224757885011,True
63.0,-45.0,46.48579284351974,1.0,60.0,11.96831038335903,73.3037348194404,46.48579284351974,0.0,False
63.0,9.0,18.636529647528985,1.6540516596989654,58.13529384741808,10.83566748129188,29.94129885718377,18.710166017943322,0.003951184679069332,True
63.0,12.0,21.2514735437704,1.6383028554136323,60.0,10.75329423431265,34.02348321055333,21.26110234611366,0.00045308869163493453,True
63.0,15.0,19.286174408047653,1.6540516596989654,58.13529384741808,10.83566748129188,30.956830058194004,19.344766322289974,0.0030380267751738163,True
63.0,18.0,18.483485372568587,1.6553922990231882,59.069420434095065,11.77539069379568,29.69138009578201,18.553207460691148,0.003772128833776948,True
63.0,24.0,19.71418279661937,1.4463584590327083,59.06587341332302,9.970163871494666,31.547995793979357,19.71418279661937,0.0,False
63.0,27.0,19.016695936079902,1.6540516596989654,58.13529384741808,10.83566748129188,30.62440975076666,19.02337513219544,0.00035122800185629835,True
63.0,30.0,18.863017345638692,1.7737747349002668,59.06942039041164,10.471851604561841,30.431866923940635,18.9457248538361,0.004384638294176803,True
66.0,-165.0,34.99577369670384,1.1919443963809238,43.27572666010979,12.0,55.41783866892775,35.14339582485966,0.004218284454437448,True
66.0,-162.0,30.88152062439826,1.1919443963809238,46.429193246749364,12.0,45.290282610708616,31.155946538646116,0.008886411960913736,True
66.0,-159.0,29.678787817140762,1.2179743326687846,59.381497769581266,11.323709897699215,43.31093500082067,29.748584790002578,0.002351746078440086,True
66.0,-156.0,27.788429193204273,1.4651621902608702,59.381497697551,11.323709871030475,40.49589388401144,27.976547602406644,0.006769666896046636,True
66.0,-153.0,28.871621711405822,1.4463584590327083,59.06587341332302,9.970163871494666,42.060316709930035,28.930567189039255,0.002041640688654016,True
66.0,-150.0,29.661558435260304,1.5645363245980035,59.999999829953936,11.99999991259882,43.18884187206463,29.789192155038265,0.004303001140568393,True
66.0,-147.0,29.798217909699673,1.533073215371372,59.381497769581266,11.323709897699215,43.220356871523684,29.90532992423575,0.003594577865719002,True
66.0,-144.0,29.684893836483486,1.4018149214387716,59.38149745823146,11.323709825025562,43.13334724164339,29.754963939439907,0.002360463316540601,True
66.0,-141.0,29.081889127389413,1.570109011975318,60.0,12.0,42.32869294536916,29.11511290304348,0.0011424215087450517,True
66.0,-51.0,40.708307888711175,1.1493059374983068,60.0,12.0,59.60983782575925,40.756717722530816,0.0011891880633305542,True
66.0,-48.0,43.81189924066254,1.0000000222389833,59.99999988105753,11.999999802462531,64.5835133760546,44.2194569981537,0.00930244441703867,True
66.0,-45.0,54.4111756871467,1.0000000000442595,59.99999889430717,11.999999750785692,80.35764385366053,54.4111756871467,0.0,False
66.0,-42.0,52.87533941182277,1.0000000014066328,59.99999977707619,11.999999703477789,77.98121206982233,52.98421567628227,0.0020591123512514434,True
66.0,-39.0,42.30925014069178,1.1524659480536688,59.99999997011904,11.999999875695087,62.05126478832291,42.41946025368851,0.0026048703919414424,True
66.0,-18.0,28.9671234802907,1.4463584590327083,59.06587341332302,9.970163871494666,42.30061243857142,29.095851054366346,0.004443919817003356,True
66.0,-15.0,32.65034468107287,1.0,38.48536953309818,12.0,47.88900026616157,32.788949954203744,0.004245139660385245,True
66.0,15.0,25.484869929883203,1.461206910244953,60.0,12.0,37.119403429581965,25.516935404472115,0.001258216136756185,True
66.0,18.0,25.89953931590266,1.246531037178618,48.78682047284624,11.129749743951352,41.136596989020944,25.91848515405994,0.000731512554188411,True
66.0,21.0,24.27886618437799,1.4226011267461902,60.0,12.0,38.783515142876865,24.295675424042955,0.000692340389263369,True
66.0,24.0,22.178828541510757,1.6383028554136323,60.0,10.75329423431265,35.51517723412345,22.193254386748144,0.0006504331466554651,True
66.0,27.0,25.108085275404655,1.5823440619436564,60.0,12.0,40.133431969304354,25.123778056340647,0.0006250090663570079,True
66.0,30.0,25.434291348672925,1.6383028554136323,60.0,10.75329423431265,40.70206992138135,25.43451735796247,8.886006944185647e-06,True
69.0,-162.0,33.96563859383031,1.8490237411325086,60.0,11.559014359895656,54.75561798606651,33.99384476130553,0.0008304324206152875,True
69.0,-159.0,33.642251563230296,1.7223156992924327,60.0,12.0,54.04903435057316,33.686147021866155,0.0013047717259160845,True
69.0,-156.0,32.4283660617672,1.7269091335361961,59.41517628368179,12.0,52.09434757390637,32.46324918709252,0.0010756979016111848,True
69.0,-153.0,32.18248447708184,1.7384045958625747,60.0,12.0,51.71128787581893,32.213043451421846,0.0009495529893524981,True
69.0,-150.0,31.060397267224666,1.7645483871624503,59.06942035356927,12.0,50.01685460837749,31.14748036390741,0.0028036697642188435,True
69.0,-147.0,36.538598345738926,1.9092381903205093,60.0,12.0,59.08674908394012,36.61603201100386,0.0021192292198029565,True
69.0,-144.0,27.887525526526026,1.876225406239991,60.0,11.203746809558098,44.99002638215459,27.908064245917725,0.000736484109074589,True
69.0,-141.0,31.0640639668412,2.1055478663092484,59.06942028637592,12.0,50.566538711105125,31.169145207998838,0.0033827267826194675,True
69.0,-51.0,24.37010371265092,1.7147167059341875,60.0,12.0,39.14049374033593,24.400145359347285,0.0012327254348437407,True
69.0,-48.0,26.677953807157746,2.0298288708972154,60.0,3.7831305873660734,43.38898010447357,26.79188100775226,0.004270462473173145,True
69.0,-45.0,32.221893260763785,2.0162377596435177,58.15829369009918,3.0,52.27798978995758,32.345882931331886,0.0038479945782416594,True
69.0,-42.0,36.53425031270548,1.9486017024168818,58.15829369826918,3.0,59.155135515614425,36.675213802016934,0.0038583928260443904,True
69.0,-39.0,38.67821957833933,1.87612318694581,58.158293709473874,3.0,62.45782941308566,38.808082435968345,0.003357519013148689,True
69.0,-36.0,36.12772485103668,1.9201516892457973,59.99999999416074,3.0000000009993437,52.00366049321849,36.179856162262425,0.001442972438499603,True
69.0,-33.0,29.07327855468825,2.32628746517459,59.38149774238914,11.323709038494178,41.46602145860142,29.191367425827206,0.00406176657774678,True
69.0,-30.0,28.001677078915765,2.4592169380929447,59.99999959679306,11.999999513047147,39.91765266748026,28.191788219873143,0.006789276957290674,True
69.0,-27.0,28.970200110991247,2.7172752614027527,59.99999992261686,11.999998528198612,41.05377012411917,29.131728554326553,0.005575675788101414,True
69.0,18.0,22.273307116459485,1.6640073464736114,45.00979481793388,12.0,32.31153293562729,22.33370741573768,0.0027117795737464584,True
69.0,21.0,23.479083663929245,1.4463584590327083,59.06587341332302,9.970163871494666,34.28123160728832,23.58859948409823,0.004664399247285439,True
69.0,24.0,28.379051020524418,1.4463584590327083,59.06587341332302,9.970163871494666,41.448243501956625,28.379051020524418,0.0,False
69.0,27.0,27.307332130461965,1.4463584590327083,59.06587341332302,9.970163871494666,39.71112552375976,27.312815833048827,0.00020081429268384242,True
72.0,-54.0,24.160059795608323,2.04195583882198,59.38149776896011,11.323709884220348,34.64921991234842,24.246532547214553,0.0035791613240108277,True
72.0,-51.0,27.9293386217076,2.1243993264997947,59.381497654036664,3.0,40.02567367402068,28.058189449105555,0.004613457881806317,True
72.0,-48.0,31.75086265615563,1.9905528589260804,59.3814975743373,3.0,45.58998987333143,31.867274860154552,0.0036664264923949677,True
72.0,-45.0,35.59044852675915,1.8408972796341672,59.38149770132066,3.0,51.25347065730639,35.70933279010521,0.0033403418126825867,True
72.0,-42.0,38.10612197870369,1.743761412298953,59.38149776657044,3.0,54.97983242337232,38.223293932055505,0.0030748852747938507,True
72.0,-39.0,39.579967354716246,1.7383830196750008,59.381497760059574,3.0,57.138226631686116,39.71910238591547,0.0035152891853672823,True
72.0,-36.0,38.82512691653799,1.7287171441470397,59.381497761249456,3.0,56.067387463192624,38.96632007788613,0.0036366439097974624,True
72.0,-33.0,36.58418885868643,1.8123463674035016,59.38149773978972,3.0,52.700303812002915,36.69427224098739,0.003009042587391377,True
72.0,-30.0,31.317863681372547,2.3041462297659705,59.38149771499274,3.0,44.710801074815855,31.461163516673157,0.004575658057603805,True
72.0,-27.0,32.68832017759989,1.9188594074959509,59.38149775990921,11.323709894934352,46.96180883431662,32.775149215656924,0.002656271034586037,True
72.0,-24.0,26.50174703117808,1.7523223220243656,60.0,12.0,42.67234916980507,26.570869051206024,0.0026082061664321607,True
-24.0,-51.0,4.872007264460666,2.53798137476007,59.06942010228192,12.0,8.022656056984172,4.885574756027659,0.0027847847571909087,True
-24.0,-48.0,4.458255840839596,2.2035769586147103,51.68558921418201,12.0,7.259070912380555,4.4618428341702305,0.0008045732364160219,True
-24.0,15.0,5.5212583102061386,3.2107559745478276,59.99999991398064,11.999999974529935,9.167416898974743,5.542620085284061,0.0038690048314593203,True
-24.0,18.0,9.221626192669985,2.8037298939939928,60.0,12.0,15.281480505755257,9.237195483984925,0.0016883455249265087,True
-24.0,21.0,7.8470804030438135,2.9684563383626736,60.0,12.0,13.0550503266774,7.858443219209791,0.0014480310615359602,True
-24.0,24.0,7.365268323554613,2.6224373898388276,60.0,12.0,12.166757267397386,7.390771601903647,0.0034626407659138414,True
-24.0,27.0,6.61183125252134,3.6677030569932496,59.999999885100145,11.99999996895951,11.091996386205484,6.658208940869224,0.007014348457577253,True
-24.0,30.0,5.239067955156399,2.680249779086913,59.999999992769645,11.999999981057162,8.672500160857597,5.2659549284609755,0.005132014613040849,True
-24.0,33.0,4.916028313291584,2.9290495853523297,59.99999996055402,11.999999964674284,8.152555558476795,4.950850984689434,0.007083496916341886,True
-24.0,45.0,4.381640462579416,2.853118380454819,60.0,12.0,7.280451897011371,4.395245437995337,0.003104995841651563,True
-24.0,114.0,5.102129456874875,3.8496737045627913,59.99999968224758,11.999999825921645,8.599234310457,5.178214470799515,0.014912403647876528,True
-24.0,117.0,6.970901927129773,2.979787514980061,60.0,12.0,11.612478498812445,6.988109945465562,0.002468549768117925,True
-24.0,120.0,7.060524576141207,3.1168026764876844,59.999999862064755,11.339904752790277,11.797299452656304,7.095077195518199,0.004893775101888552,True
-24.0,123.0,6.993260581304281,3.2830966401121153,59.99999980221085,11.99999999769539,11.697879433110124,7.038373658178866,0.006450936061955069,True
-24.0,126.0,7.297038932610259,3.1828763333832946,59.999999854294636,11.999999429832277,12.216802165240596,7.338482952957303,0.005679566839342485,True
-24.0,129.0,7.385943737181119,2.9883561333481428,59.99999994967251,11.458780732276576,12.316503057968179,7.4281781556862105,0.005718215573790784,True
-24.0,132.0,6.964220476516121,3.7116775122771055,59.99999923487201,11.999999984170932,11.60723725194024,7.005846800630026,0.0059771691970799245,True
-24.0,135.0,7.130659022222077,3.025657870857232,60.0,12.0,11.854122280509355,7.176658117765944,0.006450889798616789,True
-24.0,138.0,7.173713572385803,3.0443626327683364,60.0,12.0,11.949188733058842,7.199761343728827,0.0036310024201818554,True
-24.0,141.0,6.702747602873087,3.062461047640156,59.9999998442485,11.999999994142296,11.202292376927502,6.728974005323192,0.003912783831941231,True
-24.0,144.0,6.250716684606227,3.245972726878915,59.99999998373619,11.999999843701243,10.485328925167764,6.286953836368554,0.005797279510615,True
-24.0,147.0,5.484825726505027,2.958712302308861,60.0,12.0,9.1378740692171,5.501856172509929,0.0031050113265411582,True
-24.0,150.0,4.922507917036398,2.6568157056941097,59.069419774188795,12.0,8.137567535552304,4.939840139116957,0.0035210145666954747,True
-21.0,-69.0,10.590868647239198,2.689880988260956,60.0,12.0,17.52495664268757,10.624700428360885,0.0031944293002356032,True
-21.0,-66.0,7.691207358632113,2.405942308048438,59.9999999919202,11.999999990945126,12.613975311190993,7.697680703758161,0.0008416552595975838,True
-21.0,-63.0,5.47807443780546,3.054320080950631,60.0,12.0,9.136140824730733,5.500530943736518,0.004099342969142665,True
-21.0,-60.0,5.737890671422752,3.502334578205467,59.999999737157346,11.999999902418818,9.64207317860817,5.7647405382319175,0.004679396723762883,True
-21.0,-57.0,5.26309710235503,3.338505705473825,59.99999999770729,11.99999998337133,8.824584485411613,5.281666458286766,0.0035282183799016094,True
-21.0,-54.0,4.896977143063915,3.009895989932112,59.99999997116529,11.999999987214796,8.133116197639312,4.928246656838143,0.006385472682574755,True
-21.0,-51.0,4.7863938494200395,3.0269700177248935,59.99999994130811,11.99999999415115,7.960434086725897,4.795840110433306,0.001973565341767939,True
-21.0,-48.0,5.206923804647742,2.932919900988334,59.999999954624464,11.999999995200334,8.651433984378924,5.218358458573201,0.002196047869041678,True
-21.0,-45.0,4.991423710309211,2.412206191592414,59.99999980075596,11.999999991284303,8.209872114816603,5.018631450695057,0.0054508977728442804,True
-21.0,-42.0,4.702536758402893,2.3617027092836884,59.06941878411735,12.0,7.706932969604581,4.7160381608835324,0.002871089195956679,True
-21.0,15.0,6.472731130327992,3.0168265706458897,60.0,12.0,10.797889303942897,6.491912825314828,0.0029634623469774433,True
-21.0,18.0,8.446579732026798,2.586382349138093,60.0,12.0,13.944973352780483,8.477488203741878,0.003659288457064379,True
-21.0,21.0,7.98493130272851,2.7350746938149837,60.0,12.0,13.228654828888796,8.01055080589927,0.0032084813506165974,True
-21.0,24.0,7.054191076463768,3.0032126703083692,60.0,12.0,11.703381380047936,7.075264409646069,0.002987349357832354,True
-21.0,27.0,6.196650689148738,3.6565573766326254,59.99999954409779,11.999999406034712,10.371130353866919,6.2398103423084565,0.006964996951546339,True
-21.0,30.0,5.28153794545768,3.341983255459988,59.99999990090352,11.999999993617173,8.841286709190816,5.2997776600750885,0.003453485482026138,True
-21.0,33.0,4.472542120496026,2.916649452214419,59.99999995801233,11.999999993159168,7.4245895563511155,4.498281114977133,0.0057548914661204485,True
-21.0,45.0,4.751027005686058,3.343705406282777,59.99999984794485,11.999999939139965,7.963688856646894,4.769270430587535,0.0038398908024818287,True
-21.0,48.0,4.549993944641033,2.063231494737482,27.857743946352233,11.99999957171434,7.389368859703051,4.562211630851722,0.0026852093341969605,True
-21.0,117.0,5.751154711541676,4.167542082848401,59.999999473581155,11.999993956350188,9.753127735994989,5.797898960472492,0.00812780237627887,True
-21.0,120.0,6.23909033717298,4.207923107085694,59.99999977617039,11.999999908227533,10.584127650404605,6.298736614638481,0.009560091975287486,True
-21.0,123.0,6.522297027822587,4.216904191096495,59.99999995248748,11.99999952493976,11.036676811857932,6.572370460567649,0.0076772696078483945,True
-21.0,126.0,6.688471920000181,4.175252797252468,60.0,12.0,11.256959811804625,6.72937372211101,0.006115268569570082,True
-21.0,129.0,6.186527334893677,4.116942065556802,60.0,12.0,10.450196646735455,6.235345175270773,0.00789099243152937,True
-21.0,132.0,6.520116855443671,3.7293643394647495,60.0,12.0,10.974006051655913,6.578593589204167,0.008968663454501312,True
-21.0,135.0,6.294325990074956,3.461216189547762,56.268680097565785,11.416180059922391,10.506403106475029,6.317763987247248,0.0037236706851932005,True
-21.0,138.0,6.2721923386716,3.040771611740842,59.99999997646932,11.99999995089249,10.480617372323168,6.2978444170367585,0.004089810544711663,True
-21.0,141.0,5.884769256888321,3.1328668289141146,59.99999863860797,11.99999998020452,9.819874063165429,5.925429382592475,0.006909383177014207,True
-21.0,144.0,5.430671873315602,3.0531177549203505,59.99999998908323,11.99999998365163,9.067157710845976,5.465123033053479,0.006343811694305769,True
-21.0,147.0,4.768297358986038,2.747369770205086,59.06942042124761,12.0,7.905038161837712,4.7872899881977995,0.00398310503349154,True
-21.0,165.0,4.566672582293142,2.2035769586147103,51.68558921418201,12.0,7.44867588062415,4.578384961818812,0.0025647513182975746,True
-18.0,-69.0,10.419027842659553,1.8836144129333205,59.99999972961656,11.99999993290374,16.856344457665315,10.426964746776488,0.0007617701225865111,True
-18.0,-66.0,7.058116133006346,2.152298585990519,59.999999894705766,11.99999996155201,11.498951467151924,7.086020822626024,0.003953560566846542,True
-18.0,-63.0,5.023729884590555,2.756821491063781,59.99999996410016,11.999999968601237,8.312245116856907,5.037473925800968,0.0027358240841272876,True
-18.0,-60.0,4.856259729519623,2.9797420552171565,59.99999977779892,11.999999960994606,8.06877211243127,4.886731192042612,0.006274677266078469,True
-18.0,-57.0,4.917706362526293,2.9882998785606096,60.0,12.0,8.180413096846733,4.942798382326156,0.0051023826861782895,True
-18.0,-54.0,4.941120132814225,3.032098774948152,58.65816160374815,11.999999592000613,8.191003218707266,4.965373228678671,0.004908420603534813,True
-18.0,-51.0,4.62637539626915,2.7209065926957363,60.0,12.0,7.658364057102654,4.639200282677606,0.002772124030142153,True
-18.0,-48.0,4.96991416809847,2.6700336879674773,60.0,12.0,8.22811938830237,4.9909919700985705,0.004241079682099351,True
-18.0,-45.0,5.040858131288597,2.8204870761843885,59.06942042123094,12.0,8.358126448814785,5.05210498929752,0.0022311395631458278,True
-18.0,-42.0,4.611961641949521,2.3995088572908796,59.069418394245176,12.0,7.568089807745482,4.626223556631369,0.003092374956487983,True
-18.0,12.0,4.48399295429349,3.5781824061675294,60.0,12.0,7.504958558415179,4.522340139444875,0.008552017262798505,True
-18.0,15.0,7.184111329551044,2.5749908233224863,60.0,12.0,11.820476270140183,7.188143029259473,0.0005611967191885468,True
-18.0,18.0,7.277003442144136,3.842425153515038,60.0,12.0,12.199557637347816,7.326077766563736,0.006743754460165566,True
-18.0,21.0,6.952578927325504,3.176452462417193,59.99999977184246,11.999999992513137,11.582473788774845,6.991742286218577,0.005632925465851289,True
-18.0,24.0,6.326762096661308,3.63696006379708,60.0,12.0,10.58923761042545,6.365059116680067,0.00605317845584376,True
-18.0,27.0,5.958072207076127,3.8254545304865255,60.0,12.0,10.045641873203055,6.008974470940186,0.008543411710184396,True
-18.0,30.0,5.86419197443924,3.6928681955725455,60.0,12.0,9.781105323228136,5.892410294328434,0.004811970687895574,True
-18.0,33.0,4.3102273757496326,2.689307901211293,59.0694198163563,12.0,7.1308424556848555,4.325007175158426,0.003429006899252679,True
-18.0,36.0,4.1369359557458205,2.536869502116807,59.069420341895636,12.0,6.820079406233673,4.1533636438490555,0.003970979555634284,True
-18.0,45.0,4.26218227177806,2.7067654320041763,59.069420328792724,12.0,7.062616478617706,4.281662439065181,0.004570467907041218,True
-18.0,48.0,4.5425033691435965,2.2035769586147103,51.68558921418201,12.0,7.419697038975205,4.560572897642199,0.00397787894255529,True
-18.0,123.0,4.974697499401052,3.5482608348777385,59.99999986589155,11.99999997422347,8.384476551956492,4.9935189391775205,0.003783434023623473,True
-18.0,126.0,5.515144972978762,3.7929354658602805,60.0,12.0,9.331728196435513,5.549870868078771,0.006296460976120717,True
-18.0,129.0,5.616789987827027,3.6937428426654604,60.0,12.0,9.47697871954314,5.6360877134247875,0.0034357214066367773,True
-18.0,132.0,5.653947301777357,3.7658093045621266,59.999999933868075,11.999999950133878,9.501743607753292,5.678274149843845,0.004302630846743166,True
-18.0,135.0,5.356114980325035,3.7093194189848386,59.99999999210538,11.999999999152967,8.980528349388035,5.383591222656371,0.005129882840877346,True
-18.0,138.0,5.07054940980245,3.461326292104502,60.0,12.0,8.485205432929893,5.103507437271016,0.006499892773917365,True
-18.0,141.0,4.8974041294252375,3.3031774196434,59.99999902112948,11.999999911863632,8.178360752019906,4.910504231732795,0.002674907351192005,True
-18.0,144.0,4.839618723644707,2.897108222764669,59.999999986470236,11.999999886371912,8.021143105374989,4.858481362895347,0.0038975465481369456,True
-15.0,-75.0,4.00386593939235,3.2820740821636747,56.26868457714455,11.416180112085755,6.666514988214251,4.026918235391788,0.005757509454209322,True
-15.0,-72.0,5.812490337713153,2.3750176042567417,60.0,12.0,9.538300726992897,5.83198490412648,0.003353909474367692,True
-15.0,-69.0,7.004250841641788,2.4368280700172797,59.999999992276734,11.999999975545993,11.504698796996077,7.03485233992524,0.004368989485858956,True
-15.0,-66.0,4.571651255625084,2.2035769586147103,51.68558921418201,12.0,7.470835446424861,4.592005506523451,0.004452275504025543,True
-15.0,-63.0,4.671157944044851,2.5340986278397826,60.0,12.0,7.672323970061961,4.69045703644619,0.00413154353428429,True
-15.0,-60.0,4.618151685264187,2.7393970464285036,59.99999979726629,11.99999995687711,7.639794448148606,4.630885030186001,0.002757238347636934,True
-15.0,-57.0,4.487630238389417,2.7466503044762103,60.0,12.0,7.415332674612561,4.4889684225689646,0.0002981939483561241,True
-15.0,-54.0,4.6190819168810195,2.773318827167892,57.57056611797222,12.0,7.62622384595057,4.633897766577438,0.003207531272020135,True
-15.0,-51.0,5.034559279038769,2.651087884949259,59.999999982638826,11.999999986686245,8.326780524708154,5.062200078052655,0.005490212247369429,True
-15.0,-48.0,5.271209899782224,2.6811024212826418,60.0,12.0,8.70768669450447,5.280349206207265,0.001733815689149224,True
-15.0,-45.0,4.630803436771441,2.8610676144878027,60.0,12.0,7.688818082176911,4.64083675523,0.002166647450178578,True
-15.0,-42.0,4.824411369951794,2.4468468529508,59.0694201832509,12.0,7.932678753801025,4.8427737457566415,0.0038061380750437396,True
-15.0,-39.0,4.119276043282003,2.489783417625277,48.719824733253816,12.0,6.76370676203251,4.122529238918444,0.0007897493642716062,True
-15.0,15.0,5.338367173441709,2.7668104153135578,59.999999795177835,11.999999929114352,8.85042864173046,5.368646271881122,0.005671977489680976,True
-15.0,18.0,5.916067793034942,2.670191277150153,60.0,12.0,9.778903740061361,5.9552894853159986,0.0066296894581284295,True
-15.0,21.0,5.887093073451639,3.2526570768294785,59.999999791624184,11.999999959064622,9.790429257051334,5.922329010042525,0.0059852861422874885,True
-15.0,24.0,5.712888181973065,3.3283880939289303,56.26868455343537,11.416179461423127,9.517445481892965,5.742233485412919,0.00513668437139264,True
-15.0,27.0,5.281579555210202,3.5690863165400026,60.0,12.0,8.862914324167615,5.298262087870069,0.0031586256508073737,True
-15.0,30.0,5.60835096517475,3.7707023775406734,59.999999161715195,11.999999813859763,9.471466821209681,5.641011590811918,0.005823570215198004,True
-15.0,33.0,5.2265550396318785,3.4747254443825595,59.99999997846722,11.999999975159875,8.787314271123005,5.247774124959363,0.0040598606857833045,True
-15.0,36.0,4.590711063489564,2.944062344440318,60.0,12.0,7.641036535328178,4.602313228073513,0.0025273131816598814,True
-15.0,39.0,4.00339987894108,2.483352996093185,59.06941642717857,12.0,6.590349799944475,4.019290621632718,0.003969311877943548,True
-15.0,48.0,4.386076884748781,3.1555313883078306,60.0,12.0,7.303169820496378,4.402213656323305,0.0036790899928440296,True
-15.0,126.0,4.469974976098434,2.8329228504801747,60.0,12.0,7.4101593322508785,4.4758617064729265,0.0013169492907611053,True
-15.0,129.0,4.633975853076819,3.2417868384618598,60.0,12.0,7.726080715908731,4.651498685503088,0.003781381902245825,True
-15.0,132.0,4.825198234079531,3.2623401642559227,60.0,12.0,8.06154287068044,4.846575367859551,0.004430312029262797,True
-15.0,135.0,4.149786346519695,2.94509792350668,60.0,12.0,6.877216906030053,4.165681734732732,0.003830411227403882,True
-15.0,144.0,4.524919932368005,2.648775389117079,59.99999945310476,11.999999296283246,7.466667118542408,4.532225323716623,0.0016144796941843294,True
-12.0,-75.0,7.980085277772321,2.1586096113635005,58.158293698055076,11.12974974229504,13.012662722218455,8.017671717965847,0.004710029891311967,True
-12.0,-72.0,7.523250637640468,2.257067284885212,60.0,12.0,12.304716824698541,7.548312666773543,0.00333127664359392,True
-12.0,-69.0,4.276629441338084,2.2035769586147103,51.68558921418201,12.0,6.978513745920157,4.289396250047262,0.002985250156530603,True
-12.0,-66.0,4.390311380801389,2.3444059932007906,48.302848231271554,12.0,7.196272005049928,4.399423798314213,0.002075574309528836,True
-12.0,-63.0,4.350108297790787,2.2035769586147103,51.68558921418201,12.0,7.117067830522448,4.351002514335854,0.00020556190417628665,True
-12.0,-60.0,4.5727530237511385,2.4049781079743595,60.0,12.0,7.522246723819296,4.617212893289848,0.009722779539542635,True
-12.0,-57.0,4.622592032012644,2.639211455806078,48.88485338253066,10.830343176248935,7.565151242882432,4.624937244232529,0.0005073370532471959,True
-12.0,-54.0,4.42853906485754,2.40227879112614,51.93253407843213,12.0,7.26738033228352,4.442895705278019,0.003241845721629963,True
-12.0,-51.0,4.720677437082238,2.696689823822702,60.0,12.0,7.80508606378457,4.741120723168876,0.0043305831332703295,True
-12.0,-48.0,5.182711163861776,2.8744872950363862,59.99999992262116,11.999999982055334,8.57538008121379,5.2058205564862785,0.004458938940228938,True
-12.0,-45.0,4.71465024909175,2.8513199901196398,59.99999997459957,11.999999990810371,7.839472115995912,4.721998787602465,0.001558660371918604,True
-12.0,-42.0,4.704759742335911,2.4608456039911704,59.06941977648712,12.0,7.738768463654751,4.722583690129609,0.003788492669096018,True
-12.0,-39.0,4.19318604015919,2.3477378899318606,53.97837417041089,12.0,6.868451266334153,4.204588691270802,0.0027193286924086023,True
-12.0,15.0,5.102845307775655,2.871947687304226,56.26868456978395,11.416180012633701,8.408070329134803,5.134476858868537,0.006198806584374138,True
-12.0,18.0,5.417412269993358,2.438542000747352,60.0,12.0,8.896334801635145,5.441428838587901,0.0044332178164782805,True
-12.0,21.0,5.409192518771601,2.625359222548036,60.0,12.0,8.932582643258973,5.434773260164738,0.004729123858018289,True
-12.0,24.0,5.006372971561774,2.841535480866281,59.99999994620188,11.999999985272177,8.292306028536418,5.042458506392085,0.007207919792490708,True
-12.0,27.0,4.995121850574343,2.839538224491483,59.99999971479977,11.999999998951312,8.271810664894165,5.033857943299117,0.007754784344313988,True
-12.0,30.0,5.032827079543689,3.1352247401289546,56.26868458621833,11.416180113158248,8.359723778335638,5.043892732944179,0.002198695330794652,True
-12.0,33.0,5.214217023634578,3.0673747204199353,60.0,12.0,8.688753996615945,5.238801620552656,0.004714916315650559,True
-12.0,36.0,4.972608580302893,2.947414083524215,60.0,12.0,8.266431229633227,4.978578416506614,0.00120054416254842,True
-12.0,39.0,4.300246186596618,2.618925129415483,60.0,12.0,7.093417271139646,4.3208323729846185,0.0047872111257642935,True
-9.0,-78.0,4.142612906060739,3.269146121898338,55.89992476781817,7.688466489192142,6.925009880354453,4.150202617642674,0.0018321073568884688,True
-9.0,-75.0,4.0494844782584645,1.9958837579484532,52.616168780086944,11.414163059164329,6.5689135371178455,4.070428849273283,0.005172107987391607,True
-9.0,-72.0,4.018614115444759,2.2035769586147103,51.68558921418201,12.0,6.558951507843075,4.031509147407188,0.0032088256279370155,True
-9.0,-69.0,4.0347087359578575,2.2035769586147103,51.68558921418201,12.0,6.588889763894741,4.049910922902156,0.0037678523876617776,True
-9.0,-66.0,4.176655955374459,2.2035769586147103,51.68558921418201,12.0,6.827528760470287,4.19659218689259,0.004773252030126551,True
-9.0,-63.0,4.234192930613985,2.2035769586147103,51.68558921418201,12.0,6.9160103690482275,4.250978076761226,0.003964190206327378,True
-9.0,-60.0,4.10961118160437,2.2035769586147103,51.68558921418201,12.0,6.723972513487691,4.110684625913211,0.0002612033745786352,True
-9.0,-57.0,4.318920021958029,2.204927339567129,51.03914408006234,12.0,7.051832339775111,4.334462078243708,0.003598597845447718,True
-9.0,-54.0,4.469768566241684,2.639211455806078,48.88485338253066,10.830343176248935,7.323961912312462,4.477486719840957,0.001726745688258994,True
-9.0,-51.0,4.362032113162303,2.639211455806078,48.88485338253066,10.830343176248935,7.167675910622073,4.381941643904754,0.004564278809955258,True
-9.0,-48.0,4.60519880861807,2.87067041012846,60.0,12.0,7.6317581989794885,4.626296581264676,0.004581294646199525,True
-9.0,-45.0,4.734301990431541,2.971782627243671,59.999999960689415,11.999999977341195,7.87271465451141,4.755443731144087,0.004465651062242309,True
-9.0,-42.0,5.036721087796942,3.077864131304481,60.0,12.0,8.416967754318103,5.052821252801591,0.003196556792405401,True
-9.0,-39.0,4.54139462852003,3.1177205638535868,56.26868460244371,11.416180117084606,7.544412499089463,4.57671626148624,0.007777706157573141,True
-9.0,-36.0,4.0219916259773765,2.3495301114683707,44.33804405783191,12.0,6.57886296988552,4.043747878135169,0.0054093230869185025,True
-9.0,15.0,4.350701408098399,2.4124827492976424,59.99999946319491,11.999999922546404,7.116569877508234,4.369677157688885,0.004361538016643772,True
-9.0,18.0,5.115632855909083,2.5035843774108693,59.99999983711042,11.999999961715226,8.429462756806293,5.139577218805642,0.00468062575462213,True
-9.0,21.0,5.053935482647623,2.580531783640725,59.99999950158534,11.999999925364206,8.343136881705881,5.08310202178483,0.005771054901145538,True
-9.0,24.0,5.064071585031479,2.6777914694468734,60.0,12.0,8.350230376843717,5.088683914889684,0.004860186007432211,True
-9.0,27.0,4.868710607734346,2.633876325755131,59.999999389965545,11.999999946218727,8.021404673077393,4.876950005507228,0.0016923161873276635,True
-9.0,30.0,5.338824991101258,2.6371564284519646,59.99999972429291,11.999999946799088,8.829968715530708,5.346213152715242,0.0013838553663584623,True
-9.0,33.0,4.5069865032788305,2.753955452774525,59.999999726055634,11.999999893245416,7.454055846385094,4.537104130052863,0.0066824310993879935,True
-9.0,36.0,4.625035720018144,2.512382297767884,60.0,12.0,7.60658793615121,4.633433768472784,0.001815780236743131,True
-9.0,39.0,4.149950092636811,2.3746658948595285,49.90956567265862,12.0,6.799283748446369,4.157313494332416,0.001774334999514866,True
-9.0,117.0,3.606985485997112,2.242414795127071,50.77446249019791,10.543912803115681,5.903816916952168,3.6092844499350196,0.0006373643439465856,True
-9.0,126.0,3.8236078179334396,2.599786845987509,47.18288645832444,12.0,6.285569826815049,3.84099667024844,0.004547760424969142,True
-9.0,141.0,4.253502221923359,2.159093812661559,46.58449674573999,12.0,6.9416506431344445,4.266738065136959,0.0031117518042849753,True
-9.0,147.0,4.2195118015854165,1.9958837579484532,52.616168780086944,11.414163059164329,6.85770240130098,4.225320095411931,0.0013765321913146182,True
-6.0,-81.0,3.751955787754492,2.451911842196547,59.0694200764415,12.0,6.167050998899404,3.76436357345699,0.0033070181005314357,True
-6.0,-78.0,4.214175547386228,2.5078637155119177,59.06941919305517,12.0,6.934410505557303,4.226306997699783,0.0028787244805403935,True
-6.0,-75.0,3.9470835054345006,2.02414948721315,42.512997526305384,11.999952587709023,6.4267790252731345,3.9470835054345006,0.0,False
-6.0,-72.0,3.9731654411254986,2.0224227043878,59.06941271284151,12.0,6.462358224007583,3.9931096083524125,0.005019717281459125,True
-6.0,-69.0,4.002125139265251,1.9958837579484532,52.616168780086944,11.414163059164329,6.511146014301535,4.002125139265251,0.0,False
-6.0,-66.0,4.020369266977918,2.2035769586147103,51.68558921418201,12.0,6.55105950530671,4.02665826836369,0.0015642845142181552,True
-6.0,-63.0,4.007710469045315,2.2035769586147103,51.68558921418201,12.0,6.527430489740411,4.012134515247685,0.0011038836853461615,True
-6.0,-60.0,4.11196843606592,2.2035769586147103,51.68558921418201,12.0,6.723242187839412,4.132491656341271,0.004991093826339304,True
-6.0,-57.0,4.280277224170985,2.394981218343885,45.906497916666225,11.999999892202414,7.003071201803,4.304490676025307,0.005656982150031688,True
-6.0,-54.0,4.347864755288816,2.2035769586147103,51.68558921418201,12.0,7.114364194168384,4.349349652672244,0.00034152336077662997,True
-6.0,-51.0,4.3372767774560375,2.639211455806078,48.88485338253066,10.830343176248935,7.119712000851067,4.352619021586047,0.0035372988437709775,True
-6.0,-48.0,4.6362389840617615,2.814371039920065,60.0,12.0,7.660069390597783,4.6509015829734235,0.00316260636306031,True
-6.0,-45.0,4.630383729867498,2.8717077294293882,59.999998350411474,11.999999976897007,7.682651369576558,4.654644156484969,0.0052393987264993495,True
-6.0,-42.0,4.909864863709398,2.850121232604041,60.0,12.0,8.149424699222532,4.938797538251469,0.005892763924303338,True
-6.0,-39.0,4.274555554543322,3.2418356957208125,60.0,12.0,7.115901273036631,4.297402457723443,0.005344860509728985,True
-6.0,-36.0,4.336257966118034,2.5704293163372176,59.06941988289624,12.0,7.152240498012492,4.3517129040918,0.003564118669720471,True
-6.0,15.0,4.335511668109554,2.255649901938706,52.42978379195985,12.0,7.089238687702672,4.357454172888824,0.005061110765926695,True
-6.0,18.0,4.583144006163172,2.507022104566077,59.06941927250839,12.0,7.539905641444241,4.595442355359015,0.0026833870328545418,True
-6.0,21.0,4.615514806397961,2.639211455806078,48.88485338253066,10.830343176248935,7.595790188871034,4.643668291091643,0.0060997496215711875,True
-6.0,24.0,4.792947154084363,2.686633138414653,59.069420434095065,12.0,7.922021562145644,4.8052123159409215,0.0025590021050214745,True
-6.0,27.0,4.939363299616522,2.80536744270159,60.0,12.0,8.194212971595357,4.952946587286432,0.002750007813955366,True
-6.0,30.0,4.469383058676021,2.5770274043912913,60.0,12.0,7.371551267878177,4.485385839068591,0.0035805345351870733,True
-6.0,33.0,4.982210076495053,2.8398670069747887,60.0,12.0,8.26515207606695,4.991404269840108,0.0018454045903103715,True
-6.0,36.0,4.360597383085288,2.9422401337550883,59.06942008297519,12.0,7.261435545417706,4.375609877565558,0.0034427609708942526,True
-6.0,141.0,4.243143235721587,1.6540516596989654,58.13529384741808,10.83566748129188,6.834018008383678,4.243143235721587,0.0,False
-6.0,144.0,3.8650951713505335,1.9440029149322922,41.61905609892498,12.0,6.270156570299881,3.9014662693558044,0.009410142931244363,True
-6.0,147.0,4.2825263655609795,2.3433639176078813,59.069420434095065,12.0,7.0225197317591626,4.299427918405175,0.00394663135762882,True
-6.0,150.0,5.018812245623445,1.5863278034275348,26.220595594992638,12.0,8.066581091716879,5.018812245623445,0.0,False
-3.0,-78.0,4.85302437111761,1.9958837579484532,52.616168780086944,11.414163059164329,7.895492817376482,4.85302437111761,0.0,False
-3.0,-75.0,4.035314242720971,2.0116609456655357,44.68969126481799,12.0,6.524946357906711,4.051603604936284,0.004036702282776755,True
-3.0,-72.0,3.9518676528951633,1.9299358162902236,31.89787486542041,12.0,6.391985025750202,3.9605212870140445,0.0021897580787002056,True
-3.0,-69.0,3.85375550871876,1.9424939978223654,25.763582329114,11.999998637388906,6.247143787322599,3.8556262077671475,0.0004854223481887098,True
-3.0,-66.0,3.840768103646043,1.9958837579484532,52.616168780086944,11.414163059164329,6.2486306798748865,3.840768103646043,0.0,False
-3.0,-63.0,3.87103552792709,2.2035769586147103,51.68558921418201,12.0,6.321560435770551,3.8855949296501637,0.003761112916178822,True
-3.0,-60.0,3.9687954604355946,2.2998914591337067,45.77026497143067,11.129749743951352,6.504099674287926,3.9699797207282885,0.00029839287625166224,True
-3.0,-57.0,4.08289947469033,2.3365971567099253,43.18461702216761,12.0,6.6661593740871785,4.097405273170625,0.003552817934954224,True
-3.0,-54.0,4.200224575404839,2.3997824334646447,46.34357189995987,12.0,6.891906067327104,4.212853953965494,0.003006834118968028,True
-3.0,-51.0,4.156002386522759,2.639211455806078,48.88485338253066,10.830343176248935,6.806442115817357,4.161102221422669,0.0012271010518301053,True
-3.0,-48.0,4.1254994878399,2.342730716458326,44.90173387685019,12.0,6.756167737125295,4.15272959421453,0.006600438675339144,True
-3.0,-45.0,3.982499820753165,2.3779817789076922,46.185948622890216,12.0,6.533181454689659,3.9940449652677263,0.002898969249012476,True
-3.0,-42.0,3.8769636135800707,2.746878728735743,49.883605266246356,12.0,6.407822081425856,3.889135909391767,0.0031396466474587163,True
-3.0,12.0,4.876085595422481,1.5293641452308053,39.83046462747129,11.181956477983462,7.806415922558343,4.8976656696140255,0.004425696343764623,True
-3.0,15.0,4.284673085511369,2.2035769586147103,51.68558921418201,12.0,6.972754250855884,4.28585613284891,0.0002761114591313002,True
-3.0,18.0,4.3128034126013635,2.4611583161492265,59.99994863184824,11.99999080581199,7.071438658621236,4.323107228468576,0.002389122545466878,True
-3.0,21.0,4.435133542200609,2.47243958536319,52.16839883881498,11.99999977954771,7.2928746115778535,4.436218531021665,0.00024463498353139595,True
-3.0,24.0,4.534188187727405,2.460814797312767,59.069420434095065,12.0,7.454814967269567,4.549304894009303,0.003333938878587954,True
-3.0,27.0,4.169095795586676,2.3504170814646215,37.16537767892837,12.0,6.82348882642133,4.1715236874625115,0.000582354542777713,True
-3.0,30.0,4.592198546377867,2.5792454885284566,59.06942037552332,12.0,7.578805119325252,4.610161658071779,0.003911658329337784,True
-3.0,33.0,4.566383304717876,3.0014389240189505,60.0,12.0,7.612108051395382,4.578308457321722,0.002611509329828919,True
-3.0,36.0,5.185387629763844,3.528951275177051,60.0,12.0,8.725102912067841,5.208544840014332,0.004465859045438845,True
-3.0,39.0,4.142549212236374,3.0807036257849427,59.999999859830695,11.999999996594878,6.882824912632448,4.166418102576031,0.005761884558704277,True
-3.0,102.0,4.084625964507516,1.8312094709409465,27.606558402193837,11.99999969486965,6.604839189143744,4.090124957550105,0.0013462659960476288,True
-3.0,105.0,4.148089519008891,1.9958837579484532,52.616168780086944,11.414163059164329,6.690972664944908,4.154328444676393,0.0015040479813446912,True
-3.0,111.0,4.171396878764651,1.9958837579484532,52.616168780086944,11.414163059164329,6.786537955738367,4.171396878764651,0.0,False
-3.0,114.0,4.07164619557988,2.0391169059286742,43.354462370729244,12.0,6.5760341979568455,4.082964807921805,0.0027798614610012543,True
-3.0,120.0,3.685557992282259,1.9958837579484532,52.616168780086944,11.414163059164329,5.962598010037741,3.7041988430510875,0.005057809647240155,True
-3.0,129.0,4.169573031341579,1.810352984209987,35.00421276747511,12.0,6.72996804181502,4.205522945361485,0.008621965306682586,True
-3.0,138.0,5.991866416239472,2.0110889959274383,58.158293614297286,11.129749735803815,9.715965571009809,6.012467153885855,0.0034381169764649347,True
-3.0,141.0,4.308433938933997,1.6540516596989654,58.13529384741808,10.83566748129188,6.9391753921310055,4.308433938933997,0.0,False
0.0,-78.0,8.393845021665186,1.8739449021377672,60.0,12.0,13.57259641617338,8.419888859600555,0.0031027303778122487,True
0.0,-75.0,4.062985063289969,1.9958837579484532,52.616168780086944,11.414163059164329,6.5798022733615955,4.0876302456513685,0.006065782171850542,True
0.0,-72.0,3.8702073468962075,1.9958837579484532,52.616168780086944,11.414163059164329,6.288100223819572,3.9064135356517697,0.009355103101801135,True
0.0,-69.0,3.871564262169627,1.9951774005813283,28.989476387599787,11.999986234524705,6.2949639987646195,3.9176786037223894,0.011911036064507883,True
0.0,-66.0,3.8380373666313568,2.2035769586147103,51.68558921418201,12.0,6.2573993227962275,3.846157816331899,0.002115781824101769,True
0.0,-63.0,3.97533018678397,2.3946999222641074,49.38029006690913,12.0,6.538737260632899,4.014698462827,0.009903146202524287,True
0.0,-60.0,3.970428565811393,2.526827717287047,60.0,12.0,6.522479219847483,3.985767663946755,0.003863335627655945,True
0.0,-57.0,4.030652302212106,2.6382810186158236,46.885199395649,12.0,6.649432952634872,4.036778463110245,0.0015198931683532136,True
0.0,-54.0,4.033994736214974,2.441347025171354,60.0,12.0,6.630285563839441,4.049573148300971,0.003861782948337191,True
0.0,-51.0,3.882164560662376,2.42293041901504,46.05536356590261,12.0,6.3907826810825945,3.882164560662376,0.0,False
0.0,12.0,4.671291424440372,1.6540516596989654,58.13529384741808,10.83566748129188,7.523334780724434,4.6733707177893065,0.000445121736155381,True
0.0,15.0,4.076805368248936,1.9958837579484532,52.616168780086944,11.414163059164329,6.619102170866438,4.112044877431743,0.008643902762015775,True
0.0,18.0,4.093156560644977,2.2035769586147103,51.68558921418201,12.0,6.665205376721829,4.096818891475257,0.0008947448689093881,True
0.0,21.0,4.277597093164305,2.5114631293047287,36.04752283522038,12.0,7.001405930105001,4.280292886225955,0.0006302120099057903,True
0.0,24.0,4.327672288685395,2.412966390308233,54.589464841322126,12.0,7.082012445469169,4.329571487944101,0.0004388500635019947,True
0.0,27.0,4.22821510252293,2.2035769586147103,51.68558921418201,12.0,6.898842921196786,4.240425975107788,0.0028879497113503297,True
0.0,30.0,4.972726857414972,3.332364392410353,59.999999951216786,11.999999985571202,8.356764444877918,4.986490086782863,0.0027677428828348023,True
0.0,33.0,5.474743464638829,2.971921873550274,60.0,12.0,9.121997405266473,5.49047882573257,0.0028741732275448326,True
0.0,36.0,4.526306025744143,3.0618642547581434,59.99999996414128,11.999999992580886,7.548096020366777,4.538930146633467,0.002789055980201564,True
0.0,39.0,4.60190360358906,3.5987713654945415,59.99999999123182,11.999999784653209,7.750986968547991,4.623096764922227,0.004605303187280759,True
0.0,42.0,3.929899556654515,2.7803658105229125,59.99999925226733,11.999999953568718,6.51351973816641,3.943621418715484,0.0034916571945797998,True
0.0,102.0,4.061722285901016,1.6540516596989654,58.13529384741808,10.83566748129188,6.54182093435278,4.061722285901016,0.0,False
0.0,111.0,3.9893592242566784,2.0270196721827154,29.29480924489404,12.0,6.429101766917984,3.9936513281559516,0.0010758880456730186,True
0.0,114.0,4.064111556377743,1.6540516596989654,58.13529384741808,10.83566748129188,6.545669099865409,4.064111556377743,0.0,False
0.0,117.0,3.9776471418803068,1.9958837579484532,52.616168780086944,11.414163059164329,6.441272302500696,4.001570015374735,0.006014327727200001,True
0.0,120.0,3.9140260645914013,1.953561728735361,33.468617953932046,12.0,6.346416603568454,3.938847416494008,0.006341641954598992,True
3.0,-75.0,5.349438312670193,2.4081795315147896,59.06941965346083,12.0,8.784145887473944,5.368288606460184,0.0035237893566029063,True
3.0,-72.0,4.039952744294404,2.2035769586147103,51.68558921418201,12.0,6.590337389702018,4.050800717052499,0.002685173180160358,True
3.0,-69.0,3.966918824623472,1.9958837579484532,52.616168780086944,11.414163059164329,6.432896719541303,3.986186691025247,0.004857136546927895,True
3.0,-66.0,3.6706070537450404,2.2035769586147103,51.68558921418201,12.0,5.993724495808936,3.684088089841446,0.003672699338015789,True
3.0,-63.0,4.229748000966579,2.7168483379550694,59.99999975583635,11.999999940183887,6.985864994360385,4.246345901910051,0.003924087425463585,True
3.0,-60.0,4.26828232799761,2.8765060176631123,59.069420434095065,12.0,7.091731167454167,4.280479367413899,0.0028575990243858555,True
