lat,lon,standard_best_combined_lcow_usd_m3,standard_hydrogel_thickness_mm,simplified_best_combined_lcow_usd_m3,simplified_hydrogel_thickness_mm,lcow_reduction_frac,optimal_design_changed
-54.0,-72.0,17.784534479050603,1.191944425701381,17.724481909097292,1.191944425701381,0.0033766737062501904,False
-54.0,-69.0,14.773842202345794,1.9173182696325755,14.697908404601689,1.9173182696325755,0.005139746093406074,False
-51.0,-75.0,21.547442962010475,1.207693200666257,21.473813712675696,1.207693200666257,0.003417075959527638,False
-51.0,-72.0,12.32567064324444,1.982172852973055,12.26049007269353,1.982172852973055,0.005288196678095902,False
-48.0,-75.0,16.522074453949834,1.1521374886751137,16.46393649207582,1.3598306893413707,0.003518805222434702,True
-48.0,-72.0,13.599424952166288,1.6988558393083877,13.527377331541032,1.9958837579484532,0.005297843171948161,True
-48.0,-69.0,11.721691822080418,2.185869212943178,11.654346499571773,2.185869212943178,0.005745358565201757,False
-48.0,-66.0,11.271944187059832,2.5649278259180535,11.197988413636288,2.5649278259180535,0.006561048581880375,False
-45.0,-72.0,12.362862260180354,1.9958837579484532,12.297099262755925,1.9958837579484532,0.005319399022687917,False
-45.0,-69.0,11.407127514355066,2.1798329360649937,11.341741793989724,2.1798329360649937,0.005732005737908891,False
-45.0,-66.0,10.606004303382521,2.4534522185772194,10.538913486734263,2.4534522185772194,0.0063257391501210045,False
-45.0,168.0,9.945493427499065,1.8126304347856488,9.89678949872637,1.8126304347856488,0.004897085210275115,False
-45.0,171.0,9.190842699267805,2.224511915080736,9.137254908745035,2.224511915080736,0.0058305633418183084,False
-42.0,-72.0,9.78373212964645,2.043880969308343,9.730624728798173,2.043880969308343,0.005428133164782081,False
-42.0,-69.0,9.407276618293718,2.288477458964228,9.35110990773507,2.288477458964228,0.005970560114010456,False
-42.0,-66.0,9.755811409069187,2.55679970770011,9.691969216621642,2.55679970770011,0.006544016665614946,False
-42.0,147.0,7.728366287693615,2.1880565489089165,7.683926680119418,2.1880565489089165,0.005750194273912839,False
-42.0,174.0,8.040513290968104,2.4351669860363487,7.989481024995695,2.4740048225487095,0.006346891563469362,True
-39.0,-72.0,9.122475212454646,2.0499524581497734,9.072832224680266,2.0499524581497734,0.005441833122944958,False
-39.0,-69.0,10.640013039615114,2.2593989910569907,10.57684945548172,2.2734966363990434,0.005936419804959199,True
-39.0,-66.0,9.087126006532545,2.5915078220606507,9.027000048960664,2.5915078220606507,0.0066166087637232465,False
-39.0,-63.0,7.678796029075849,2.652960061465027,7.627008170232284,2.652960061465027,0.006744268065914106,False
-39.0,177.0,7.308428964664143,2.2928387319819628,7.264724133268014,2.2928387319819628,0.005980058314507833,False
-36.0,-72.0,7.176924245896612,2.5953702913678525,7.129379525962557,2.5953702913678525,0.006624665149731574,False
-36.0,-69.0,8.412029477031195,2.462648037724331,8.358336898212794,2.4923522904120685,0.006382832937640923,True
-36.0,-66.0,7.4380850136293235,2.7256601744902094,7.386807767287414,2.7256601744902094,0.006893877422475066,False
-36.0,-63.0,6.912647720790402,2.5282029200688068,6.867747769751273,2.792097731549802,0.006495333315494822,True
-36.0,-60.0,6.803319621198852,2.36597120044068,6.7575828006264,2.7335604945470218,0.0067227211301285296,True
-36.0,141.0,7.105021659343434,2.4332060622951897,7.060383645293159,2.4332060622951897,0.0062826006999674115,False
-36.0,144.0,7.226098715288786,2.470753968084718,7.1801226227438235,2.470753968084718,0.006362505461998103,False
-36.0,147.0,7.310097638182381,2.4391128271986946,7.264079118079185,2.4391128271986946,0.006295199104158281,False
-36.0,150.0,6.590751438632276,2.2538149326897505,6.551899898696187,2.2538149326897505,0.005894857407056373,False
-36.0,174.0,6.634106000435491,2.2234510837185875,6.595042176921575,2.262288920230948,0.0058883327326020906,True
-33.0,-69.0,8.125077746001063,2.6923164470929155,8.069620445136767,2.6923164470929155,0.006825448641594885,False
-33.0,-66.0,6.380765195615421,2.82586500588706,6.335476986684325,2.82586500588706,0.007097614085880452,False
-33.0,-63.0,6.245537068694161,2.83345376321707,6.201113012007035,2.83345376321707,0.007112928191524558,False
3.0,-57.0,4.04575693451348,2.543502391715972,4.019394334109566,2.543502391715972,0.006516110787333826,False
3.0,-54.0,3.9348032683304552,2.333066315288883,3.9109292931273587,2.333066315288883,0.00606738725548185,False
3.0,-51.0,4.147152220688441,2.5053044797134305,4.120462578696033,2.5053044797134305,0.0064356552574232,False
3.0,12.0,4.348066434959338,1.9958837579484532,4.324937334614633,1.9958837579484532,0.005319399022687942,False
3.0,15.0,4.176550912312743,2.2035769586147103,4.152391810834186,2.2035769586147103,0.005784462343637319,False
3.0,18.0,4.004892812043346,2.2035769586147103,3.981726660381777,2.2035769586147103,0.005784462343637523,False
3.0,21.0,4.385366741241904,2.635078127479113,4.355953058427461,2.635078127479113,0.0067072344344257465,False
3.0,24.0,4.631190342836386,2.621234734889493,4.600260935263272,2.621234734889493,0.006678500619383212,False
3.0,27.0,4.48283312823543,2.7875099158628456,4.451363791711912,2.7875099158628456,0.007019966084685632,False
3.0,30.0,4.752389274697704,2.5798530853889154,4.721060229409619,2.5798530853889154,0.006592272534340655,False
3.0,33.0,4.590673383797564,2.9949195422998254,4.556541785562741,2.9949195422998254,0.007434987284281175,False
3.0,36.0,4.874072268962171,4.311691415551868,4.826222782637727,4.311691415551868,0.009817147486537494,False
3.0,39.0,5.452231611314192,3.7595269930478774,5.4038811411801175,3.7595269930478774,0.00886801471047937,False
3.0,42.0,4.584933727157667,3.0240863099408983,4.550044502456693,3.4754696114176,0.007609537406029822,True
3.0,45.0,4.018051748358611,2.947019462998739,3.988554970127442,2.9627682672840727,0.007341064794205001,True
3.0,99.0,4.46496398931967,1.9958837579484532,4.441213064238546,1.9958837579484532,0.005319399022687833,False
3.0,102.0,4.443610797618055,1.9958837579484532,4.419973458684,1.9958837579484532,0.0053193990226879165,False
3.0,114.0,4.103954213101387,1.6540516596989654,4.085395322971582,1.6540516596989654,0.004522197170367543,False
3.0,117.0,4.195322579291181,1.836812888833298,4.174541153197317,1.836812888833298,0.004953475138346976,False
6.0,-75.0,4.1470659413175355,2.1371283001028876,4.123688087272548,2.1371283001028876,0.005637203356732829,False
6.0,-72.0,4.425425424436564,2.458166772474952,4.397386961911792,2.458166772474952,0.006335766584145212,False
6.0,-69.0,4.301562861470871,2.5109669153492717,4.273828064029708,2.5109669153492717,0.00644760946994039,False
6.0,-66.0,4.390425789702487,2.532095896717907,4.361922569854871,2.532095896717907,0.006492131108210298,False
6.0,-63.0,4.017189389590137,2.5967630156261436,3.9905651895851424,2.5967630156261436,0.006627569034705422,False
6.0,-60.0,3.7141741891236504,2.2035769586147103,3.6926896883889544,2.2035769586147103,0.00578446234363747,False
6.0,-9.0,4.320786188262931,1.6540516596989654,4.299753843940884,1.9958837579484532,0.00486771235734345,True
6.0,-6.0,4.2302453773609505,1.9958837579484532,4.207743014234887,1.9958837579484532,0.005319399022687862,False
6.0,-3.0,4.193460464881441,1.9958837579484532,4.17115377538287,1.9958837579484532,0.005319399022687885,False
6.0,0.0,4.142942358721724,2.2035769586147103,4.118977664655838,2.2035769586147103,0.005784462343637364,False
6.0,6.0,4.347112688322453,1.9958837579484532,4.323988661336677,1.9958837579484532,0.005319399022687853,False
6.0,9.0,4.583728986987429,2.1553175412249423,4.5577041564929495,2.1553175412249423,0.005677654714831698,False
6.0,12.0,4.9156966841813015,2.4822312881576973,4.884300891759843,2.4822312881576973,0.006386844925255385,False
6.0,15.0,5.177109851555573,2.4038377519353196,5.144909244447691,2.4038377519353196,0.006219803718904531,False
6.0,18.0,4.991619442506963,2.7361330551372056,4.95710087488991,2.7361330551372056,0.0069153043445387115,False
6.0,21.0,4.952252102562631,2.913214041459754,4.916234796563881,2.913214041459754,0.007272914474631105,False
6.0,24.0,5.5241114891274625,2.966033553609067,5.483355166669468,2.966033553609067,0.007377896434243045,False
6.0,27.0,5.53366785141271,2.7730063414775863,5.494984767343303,2.7730063414775863,0.00699049619675507,False
6.0,30.0,5.530617093568988,2.929033676522177,5.490219048777844,2.929033676522177,0.007304437119344018,False
6.0,33.0,5.583163063349408,3.603685376664298,5.535216842633995,3.603685376664298,0.008587644704514508,False
6.0,36.0,4.743198812657343,3.180228013275724,4.70622121037563,3.180228013275724,0.007795920799911891,False
6.0,39.0,4.610014549595146,2.9053326801859023,4.576558825012024,2.9053326801859023,0.007257184163563999,False
6.0,42.0,5.530622564422886,3.4338444277082054,5.484854107980879,3.4338444277082054,0.008275461922935151,False
6.0,45.0,4.831956198790137,3.761396209897425,4.789090257997689,3.761396209897425,0.008871342998345355,False
6.0,48.0,4.055862258751712,3.2888991825872735,4.023401569547101,3.2888991825872735,0.0080034002965874,False
6.0,102.0,4.104849324512278,2.0483570514815006,4.082526191859171,2.0483570514815006,0.005438234363391549,False
6.0,117.0,4.220210517799096,1.9958837579484532,4.197761534095179,1.9958837579484532,0.005319399022687788,False
9.0,-78.0,4.121725695020004,1.6540516596989654,4.103086438744953,1.6540516596989654,0.004522197170367687,False
9.0,-75.0,3.8969098831728077,2.2035769586147103,3.874368354697046,2.2035769586147103,0.005784462343637455,False
9.0,-72.0,3.7868036213844167,2.2035769586147103,3.7648989984337686,2.2035769586147103,0.005784462343637454,False
9.0,-69.0,4.282545334296956,2.7355823274845665,4.252935051987976,2.7355823274845665,0.006914178367674308,False
9.0,-66.0,4.046393086588923,2.861993249734597,4.01737892346922,2.861993249734597,0.007170376801963509,False
9.0,-63.0,4.018864251709075,2.56482136304452,3.9916307911593214,2.6897187896092376,0.006776407174781258,True
9.0,-12.0,4.923535761483662,2.310381147050392,4.893904924593241,2.310381147050392,0.006018202837525857,False
9.0,-9.0,4.830508638524633,2.6134454484158267,4.798326300847169,2.6134454484158267,0.006662308275530528,False
9.0,-6.0,4.927354065367433,2.782148324113198,4.892817852586831,2.782148324113198,0.007009078771778073,False
9.0,-3.0,5.082436749970899,2.658967865402171,5.047144048968589,2.9808215444559503,0.006944051197983448,True
9.0,0.0,5.193490634950094,2.6422819129536537,5.157323352290675,2.8151633540872507,0.0069639641623743505,True
9.0,3.0,5.258336995961912,2.639211455806078,5.223023041291165,2.639211455806078,0.006715802866546263,False
9.0,6.0,5.597628001302142,3.0143031812073318,5.555795971096748,3.0143031812073318,0.007473170813720191,False
9.0,9.0,5.973882534815629,2.556496094546023,5.934401269728956,2.6038576547505956,0.006608979144899011,True
9.0,12.0,6.045709448610775,2.7276341653957616,6.004006637589991,2.7276341653957616,0.006897918494969442,False
9.0,15.0,5.922039678533417,2.6384507362233074,5.882277764205378,2.6384507362233074,0.006714226260957023,False
9.0,18.0,6.228459933406202,3.012285186547324,6.18160482208742,3.0621558746903035,0.007522744277036478,True
9.0,21.0,5.673259269698474,3.0296328199907046,5.630691122182407,3.0296328199907046,0.007503296692860208,False
9.0,24.0,6.252054241680046,2.6454481461144757,6.209985905718981,2.6454481461144757,0.006728722166325956,False
9.0,27.0,6.78443786627259,2.8592784908089253,6.735827898857495,2.8592784908089253,0.007164921895261175,False
9.0,30.0,6.7266991124000235,2.6119999184160707,6.681903995872387,2.6119999184160707,0.006659301357044591,False
9.0,33.0,6.230919960414244,2.912011886142312,6.185617955816506,2.912011886142312,0.007270516213584426,False
9.0,36.0,5.212625985036542,3.013179684176839,5.1736826626026975,3.013179684176839,0.007470960422949217,False
9.0,39.0,5.266431217344796,2.6221164899904643,5.229035318224671,3.0189131506694715,0.007100804620207148,True
9.0,42.0,5.282305446665444,2.9879441968078546,5.243104286319846,2.9879441968078546,0.007421221801996489,False
9.0,45.0,4.9371536956573685,3.704838703280901,4.893853486959733,3.704838703280901,0.008770277647163708,False
9.0,48.0,4.965993404233917,3.674378038115022,4.922712112140747,3.674378038115022,0.00871553555755203,False
9.0,78.0,4.2891948818693555,2.939427358284869,4.2577760555147215,2.939427358284869,0.007325110474099224,False
9.0,81.0,4.082587625411466,2.6487937079101047,4.054822733026432,2.7051154370814285,0.006800807461477442,True
9.0,99.0,4.018148386173299,2.2035769586147103,3.9949055581423316,2.2035769586147103,0.005784462343637468,False
9.0,105.0,4.1273610963372915,2.2035769586147103,4.103486531496935,2.2035769586147103,0.005784462343637362,False
9.0,126.0,4.265443847123103,2.1959546814572053,4.240842291947134,2.1959546814572053,0.005767642491076694,False
12.0,-84.0,4.21933926175533,1.9893782033230263,4.1969573463370375,1.9893782033230263,0.0053046019838142045,False
12.0,-72.0,3.8847007208887447,2.816916455177926,3.857198845475431,2.816916455177926,0.0070795351789730504,False
12.0,-15.0,4.921662171940832,3.0397776570023054,4.8846355297724315,3.0397776570023054,0.00752319864201467,False
12.0,-12.0,5.888279187984576,2.6827961980667814,5.848204429783702,2.6827961980667814,0.006805852256912249,False
12.0,-9.0,6.3526190163390055,2.6303488640312027,6.3100728300396,2.6303488640312027,0.006697424509478157,False
12.0,-6.0,6.226409845432142,2.5957410115748125,6.1799931009950875,3.008225321406833,0.00745481675465155,True
12.0,-3.0,6.136383129141979,2.7337873785907405,6.091766997006026,2.9251986320198666,0.007270753992538229,True
12.0,0.0,6.293313497249179,2.8477806635922183,6.248367936368184,2.8477806635922183,0.007141795955443983,False
12.0,3.0,6.575242026891297,2.6661991437743318,6.530143830622861,2.813799899792819,0.006858788784351168,True
12.0,6.0,6.082894505851108,2.5757661554031985,6.042846376053958,2.5757661554031985,0.006583729137276396,False
12.0,9.0,6.030006182805892,3.1798392390500467,5.983001241104226,3.1798392390500467,0.007795173052342349,False
12.0,12.0,6.922917006670622,2.7038710627018916,6.875500581090467,2.7038710627018916,0.006849197460328765,False
12.0,15.0,7.485617250006321,2.8784356481574545,7.431695567258811,2.8784356481574545,0.0072033716053895806,False
12.0,18.0,7.509326757666642,2.5787597633410755,7.459840388079631,2.5787597633410755,0.006589987516056299,False
12.0,21.0,7.49877258395525,2.717188661548057,7.447207107633035,2.717188661548057,0.006876522223456624,False
12.0,24.0,7.610058459292551,2.6992451226534384,7.558007987110886,2.6992451226534384,0.006839694131141214,False
12.0,27.0,7.831129063112856,3.0657652476888253,7.771815662037956,3.0657652476888253,0.007574054851718018,False
12.0,30.0,7.593848809151726,3.023652579176685,7.536959097300237,3.023652579176685,0.007491551817956803,False
12.0,33.0,7.402465588631418,2.9198120361396254,7.348530704832818,2.9198120361396254,0.007286070181998799,False
12.0,36.0,5.859819024152399,2.6583592767980524,5.820233417519151,2.6583592767980524,0.006755431604643147,False
12.0,39.0,6.167987827293561,3.3034065630122202,6.116054226633116,3.5700838121545435,0.00841986108186481,True
12.0,42.0,4.980784146241684,3.450949344053591,4.939407668077648,3.450949344053591,0.008307221704288704,False
12.0,51.0,4.39692216432449,3.689082940678891,4.35848431651285,3.689082940678891,0.00874198959524791,False
12.0,78.0,4.5825326083701645,2.5779328379756827,4.552341696549361,2.5779328379756827,0.006588259026386217,False
12.0,99.0,4.299108813824348,2.329850378139365,4.273054389701157,2.329850378139365,0.006060424439458154,False
12.0,105.0,4.357544720380271,2.600588632534335,4.328444540442605,2.632652983794706,0.0066781138932583885,True
12.0,108.0,4.103129297623791,2.219811688915523,4.079248161419909,2.219811688915523,0.005820225118840949,False
15.0,-90.0,4.600845142514078,2.430608381500721,4.57196537621125,2.430608381500721,0.006277056803317481,False
15.0,-87.0,4.66908051453253,2.4345462261461983,4.639733195553086,2.4345462261461983,0.0062854600361034,False
15.0,-84.0,4.210833498606914,2.2035769586147103,4.1864760907988945,2.2035769586147103,0.005784462343637617,False
15.0,-15.0,6.434499483677981,2.8327839240715886,6.388740044466702,2.8327839240715886,0.00711157710515861,False
15.0,-12.0,7.651576791351276,2.709299664480694,7.59872188813413,2.8391941924824255,0.006907713881521685,True
15.0,-9.0,7.762836179802074,3.1449463782623504,7.702845748551468,3.1449463782623504,0.007727901228508913,False
15.0,-6.0,8.0596969058761,2.988588886138905,7.999873848985323,2.988588886138905,0.0074224946160396975,False
15.0,-3.0,8.264259698942604,3.207843217643086,8.199394071378713,3.207843217643086,0.00784893383398771,False
15.0,0.0,8.358831073228977,3.726480653542387,8.285197805149048,3.726480653542387,0.00880903889968012,False
15.0,3.0,8.088031255444493,3.142962673703614,8.025558758829874,3.142962673703614,0.0077240671606660346,False
15.0,6.0,7.988275278737749,2.6397805046000453,7.934618176518446,2.6397805046000453,0.006716982120298445,False
15.0,9.0,8.130767744362801,2.7023204247592654,8.075104406073306,2.7023204247592654,0.006846012583262809,False
15.0,12.0,8.390389171169286,2.904741519658443,8.329508477272505,2.904741519658443,0.00725600358395493,False
15.0,15.0,8.463905534025224,3.4503101117876787,8.393604029098526,3.4503101117876787,0.00830603610166532,False
15.0,18.0,8.921578080207775,2.827899565938586,8.858219518158895,2.827899565938586,0.007101721408395038,False
15.0,21.0,8.679735508960581,2.880487041690299,8.617176464105054,2.880487041690299,0.007207482853704967,False
15.0,24.0,8.4227216693817,2.6579994366262047,8.365828813621665,2.6579994366262047,0.006754687854265901,False
15.0,27.0,8.580636923008685,2.733988611654602,8.521336832090329,2.733988611654602,0.006910919486564534,False
15.0,30.0,9.034115927636623,2.9413931936399953,8.961115515310272,3.596252620297993,0.008080526408016613,True
15.0,33.0,8.669333416911924,3.977267813650618,8.58913913048808,3.977267813650618,0.009250340547221583,False
15.0,36.0,6.050225199843496,2.978166671369427,6.00505090935054,3.3530123262221188,0.007466546946735774,True
15.0,39.0,4.8106167616746225,2.8269142658852733,4.7740816856039325,3.2782975673619745,0.007594676084313925,True
15.0,45.0,6.372979055293067,3.21830366656828,6.322830317969312,3.21830366656828,0.007868963147164915,False
15.0,48.0,4.962100706885269,3.7404593068662733,4.918265425862759,3.7404593068662733,0.00883401680294098,False
15.0,75.0,4.595338812273287,2.4102193285125844,4.566693898375707,2.4102193285125844,0.006233471582350912,False
15.0,78.0,5.0878405152684225,2.6842901234931977,5.0531977700899375,2.6842901234931977,0.006808929068142638,False
15.0,99.0,4.764257251017312,2.4968482062331714,4.733681272529988,2.4968482062331714,0.006417784950801086,False
15.0,102.0,4.489216228009349,2.73326069403426,4.458198299243116,2.73326069403426,0.006909430776068314,False
15.0,105.0,4.545015554327858,2.655958553772591,4.514334568354056,2.655958553772591,0.0067504688613411815,False
15.0,108.0,5.598853308647122,2.1197774161123757,5.567508036849391,2.1197774161123757,0.005598516351432156,False
18.0,-102.0,4.023857559214054,2.6557898600941066,3.9966960375171285,2.6557898600941066,0.006750120076872423,False
18.0,-99.0,4.578517392261998,3.0364629826751064,4.544102055090669,3.0364629826751064,0.007516699014727649,False
18.0,-96.0,4.2317795545836665,2.2035769586147103,4.207300985103603,2.2035769586147103,0.005784462343637272,False
18.0,-93.0,4.205520931820702,2.639211455806078,4.177277482291461,2.639211455806078,0.00671580286654612,False
18.0,-90.0,4.164708185602689,2.639211455806078,4.13673882643149,2.639211455806078,0.006715802866546243,False
18.0,-66.0,3.925110777594987,2.3415727014146843,3.9012233819886593,2.3415727014146843,0.006085788901215245,False
18.0,-15.0,7.0317337259859745,2.93511983416222,6.980285720841283,2.93511983416222,0.007316546267183571,False
18.0,-12.0,9.89207820611087,3.3262896371790203,9.812208692958668,3.3262896371790203,0.008074088324823628,False
18.0,-9.0,9.65107001995792,3.3872114317308473,9.57204216726612,3.3872114317308473,0.008188506821354961,False
18.0,-6.0,9.336141708832754,3.298279322215179,9.261254955414858,3.298279322215179,0.008021167175199077,False
18.0,-3.0,10.38355494038182,3.157874744244783,10.30305265460805,3.157874744244783,0.007752863661432108,False
18.0,0.0,11.063298089100416,3.2583841867515524,10.9753952447419,3.2583841867515524,0.007945446615518506,False
18.0,3.0,10.479011675712522,3.0412193318953986,10.400146375515485,3.0412193318953986,0.007526024651716494,False
18.0,6.0,10.908744429142239,3.18229623931832,10.823657334712237,3.18229623931832,0.007799898052675502,False
18.0,9.0,10.421070601747658,3.608868515404519,10.331480011550427,3.608868515404519,0.008597062012247206,False
18.0,12.0,9.52761622657977,2.9428091399138743,9.457761358735857,2.9428091399138743,0.0073318305631407685,False
18.0,15.0,9.429585897962584,3.04880143332377,9.35847853994792,3.04880143332377,0.007540878123823923,False
18.0,18.0,9.731146542707515,4.028985845526374,9.640261686172966,4.028985845526374,0.009339583587162996,False
18.0,21.0,9.333537769286039,2.8940265596303325,9.26601346418749,2.8940265596303325,0.007234588509488068,False
18.0,24.0,9.164354040734842,3.238729005918145,9.091882407836833,3.238729005918145,0.00790799139534319,False
18.0,27.0,9.522893638955999,3.006568687726107,9.451872403662971,3.006568687726107,0.007457946920933356,False
18.0,30.0,10.30965615638728,3.0556996784025277,10.231773111155682,3.0556996784025277,0.007554378540873646,False
18.0,33.0,9.143237665609727,3.079159844148361,9.073747259112396,3.079159844148361,0.007600196892912772,False
18.0,36.0,5.8350894003573694,2.934751376573418,5.7924009747532885,2.934751376573418,0.007315813464908777,False
18.0,42.0,4.941940296010167,3.4724953478218445,4.900689303467799,3.4724953478218445,0.008347124827807351,False
18.0,45.0,8.29870343475888,2.923467787954006,8.238178051089902,2.923467787954006,0.007293354214282296,False
18.0,48.0,8.830150038890022,2.70573670408763,8.766180398853633,3.046842139862657,0.007244456748147134,True
18.0,51.0,6.375022938003231,4.150260083025964,6.3141634649523555,4.150260083025964,0.00954654965836685,False
18.0,54.0,5.157385159554015,4.060640262267204,5.108937125047939,4.060640262267204,0.009393914359164396,False
18.0,75.0,5.454667447881449,2.6581128780409116,5.417821592938449,2.6581128780409116,0.006754922329373363,False
18.0,78.0,5.3265691282110526,2.7577025360018053,5.289499745627559,2.7577025360018053,0.006959335679539647,False
18.0,81.0,4.742005654145534,2.4591647421969505,4.711951351931023,2.4591647421969505,0.00633788831277269,False
18.0,96.0,5.031654138239236,2.3655439698395058,5.00077223726903,2.3655439698395058,0.006137524583717248,False
18.0,99.0,4.5576352715281905,2.2035769586147103,4.531271801924001,2.2035769586147103,0.005784462343637574,False
18.0,102.0,4.735317566872937,2.2481406166513214,4.707462399389928,2.2481406166513214,0.005882428599483381,False
18.0,105.0,4.580967650230787,2.103705107784244,4.555485593239035,2.103705107784244,0.005562592652333665,False
21.0,-105.0,4.231916149226238,2.1878281543293765,4.207583945730921,2.1878281543293765,0.00574968941664067,False
21.0,-102.0,5.870933568306931,2.9102177977743744,5.828269867897498,2.9102177977743744,0.00726693632504125,False
21.0,-99.0,4.41880103492627,2.3661144229544453,4.391675104206768,2.3661144229544453,0.006138753590645615,False
21.0,-90.0,4.224999117126066,2.639211455806078,4.1966248559441155,2.639211455806078,0.006715802866546151,False
21.0,-87.0,4.140036211956915,2.2035769586147103,4.116088328387555,2.2035769586147103,0.005784462343637522,False
21.0,-78.0,4.115635250979424,2.5202510361486885,4.089018660753314,2.5202510361486885,0.006467188806339503,False
21.0,-15.0,7.992131618942548,2.939446576557941,7.929283398238773,4.015304394937336,0.007863761972439914,True
21.0,-12.0,10.00926107117197,2.6713012929091993,9.941376697377844,2.6713012929091993,0.006782156376122701,False
21.0,-9.0,10.275400268534893,2.810238817345524,10.202793986198243,2.810238817345524,0.007066029589035458,False
21.0,-6.0,11.967396022796402,2.9079842630911825,11.880483068451499,2.9079842630911825,0.007262478335248959,False
21.0,-3.0,12.157539329419647,3.0154269898059427,12.066657085109753,3.0154269898059427,0.00747538147707001,False
21.0,0.0,12.560997457513986,3.609648320811671,12.452991993529762,3.609648320811671,0.008598478293586072,False
21.0,3.0,12.531371529299822,2.578208562036195,12.448804385154899,2.578208562036195,0.006588835384209224,False
21.0,6.0,12.532782679118316,2.374314230488054,12.45341993000681,2.9021462075917905,0.0063324124532804825,True
21.0,9.0,11.573357244647545,2.729142511607317,11.493489441870457,2.729142511607317,0.006901005567250154,False
21.0,12.0,11.93421193670832,2.6293746430662748,11.854307579862617,2.6293746430662748,0.006695402869453433,False
21.0,15.0,10.84541061460016,3.1267385226277575,10.761980443223779,3.1267385226277575,0.0076926705996790195,False
21.0,18.0,10.06918415291741,2.397124511446186,10.006700716346097,2.397124511446186,0.0062054120395850535,False
21.0,21.0,9.333234387813475,3.082970019413016,9.262230645841091,3.082970019413016,0.007607624433507611,False
21.0,24.0,9.501314807509319,3.1195200318311915,9.428357258293676,3.1195200318311915,0.00767867928741618,False
21.0,27.0,8.72433482420086,2.9525118595065565,8.660160271445182,2.97047195761717,0.007355810391144119,True
21.0,30.0,9.65823878820676,2.897308105485545,9.58830202833222,2.897308105485545,0.007241150421745138,False
21.0,33.0,9.814500455700003,2.9945016929027033,9.74153785904694,2.9945016929027033,0.007434163051129986,False
21.0,36.0,6.094012439536836,2.8678550197349475,6.050244339229962,2.8678550197349475,0.007182148172674302,False
21.0,42.0,7.728763722028816,3.162334027691079,7.667696480885327,3.5374325921083734,0.007901294869376397,True
21.0,45.0,9.72330511772424,3.030278143054923,9.650335957055283,3.030278143054923,0.007504563498264089,False
21.0,48.0,9.227553712026426,3.1399594613036226,9.156333047410623,3.1399594613036226,0.007718260639651394,False
21.0,51.0,8.048147273043845,3.0455547823292464,7.98750834836982,3.0455547823292464,0.007534519761725409,False
21.0,54.0,7.1578897276539015,3.092483242743803,7.103302568034856,3.092483242743803,0.007626152636600816,False
21.0,57.0,5.382671812352088,3.8499213303917106,5.334076805374191,3.8499213303917106,0.009028045675454684,False
21.0,75.0,5.599996289102847,2.5208394374083976,5.563394642972715,2.6179133186943324,0.006536012568679115,True
21.0,78.0,5.420055958279048,2.7399100091624353,5.382532780305365,2.7399100091624353,0.006923024090990619,False
21.0,81.0,5.476861158851523,2.6458888769136655,5.440003883885434,2.6458888769136655,0.006729634711758389,False
21.0,84.0,5.279270265313692,2.5420168500212514,5.2448864311215715,2.5420168500212514,0.00651298995204552,False
21.0,87.0,4.560786373961732,2.3143415871068274,4.532725843224414,2.410462246959887,0.006152564149358141,True
21.0,93.0,4.709181778144605,2.1663341555565223,4.682329539990504,2.1663341555565223,0.005702102704703919,False
21.0,96.0,5.058338147070996,2.6388130541230104,5.024371521781638,2.6388130541230104,0.0067149771924652065,False
21.0,99.0,4.787631317727261,2.324238536190471,4.758674447398533,2.324238536190471,0.006048266544983966,False
21.0,102.0,5.5415705089096905,2.2061445058383,5.509379083571951,2.221893310123633,0.005809079806163655,True
21.0,105.0,5.462627414876813,1.8504451454834223,5.4353952663266965,1.8504451454834223,0.004985174071354985,False
24.0,-105.0,6.283244338265911,2.9349387765498136,6.237274952887429,2.9349387765498136,0.007316186177660139,False
24.0,-102.0,6.3769839406731,2.807975266462258,6.331953195779318,2.807975266462258,0.0070614486899632555,False
24.0,-99.0,4.556526386949303,2.875316528628284,4.523732527660551,2.875316528628284,0.007197118265940348,False
24.0,-15.0,5.33066296104971,3.7565870592529054,5.2834184771110495,3.7565870592529054,0.008862778285528188,False
24.0,-12.0,7.446418414309724,2.9903913900767924,7.391120918650528,2.9903913900767924,0.007426052711855551,False
24.0,-9.0,9.477987115970343,2.6063729566471503,9.414981337887072,2.6063729566471503,0.006647590602555982,False
24.0,-6.0,12.084530276685967,2.705396354412346,12.001723092116794,2.705396354412346,0.006852329604314747,False
24.0,-3.0,12.02969607036115,2.5625427636488483,11.950828746845472,2.5625427636488483,0.006556052875682456,False
24.0,0.0,12.612827410762936,2.710924802790555,12.525512447844308,2.8251205523084075,0.006922711306119904,True
24.0,3.0,13.325350819273273,2.455013584712892,13.23307948730237,2.7743328735690547,0.006924495514027789,True
24.0,6.0,12.580486941236611,2.399600705745398,12.50235303356031,2.399600705745398,0.00621072205243442,False
24.0,9.0,11.10276032114858,2.495999244933177,11.031525125412399,2.495999244933177,0.006415989688662529,False
24.0,12.0,9.17816464604997,2.558367222804919,9.118072422869787,2.558367222804919,0.0065473028102677215,False
24.0,15.0,9.973398308625661,2.588270420037963,9.907475614215995,2.588270420037963,0.006609852767301181,False
24.0,18.0,9.002263709525234,2.7263187407021343,8.940191069113862,2.7263187407021343,0.006895225735910609,False
24.0,21.0,8.486912790823768,2.7444668949837077,8.428078689214118,2.7444668949837077,0.006932332528886397,False
24.0,24.0,8.644494096302392,2.885258941803772,8.582106420850721,2.885258941803772,0.007217041825311279,False
24.0,27.0,8.125183659351073,2.76027434350403,8.068595193260213,2.76027434350403,0.006964576859223791,False
24.0,30.0,8.785561250634483,2.9081787111358337,8.721752892185906,2.9081787111358337,0.007262866495179142,False
24.0,33.0,9.202239099801847,2.9607803668357078,9.134441699323933,2.9607803668357078,0.007367489557989684,False
24.0,39.0,7.040700920538451,4.113277181868784,6.9739285059805916,4.113277181868784,0.00948377374801952,False
24.0,42.0,9.535132687539786,2.9528020375974195,9.46503354219062,2.9528020375974195,0.007351669624982751,False
24.0,45.0,10.046674807068646,3.1249485587114862,9.969423890379202,3.1249485587114862,0.007689202464788795,False
24.0,48.0,9.473437970763603,3.0309533605711554,9.402331398151988,3.0309533605711554,0.00750588886854598,False
24.0,51.0,5.8336264400740285,3.168465219722506,5.784140497632874,3.8500827671022475,0.008482878180407837,True
24.0,54.0,4.637375389968033,3.394023158426554,4.599343151180827,3.394023158426554,0.00820124220900469,False
24.0,57.0,5.097580088624961,3.5529179394648294,5.054275820759427,3.5529179394648294,0.008495063758226356,False
24.0,69.0,4.75523763962807,2.7552790900153816,4.7221678381411305,2.7552790900153816,0.0069543951308237515,False
24.0,72.0,5.963215759230095,2.947902737207669,5.919434148909833,2.947902737207669,0.00734194637389987,False
24.0,75.0,5.996403017003752,2.564884197036698,5.957060873379929,2.564884197036698,0.0065609572125593625,False
24.0,78.0,5.867177532390304,2.383616908789754,5.830939421692163,2.383616908789754,0.006176412848952571,False
24.0,81.0,5.28494087178625,2.6751772397843117,5.249055327258438,2.6751772397843117,0.006790150618219267,False
24.0,84.0,5.5213238661306505,2.6441603005564205,5.484187136349388,2.6441603005564205,0.006726055323265764,False
24.0,87.0,5.135770677735407,2.434184954406187,5.103493954758641,2.434184954406187,0.006284689290487994,False
24.0,90.0,4.742501209641787,2.121351436685201,4.715933575771493,2.121351436685201,0.0056020299618016875,False
24.0,93.0,4.559511270681973,2.082067634885091,4.534369684981286,2.082067634885091,0.005514096623107397,False
24.0,96.0,4.829904428644786,2.2252725272036553,4.801735287808973,2.2252725272036553,0.0058322356584842965,False
24.0,99.0,5.993496138567161,2.251362156185643,5.958197525833665,2.251362156185643,0.005889486189263597,False
24.0,102.0,5.6947146014621435,2.3125769552217896,5.66025274304158,2.328325759507123,0.0060515514529411426,True
24.0,105.0,5.830525364698502,2.141592164761702,5.797599568493334,2.141592164761702,0.005647140548349319,False
24.0,108.0,6.082960316541094,1.9958837579484532,6.050602623378237,1.9958837579484532,0.005319399022687753,False
24.0,111.0,6.158405489634139,2.0209431949716654,6.12529626942006,2.0209431949716654,0.005376265052667968,False
24.0,114.0,6.157250888213607,1.8492975160883913,6.126531414718193,2.015661225779035,0.004989154097036725,True
24.0,117.0,5.26767652970959,1.9329760183236844,5.240276728409833,1.9958837579484532,0.00520149655075114,True
27.0,-114.0,4.862075125638142,2.9359832339207763,4.825770992996834,3.0840131309060608,0.007466797962432201,True
27.0,-108.0,6.852507799918778,4.077755583818607,6.787935254290939,4.077755583818607,0.00942319914303554,False
27.0,-105.0,8.00326097624013,2.8857618221407395,7.945493047814072,2.8857618221407395,0.007218048817545478,False
27.0,-102.0,6.251511490506121,3.212876575053756,6.196605895952355,4.031167428739246,0.008782771116576934,True
27.0,-99.0,4.858586437629874,2.750044734299402,4.824849781434918,2.750044734299402,0.00694371843087222,False
27.0,-81.0,4.745943841315133,2.772063360644309,4.712776442183749,2.772063360644309,0.006988578086965471,False
27.0,-12.0,5.312944726386241,3.226108049312086,5.271058063703918,3.226108049312086,0.007883888284080376,False
27.0,-9.0,6.962440675949367,2.946440896035155,6.911343018146318,2.946440896035155,0.007339043904468374,False
27.0,-6.0,10.259198301820796,2.804855090357009,10.186818305450629,2.804855090357009,0.0070551318183722615,False
27.0,-3.0,11.88953593444888,3.076222367740624,11.799241234824612,3.076222367740624,0.007594467952499898,False
27.0,0.0,13.322731605274514,2.8094255975398132,13.228614713450316,2.8094255975398132,0.007064383987660379,False
27.0,3.0,12.624460957923368,2.7873465125867902,12.53579192720814,2.7893147163130725,0.007023589443601426,True
27.0,6.0,11.39716280014077,2.5711333757054935,11.322237410611356,2.5711333757054935,0.006574038718521078,False
27.0,9.0,10.896838723460508,2.8215708064079212,10.819591673984233,2.8215708064079212,0.007088941245864748,False
27.0,12.0,9.364053324449923,2.688391328924734,9.30021508590135,2.688391328924734,0.006817372385299128,False
27.0,15.0,8.568260984342855,2.7262146273829995,8.509182717000304,2.7262146273829995,0.006895012587794348,False
27.0,18.0,7.9556647816419,2.679644000632347,7.901571368342828,2.679644000632347,0.00679935804031054,False
27.0,21.0,7.815329258087208,2.726890663283958,7.761431648283523,2.726890663283958,0.006896396559097286,False
27.0,24.0,7.723769862688675,2.8598587712623607,7.668420647735128,2.8598587712623607,0.0071660880551249065,False
27.0,27.0,7.278689639451201,2.932560014928114,7.22547183181267,2.932560014928114,0.007311454434062633,False
27.0,30.0,7.163082891070873,2.8842006626617143,7.1114018035357125,2.8842006626617143,0.007214922446253375,False
27.0,33.0,7.775702309369179,2.802020534941073,7.720888344912583,2.802020534941073,0.0070493908171547015,False
27.0,36.0,5.625768974875073,3.7106129249434905,5.573217785576665,4.088306947764946,0.009341156654868725,True
27.0,39.0,8.34772299724426,2.7325018705979685,8.2900579393829,2.7325018705979685,0.006907878697028704,False
27.0,42.0,9.595763527010066,2.711378926511029,9.529892370065715,2.711378926511029,0.006864608194953627,False
27.0,45.0,9.766743469811992,2.7458516345247026,9.699009541269554,2.7458516345247026,0.006935159989795653,False
27.0,48.0,8.42700674906927,3.023434341624115,8.36387900474759,3.023434341624115,0.007491123028785017,False
27.0,54.0,6.219432215781608,3.969293372273504,6.159180397172867,4.238898857663013,0.009687671883593136,True
27.0,57.0,4.960100274146343,3.4435597890957323,4.918963633314925,3.4435597890957323,0.008293509920723892,False
27.0,60.0,7.447524287575684,3.6316675507494764,7.383067658481324,3.9807464999572373,0.008654772593610631,True
27.0,63.0,7.244429321608607,3.017266146737435,7.188201656373501,3.8955540103458475,0.007761503734654521,True
27.0,66.0,6.418915174685602,2.8148046091267447,6.373499646862356,2.8148046091267447,0.007075265303762206,False
27.0,69.0,6.214885339547179,3.0723534759098343,6.167733508045581,3.0723534759098343,0.00758691897363842,False
27.0,72.0,6.863182660696752,3.1904108953764765,6.809543511571536,3.1904108953764765,0.007815491992132155,False
27.0,75.0,6.513580961082171,2.6041451878402415,6.470311557795667,2.6041451878402415,0.0066429516336763824,False
27.0,78.0,5.926674470300721,2.3920203579064445,5.889961918639598,2.3920203579064445,0.006194460627978564,False
27.0,81.0,5.7406293696695805,2.3937127951364014,5.705048416175657,2.3937127951364014,0.006198092787859476,False
27.0,84.0,5.6129189084794335,2.183561817175041,5.580699318354561,2.183561817175041,0.005740255765355678,False
27.0,87.0,6.293803374503138,2.0941746737999343,6.258927830155266,2.0941746737999343,0.005541251016699475,False
27.0,90.0,6.566611416558864,2.0593927756246933,6.530554096313113,2.075141579910026,0.0054910086737927554,True
27.0,93.0,5.810731629919745,2.0398747145272695,5.779242772016034,2.0398747145272695,0.005419086598591725,False
27.0,96.0,6.0714969695062715,1.7166588341289595,6.043135357699044,1.7166588341289595,0.004671271673142866,False
27.0,99.0,7.998948131559086,1.873964246395208,7.958275822333872,1.928550887192902,0.005084707208532261,True
27.0,102.0,6.3001894365627855,2.2087855324792534,6.263673883489099,2.2087855324792534,0.005795945255514226,False
27.0,105.0,6.779426682576952,2.095931248981229,6.7418334953885335,2.095931248981229,0.0055451867759013914,False
27.0,108.0,7.043714273666927,2.0406339585925677,7.005531697016626,2.0406339585925677,0.00542080146451243,False
27.0,111.0,6.7115139249023565,2.140511606279278,6.673629202879177,2.140511606279278,0.00564473566576577,False
27.0,114.0,6.296168525210576,1.9958837579484532,6.262676692510893,1.9958837579484532,0.0053193990226878506,False
27.0,117.0,6.250087261630194,2.0774746908810817,6.215688139493429,2.0774746908810817,0.005503782698834207,False
27.0,120.0,6.114981833726757,1.9958837579484532,6.0824538053366775,1.9958837579484532,0.005319399022687795,False
30.0,-111.0,6.8525460766218975,3.0777177058807585,6.800484648674576,3.0777177058807585,0.007597384587450452,False
30.0,-108.0,8.770974392312336,2.75073694559496,8.71005882786036,2.75073694559496,0.006945130806147165,False
30.0,-105.0,8.774887607777323,2.904252242759466,8.711225566540714,2.904252242759466,0.007255026398307926,False
30.0,-102.0,6.027724187509528,3.4866295624964834,5.977252610064092,3.4866295624964834,0.00837323936453861,False
30.0,-99.0,5.752726047082894,2.7203928283072116,5.7094385252301745,3.117189488986219,0.007524697247606619,True
30.0,-96.0,5.22247422074124,2.474038253497024,5.189209805066365,2.474038253497024,0.0063694743657640536,False
30.0,-93.0,4.939603553762632,2.4082574956512635,4.908833424016103,2.4082574956512635,0.006229271116928206,False
30.0,-90.0,5.570811858328124,2.5471027763677814,5.534469710241933,2.5471027763677814,0.006523671775391372,False
30.0,-9.0,7.167291163282991,2.825000727533684,7.113409759605621,3.1736104030935075,0.007517680313225867,True
30.0,-6.0,11.456324952494164,3.123774814790639,11.368261009441055,3.123774814790639,0.007686927825309016,False
30.0,-3.0,11.339843779989636,3.0048446243250067,11.255310333629405,3.0048446243250067,0.007454551226657924,False
30.0,0.0,10.687747033015452,3.0484907472666314,10.60715853697358,3.0484907472666314,0.007540269786787227,False
30.0,3.0,8.632251217166475,2.8307483995060223,8.570897745259193,2.8307483995060223,0.007107470619630655,False
30.0,6.0,8.871868996758073,2.8777462167403405,8.80797388817903,2.8777462167403405,0.007201989637402384,False
30.0,9.0,7.921653556031775,3.0432136340328615,7.862004035362207,3.0432136340328615,0.007529933018106974,False
30.0,12.0,7.005070375720759,2.836035769343511,6.955207339086357,2.836035769343511,0.007118135002215724,False
30.0,15.0,6.427691030836506,3.022937177157272,6.379546685529343,3.022937177157272,0.007490146162314447,False
30.0,18.0,5.588755549477746,2.9753324147680216,5.546507528943524,3.205719077760769,0.007559468321739377,True
30.0,21.0,6.1052884564198004,2.9315691801000314,6.060661953965335,2.9315691801000314,0.007309483044579199,False
30.0,24.0,5.845175331787751,2.750355902969014,5.804483382019235,2.8365658545337262,0.0069616303119637,True
30.0,27.0,6.096517503369662,2.9799335088028913,6.051370371811599,2.9799335088028913,0.007405396856994091,False
30.0,30.0,5.2786248565344245,2.8084933831553385,5.241344582398859,2.8084933831553385,0.007062497364141425,False
30.0,33.0,5.869375120590903,3.1910827019779093,5.823495493413727,3.1910827019779093,0.007816782235679842,False
30.0,36.0,6.815853059583372,3.0817353635978004,6.7640170110496065,3.0817353635978004,0.0076052180234257825,False
30.0,39.0,8.468669648370687,2.976540383139085,8.406012599140935,2.976540383139085,0.007398688558102775,False
30.0,42.0,10.62111302746253,3.1534087159360036,10.538860520831586,3.1534087159360036,0.007744245487103591,False
30.0,45.0,8.684560118087983,2.9701546971689567,8.620415475879005,2.9701546971689567,0.0073860554060048884,False
30.0,48.0,7.058183108877968,2.9267091382690866,7.006659716852055,2.9267091382690866,0.007299809487955213,False
30.0,51.0,7.406175861356858,3.0055195530454326,7.350956298034665,3.0055195530454326,0.007455880653646267,False
30.0,54.0,10.092993965684673,2.432113221188875,10.029607252198112,2.432113221188875,0.0062802686400161584,False
30.0,57.0,9.718079582340245,2.3972647119999753,9.657771972073725,2.3972647119999753,0.006205712739388474,False
30.0,60.0,11.506002713340635,3.0752426407808775,11.418642735500363,3.0752426407808775,0.007592556686865937,False
30.0,63.0,11.2921910221497,2.6133923833519104,11.216960210800492,2.6133923833519104,0.006662197903103307,False
30.0,66.0,9.707335571673141,2.750187099278538,9.63992774686503,2.750187099278538,0.006944008920925004,False
30.0,69.0,6.870930035450913,2.8125739004104795,6.822347381185403,2.8125739004104795,0.007070753742920568,False
30.0,72.0,6.559060220644756,2.9361028550460757,6.511057730850766,2.9361028550460757,0.0073185011540070795,False
30.0,75.0,6.145833163969869,2.776428593501472,6.102827971403488,2.776428593501472,0.006997455254480498,False
30.0,78.0,5.876585861011042,2.3421106029073147,5.840333488484064,2.525025146631398,0.00616895139191266,True
30.0,81.0,17.676772463201022,1.6421499778740607,17.597338380738844,1.6421499778740607,0.004493698305363263,False
30.0,84.0,12.2779746915728,1.9077734043332353,12.215138747294782,1.9077734043332353,0.005117777634868872,False
30.0,87.0,13.6385388990232,1.781245985101234,13.572752083860367,1.781245985101234,0.004823596988644008,False
30.0,90.0,14.517105841896095,1.5935874493637434,14.4535662038029,1.5935874493637434,0.0043768805425266335,False
30.0,93.0,8.091977793863373,2.1477485067366695,8.046170444107368,2.1477485067366695,0.005660834832090599,False
30.0,96.0,9.294762006805799,1.784054291198266,9.249810505212565,1.83864093199596,0.004836218674595376,True
30.0,99.0,9.485969364976176,2.1310693785323687,9.431576581125748,2.186443396396305,0.00573402482736826,True
30.0,102.0,10.079317405724973,1.8039722953146535,10.03016212522115,1.8039722953146535,0.0048768461717361685,False
30.0,105.0,7.486517587708979,2.1332831650823945,7.444378687640006,2.1332831650823945,0.005628638358928762,False
30.0,108.0,7.739900392806524,1.9958837579484532,7.698728774221328,1.9958837579484532,0.005319399022687782,False
30.0,111.0,7.286722598032468,2.1304105898040335,7.2457549195954565,2.1304105898040335,0.005622236593454729,False
30.0,114.0,6.653374735899946,2.1948259600582793,6.61501703125464,2.1948259600582793,0.005765150193380436,False
30.0,117.0,6.711024743820969,2.124830996158981,6.67337727511916,2.124830996158981,0.005609794351670758,False
30.0,120.0,6.68634901135855,2.1562238783020717,6.648372771973164,2.1562238783020717,0.00567966753169388,False
33.0,-117.0,6.686248400206251,2.963648154719922,6.636949542397048,2.963648154719922,0.007373171748701826,False
33.0,-114.0,9.885283831650863,2.9977518350944914,9.811731656591197,2.9977518350944914,0.007440572907392417,False
33.0,-111.0,9.405945156669556,2.8541810995098964,9.338648686374626,2.8541810995098964,0.007154673897626577,False
-33.0,-60.0,5.983552527338455,2.7825710912223283,5.941608197835004,2.7825710912223283,0.007009937543258843,False
-33.0,-57.0,6.115363549205343,2.321082308325775,6.077107878593336,2.639211455806078,0.006255665800437702,True
-33.0,-54.0,6.177649313049787,2.3355118554300747,6.140134426031887,2.3355118554300747,0.006072679933231669,False
-33.0,21.0,5.955740316220263,2.870783389095796,5.912930304566171,2.870783389095796,0.007188025229626028,False
-33.0,24.0,5.78764509246245,2.833543726414299,5.746476938359571,2.833543726414299,0.007113109640481272,False
-33.0,27.0,5.692694168665306,2.5409040690173716,5.655631019216445,2.5409040690173716,0.006510651784680514,False
-33.0,117.0,6.420943193603565,2.407929160478846,6.380934834902376,2.4366252873902083,0.006230916159022349,True
-33.0,120.0,6.179150318389124,2.7364801167620922,6.136318744897692,2.744385922767888,0.00693162834442871,True
-33.0,123.0,6.227673307676266,2.7441040794376073,6.184505619592014,2.7441040794376073,0.006931591615610835,False
-33.0,135.0,6.419279467277183,2.8553316349204176,6.373336763650574,2.8553316349204176,0.007156987612208735,False
-33.0,138.0,6.88247267321231,3.031445425507343,6.8308069511827565,3.031445425507343,0.0075068546556885905,False
-33.0,141.0,7.289081104684771,2.599369769847325,7.2407326101297755,2.599369769847325,0.006633002687255298,False
-33.0,144.0,7.032169208395225,3.0493839658766495,6.97913245687638,3.0493839658766495,0.0075420186783230515,False
-33.0,147.0,6.647045634737032,2.684723634150991,6.601780438577703,2.684723634150991,0.006809821783496767,False
-33.0,150.0,6.516295789093643,2.331997947518974,6.4767739697181606,2.331997947518974,0.006065074492418005,False
-30.0,-69.0,7.931971761353255,2.8262600064912706,7.875667361036239,2.8262600064912706,0.007098411594371325,False
-30.0,-66.0,6.735308354970151,2.886613596024549,6.682261868936713,3.2679673307385078,0.007875880841341634,True
-30.0,-63.0,6.049224299157608,2.983076998162554,6.004389814933055,2.983076998162554,0.0074116088290520485,False
-30.0,-60.0,5.714312446917666,2.7660427048061154,5.674447542833354,2.7660427048061154,0.006976325578034387,False
-30.0,-57.0,5.777663366422517,2.5988641956771894,5.739346197645634,2.5988641956771894,0.0066319489985461185,False
-30.0,-54.0,5.985718906960613,2.3231578830625224,5.949529704080332,2.3231578830625224,0.006045924214415997,False
-30.0,-51.0,5.612696671155788,2.2666612056016837,5.579452905795735,2.2666612056016837,0.005922957770174236,False
-30.0,18.0,6.118949882509727,3.2668629055519802,6.070233415214984,3.2668629055519802,0.007961573183332191,False
-30.0,21.0,8.467495682246929,2.7856253862331894,8.408086544868357,2.7856253862331894,0.007016140262477992,False
-30.0,24.0,7.703711536472664,2.8316152341048184,7.648944160029834,2.8316152341048184,0.007109219521465418,False
-30.0,27.0,6.553190379859471,2.5522608468155537,6.510368575216667,2.5522608468155537,0.006534497269362442,False
-30.0,30.0,4.926676434911289,2.319039783905584,4.89693411470081,2.319039783905584,0.006036994838897864,False
-30.0,117.0,6.5789902420033295,2.9050324464958632,6.531249242779157,2.9050324464958632,0.007256584592476235,False
-30.0,120.0,7.016958576503204,2.7436907334291294,6.968325808623184,2.7436907334291294,0.006930747466982465,False
-30.0,123.0,6.787722531545889,2.6068551283958366,6.742593717156817,2.6068551283958366,0.006648594455553534,False
-30.0,126.0,6.547712685113396,2.6332604375310877,6.502538485916868,2.7783922634181466,0.006899233574990874,True
-30.0,129.0,6.407748989371636,2.819436367275297,6.36235246844028,2.819436367275297,0.0070846284719726154,False
-30.0,132.0,6.544415321805857,2.9069754682065465,6.496899827372936,2.9069754682065465,0.007260464395436575,False
-30.0,135.0,7.44771951771957,2.8926596072251045,7.393858695905677,2.8926596072251045,0.007231854218697064,False
-30.0,138.0,7.33891612321624,2.782059642796107,7.2874784040806535,2.782059642796107,0.007008898626442441,False
-30.0,141.0,7.364684386800132,2.849133651650272,7.312067257978509,2.849133651650272,0.007144519175313201,False
33.0,-108.0,10.507177802271906,2.6115066161126737,10.437218122205158,2.6115066161126737,0.006658275074741916,False
33.0,-105.0,8.991231152027268,2.81370162668046,8.927635861913307,2.81370162668046,0.0070730347200140395,False
33.0,-102.0,6.735570941127024,2.9588361331471025,6.685972648402803,2.9588361331471025,0.007363636009143175,False
33.0,-99.0,5.927499804486882,3.3183979066173874,5.87880988148792,3.5367004205149604,0.008214242868823869,True
33.0,-96.0,5.882759158446979,2.916602445774464,5.839934600775956,2.916602445774464,0.007279672092224329,False
33.0,-93.0,5.940481139627754,2.5842498563889227,5.901265302138045,2.5842498563889227,0.006601458125690894,False
33.0,-90.0,5.823969852908225,2.7137110621386182,5.783962721743291,2.7137110621386182,0.0068693918710716565,False
33.0,-87.0,5.845026267449877,2.7584394136187718,5.804339988942458,2.7584394136187718,0.00696083758151696,False
33.0,-84.0,6.06852107764094,2.7360456373708537,6.0264793589720655,2.7525140585730345,0.00692783598029753,True
33.0,-81.0,5.615905025286096,2.524126612040861,5.579460353340654,2.5398754163261943,0.0064895456353600365,True
33.0,-6.0,6.881353575702568,2.6911057806805925,6.834402388800821,2.6911057806805925,0.006822958068529967,False
33.0,-3.0,7.573725029754965,2.748053530789706,7.521165992085063,2.748053530789706,0.006939654854568015,False
33.0,0.0,8.33216819345539,2.7382119032116803,8.274513307182195,2.7382119032116803,0.006919553822554913,False
33.0,3.0,8.009982090061424,2.902617730620606,7.951895610600645,2.902617730620606,0.007251761465590681,False
33.0,6.0,7.6279816450719204,2.939254441487948,7.5721084585261496,2.939254441487948,0.007324766779147656,False
33.0,9.0,6.950239739010582,2.9006293241008403,6.899865870406312,2.9006293241008403,0.007247788636920001,False
33.0,36.0,6.059170890084584,3.043924864401642,6.013537295152476,3.043924864401642,0.007531326605556521,False
33.0,39.0,7.853388510556093,2.786193445821057,7.798278977643559,2.786193445821057,0.007017293597338167,False
33.0,42.0,8.538681784273438,2.762954552407651,8.479166856698702,2.762954552407651,0.006970036953988615,False
33.0,45.0,7.8489770718657255,2.8442659645409534,7.792976823076851,2.8442659645409534,0.007134719375038697,False
33.0,48.0,8.476251874535341,2.7524235806381503,8.417354031363843,2.7524235806381503,0.006948571614352544,False
33.0,51.0,9.504130862978533,2.3999357349436004,9.445096521016385,2.3999357349436004,0.006211440352963215,False
33.0,54.0,11.481668685754903,2.7256764818080765,11.402515085877202,2.7256764818080765,0.006893910810708685,False
33.0,57.0,12.8989097960914,2.528089479059809,12.815277143869535,2.528089479059809,0.00648369928497428,False
33.0,60.0,9.127162358267986,2.784529320972212,9.06314522043461,2.784529320972212,0.007013914656112755,False
33.0,63.0,11.297996291474227,2.574214152688724,11.223650013198585,2.574214152688724,0.006580483508544474,False
33.0,66.0,10.977330122521003,2.425336436116406,10.908548375717482,2.425336436116406,0.006265799245884897,False
33.0,69.0,7.448797516920232,2.815957057930927,7.396077940692694,2.815957057930927,0.007077595559254076,False
33.0,72.0,6.83605015056111,2.5894826909807356,6.789944172335453,2.7630813932740423,0.006744534813261021,True
33.0,75.0,6.918770045238369,2.6949786349987077,6.87150845436312,2.6949786349987077,0.006830923786486485,False
33.0,78.0,13.743718337548165,1.8772380373791466,13.674349830609652,1.8772380373791466,0.005047288167205585,False
33.0,81.0,21.21522225036926,1.6383028554136323,21.120083110109515,1.6383028554136323,0.004484475304428502,False
33.0,84.0,15.266807172278021,1.9927244130956014,15.185706613439603,1.9927244130956014,0.005312214788805578,False
33.0,87.0,15.759413695476336,1.614861701718727,15.68933375265506,1.6374018585025465,0.004446862311977566,True
33.0,90.0,14.548197041118732,1.8154620526340473,14.47685706694447,1.8154620526340473,0.004903698648886005,False
33.0,93.0,14.011866807299302,1.683193905564198,13.947527634600451,1.683193905564198,0.004591763080800517,False
33.0,96.0,13.57832219663447,1.8035150353877245,13.512117331471218,1.8035150353877245,0.0048757765653595735,False
33.0,99.0,12.417005252671546,1.731803650530162,12.358556887315931,1.731803650530162,0.0047071225441447885,False
33.0,102.0,9.957527291141952,2.0370035526557655,9.903631179681794,2.0370035526557655,0.0054125999240899345,False
33.0,105.0,7.741398264427077,1.890890088247238,7.701762637691731,1.9958837579484532,0.005119957064795099,True
33.0,108.0,8.574419007173612,2.015727800111945,8.528421988205457,2.015727800111945,0.005364447308869841,False
33.0,111.0,7.79083794568829,2.0800139883909474,7.747914434597114,2.0800139883909474,0.005509485807612241,False
33.0,114.0,7.361544142122242,2.239610687630958,7.318378066069249,2.239610687630958,0.005863725764544455,False
33.0,117.0,6.9876890312562026,2.1878281543293765,6.947511989586412,2.1878281543293765,0.005749689416640714,False
33.0,120.0,6.8291744048985725,2.124991004534625,6.790861703203643,2.124991004534625,0.005610151304299308,False
36.0,-120.0,8.65097514640144,2.886398408973883,8.5885209586631,2.886398408973883,0.00721932344983311,False
36.0,-117.0,16.685547804134533,2.5834758878546156,16.575425831796316,2.5834758878546156,0.0065998415893141526,False
36.0,-114.0,14.03169006335798,2.563105432208079,13.93968102212057,2.563105432208079,0.006557231582365069,False
36.0,-111.0,11.246060973491822,2.5020128018751704,11.173641408820716,2.514365858298744,0.006439549353485371,True
36.0,-108.0,9.575363000855917,2.6756572622782064,9.510335366580911,2.6756572622782064,0.006791140374437377,False
36.0,-105.0,9.47809433131265,2.31367971834044,9.420985357727552,2.31367971834044,0.0060253645499631844,False
36.0,-102.0,7.151839406018539,2.725215139507983,7.102542018647023,2.725215139507983,0.006892966210906508,False
36.0,-99.0,6.696086876740528,3.3047011472584265,6.639783724416734,3.6286271855861383,0.008408366462413802,True
36.0,-96.0,6.3715211948261015,2.8364574105881544,6.32604364306011,3.2720919077795223,0.007137628578073392,True
36.0,-93.0,6.594397232806021,2.7499661550378387,6.548608652549962,2.7499661550378387,0.006943558090232816,False
36.0,-90.0,6.491585083932684,2.6864846566400464,6.447261727717393,2.725322493152407,0.006827817188285059,True
36.0,-87.0,6.954954879655987,2.584964958619457,6.909031649520745,2.584964958619457,0.006602951554663887,False
36.0,-84.0,6.579443957569265,2.6625979183055524,6.534939351271583,2.6625979183055524,0.00676418958572969,False
36.0,-81.0,6.864480426872188,2.5289261634958278,6.819961109873507,2.5289261634958278,0.006485460549119249,False
36.0,-78.0,6.104601888636346,2.5798653507681304,6.064358532796035,2.5798653507681304,0.006592298166932549,False
36.0,3.0,7.592311108496484,2.491214616068128,7.543675767315428,2.491214616068128,0.00640586778993138,False
36.0,6.0,7.035153877195542,2.5130496788063583,6.989763035773533,2.5130496788063583,0.006452004066200063,False
36.0,9.0,6.91945610765561,2.682023345698315,6.872374327321139,2.682023345698315,0.0068042602773909396,False
36.0,39.0,7.164464174376886,2.896798132946532,7.112592516249435,2.896798132946532,0.007240130854860873,False
36.0,42.0,8.526102898232926,2.7870730914617856,8.466257505289416,2.7870730914617856,0.007019079368126452,False
36.0,45.0,7.876312725831551,2.7919255631305213,7.820950702961796,2.7919255631305213,0.0070289264528802416,False
36.0,48.0,8.370779404694884,2.3855379320405468,8.318621632224039,2.410626937046406,0.00623093381741636,True
36.0,51.0,10.578082853320542,2.3744932812661017,10.51295577878791,2.3744932812661017,0.006156793762698429,False
36.0,54.0,9.009167450385295,2.7335256019041076,8.94691435039094,2.7335256019041076,0.006909972573735642,False
36.0,57.0,9.463606102289033,2.4425697719472397,9.403961086787845,2.4425697719472397,0.00630256742054816,False
36.0,60.0,8.537079648430186,2.4412611301732445,8.483297937274592,2.4412611301732445,0.006299778539079614,False
36.0,63.0,10.167691527393002,2.3435643732430536,10.10576932833843,2.3435643732430536,0.006090094185857736,False
36.0,66.0,9.919124604143596,2.6353705322283196,9.852588695858538,2.6353705322283196,0.006707840756155363,False
36.0,69.0,9.021077641081396,2.484457913734119,8.963418861911666,2.484457913734119,0.006391562234998989,False
36.0,72.0,10.215659048630444,2.366184612935406,10.152946090225626,2.366184612935406,0.006138904803525684,False
36.0,75.0,15.9299998197592,1.7009087755413372,15.85618177198293,1.7009087755413372,0.004633901356653322,False
36.0,78.0,15.627875391993529,1.8297034016069775,15.55072185325723,1.8297034016069775,0.004936917962362718,False
36.0,81.0,15.062271015893705,1.8801784452869903,14.986144944465275,1.8801784452869903,0.005054089874501763,False
36.0,84.0,17.068192446564183,1.3664703427869211,17.003010446500507,1.3664703427869211,0.0038189164006523996,False
36.0,87.0,16.158411578665614,1.5064226833724441,16.091111303514687,1.5064226833724441,0.00416503038205721,False
36.0,90.0,15.448583505413067,1.5227440017933178,15.383623554750367,1.5227440017933178,0.004204913067915843,False
36.0,93.0,14.944665654703522,1.8057626126611048,14.871720243726907,1.8057626126611048,0.0048810333173065785,False
36.0,96.0,12.744686015089814,1.8790073775416314,12.680307746042223,1.8790073775416314,0.005051381334257,False
36.0,99.0,13.37135975420878,1.7577521141420605,13.307600315395268,1.7577521141420605,0.004768358640073519,False
36.0,102.0,9.20817024264402,2.8178834013749428,9.142962678997344,2.8178834013749428,0.007081489799644661,False
36.0,105.0,8.353167567024084,2.25778245851276,8.30353692113621,2.2966202950251207,0.005941536008902906,True
36.0,108.0,8.742286249832189,2.2376224363294726,8.690968879180103,2.253371240614806,0.005870017199799541,True
36.0,111.0,8.621545263959987,2.295152571860865,8.569677842415373,2.3339904083732255,0.006016023805086492,True
36.0,114.0,8.450815567049249,2.3886551778873257,8.398472727210448,2.4044039821726595,0.006193821107975859,True
36.0,117.0,7.635006093752707,2.345579670226331,7.58831086367947,2.3613284745116645,0.006115938808672947,True
36.0,120.0,6.977520864024405,2.1878281543293765,6.937402286158134,2.1878281543293765,0.00574968941664072,False
36.0,129.0,6.949661254353616,1.9958837579484532,6.912693233069196,1.9958837579484532,0.005319399022687864,False
36.0,138.0,7.534770432040136,1.9958837579484532,7.494689981567764,1.9958837579484532,0.005319399022687897,False
39.0,-123.0,10.325448407562314,2.573979433666465,10.257507033555383,2.573979433666465,0.006579992589684675,False
39.0,-120.0,12.973119155082463,1.8523201308307033,12.908389401855263,1.8523201308307033,0.004989528921565516,False
39.0,-117.0,14.770438283870392,2.21053949287748,14.684772546507876,2.21053949287748,0.0057998101150502175,False
39.0,-114.0,11.733372342261243,2.3018667526704615,11.662975616096155,2.3018667526704615,0.005999701033225795,False
39.0,-111.0,12.204348123509547,2.2234017611805608,12.133219691574112,2.2234017611805608,0.00582812217544158,False
39.0,-108.0,13.681844344030205,2.05391405001236,13.607267816914366,2.05391405001236,0.005450765645377288,False
39.0,-105.0,12.116602927394101,2.098949883895616,12.049332178865948,2.098949883895616,0.005551947928908623,False
39.0,-102.0,7.923369768388197,2.5166131579402293,7.8696518525893,2.806144430900376,0.006779680536078839,True
39.0,-99.0,7.374115812351799,3.0338954620780973,7.318723943657321,3.0338954620780973,0.007511662428964809,False
39.0,-96.0,7.306148374041798,2.836574840373843,7.248380488158994,3.2833798022086906,0.00790674962036751,True
39.0,-93.0,6.921924946512101,2.6324536689253764,6.875535649998511,2.6324536689253764,0.006701791318463415,False
39.0,-90.0,7.324387357627138,2.5990180820912916,7.272243471197931,2.995814742770299,0.007119214738814733,True
39.0,-87.0,7.232782094022721,2.663252590941967,7.183848404282388,2.663252590941967,0.006765541821144137,False
39.0,-84.0,7.34055063126289,2.5603277221427625,7.29245966136358,2.5603277221427625,0.006551411782992725,False
39.0,-81.0,7.72792118832969,3.0153602700042144,7.6701530436049445,3.0153602700042144,0.007475250240903573,False
39.0,-78.0,8.037671410430574,2.9626195407764953,7.978424658005336,2.9626195407764953,0.007371133926718292,False
39.0,-9.0,6.471766074422361,2.5083733452935535,6.430074081969664,2.5083733452935535,0.006442135264664721,False
39.0,-6.0,7.199853948698434,2.3873403160305617,7.154383074198308,2.6173243357735028,0.006315527345988126,True
39.0,-3.0,8.266281930165267,2.4328340826033465,8.214354742822538,2.4328340826033465,0.0062818069576403585,False
39.0,21.0,6.159947489538786,2.8160532285130424,6.1163486747990214,2.8160532285130424,0.007077789999639942,False
39.0,27.0,6.8680328501857755,2.6616621188396525,6.818328868511343,2.921319502126633,0.007237004067778739,True
39.0,30.0,8.010344932611334,2.694683265786459,7.955631742079618,2.694683265786459,0.006830316421078257,False
39.0,33.0,8.43958265281471,2.8770794417941143,8.378812147015013,2.8770794417941143,0.007200652958760852,False
39.0,36.0,8.379209210703136,2.4653847794743817,8.325991968175988,2.4653847794743817,0.006351105598267186,False
39.0,39.0,9.045171630395489,2.75011764604706,8.982363159749692,2.75011764604706,0.006943867204767491,False
39.0,42.0,7.886301455813517,2.3773504633958664,7.837698649242437,2.3773504633958664,0.0061629404916105,False
39.0,45.0,8.787959803437793,2.8949696912141745,8.724365954316943,2.8949696912141745,0.007236474738536409,False
39.0,48.0,8.842787393966795,2.5145376350957767,8.784270226404098,2.911334295774784,0.006617502485994526,True
39.0,54.0,8.280605384371121,3.5965099516629677,8.209602530502021,3.5965099516629677,0.00857459697368398,False
39.0,57.0,10.11352387941305,3.4129222824471537,10.030223678794444,3.4129222824471537,0.008236515937651604,False
39.0,60.0,9.723761573334011,2.6430137346444527,9.6570857489692,3.0955350383599605,0.00685699910080681,True
39.0,63.0,10.093977090124291,2.3669619678184843,10.031994222446093,2.3669619678184843,0.0061405793895491145,False
39.0,66.0,9.177330825841421,2.4299943006584503,9.119736229090515,2.4299943006584503,0.0062757459487819914,False
39.0,69.0,11.355678914250836,1.7653614372917907,11.301327559523632,1.7653614372917907,0.004786270828686092,False
39.0,72.0,20.411207021968636,1.5761976459462161,20.322727715614466,1.5761976459462161,0.004334839495721125,False
39.0,75.0,13.22087458176459,1.8741433118113529,13.154239704282771,1.8741433118113529,0.005040126284363068,False
39.0,78.0,13.315206013858248,2.6457383346232874,13.22560369156748,2.6457383346232874,0.006729323015919616,False
39.0,81.0,14.813741351197768,2.6741733880756313,14.713184481443513,2.6741733880756313,0.006788080564544542,False
39.0,84.0,15.637208691360916,2.5054666366640643,15.536567651758906,2.5054666366640643,0.006435997727497953,False
39.0,87.0,17.902420463687932,2.36171613584473,17.792691602924126,2.36171613584473,0.006129275143904271,False
39.0,90.0,13.998961015947328,1.9969838718512951,13.92401643773634,2.0189299234448606,0.0053535814640539,True
39.0,93.0,15.851894180701501,1.9004881174541226,15.770731824403656,1.9271963176308957,0.005120041515079915,True
39.0,96.0,14.338613763696936,1.9245715247281983,14.264677857206475,1.9245715247281983,0.005156419421635719,False
39.0,99.0,12.277189998533485,1.8596807670956028,12.215722859180902,1.8596807670956028,0.005006613024635561,False
39.0,102.0,12.071230891508318,2.678029868586175,11.989194426565303,2.678029868586175,0.006796031463595319,False
39.0,105.0,11.587840070859535,2.5063020638002342,11.513240314414947,2.5063020638002342,0.006437761997784843,False
39.0,108.0,10.559418966023813,2.384068299897419,10.494189392534182,2.384068299897419,0.006177382837021169,False
39.0,111.0,10.271984626986244,2.509210287538566,10.205792964650861,2.509210287538566,0.0064439020052158335,False
39.0,114.0,9.384062579545434,2.208613573309323,9.329676622798276,2.208613573309323,0.005795566289775565,False
39.0,117.0,8.92197895655086,2.480487203818652,8.865028636569939,2.480487203818652,0.006383148879667035,False
39.0,126.0,7.893004729026324,1.9958837579484532,7.851018687384671,1.9958837579484532,0.005319399022687864,False
39.0,141.0,8.156550644588485,1.9958837579484532,8.113162697061156,1.9958837579484532,0.005319399022687939,False
42.0,-123.0,10.83103629298311,2.602619165651703,10.759120669579776,2.602619165651703,0.0066397730981591725,False
42.0,-120.0,12.003639951779434,2.1741072957860563,11.934987182823246,2.1741072957860563,0.005719329239462119,False
42.0,-117.0,11.708179114920439,2.1961670131013076,11.640645034793971,2.1961670131013076,0.005768111289005196,False
42.0,-114.0,10.858385864483305,2.42770325761782,10.79029450841151,2.42770325761782,0.006270854335220771,False
42.0,-111.0,11.782902757353888,2.171341181890941,11.715516783344068,2.1747408027116295,0.005718962075602597,True
42.0,-108.0,10.35380502399738,2.2618121770259934,10.292589632680706,2.2618121770259934,0.005912356971644038,False
42.0,-105.0,10.638853378499407,2.4621847128666,10.571357225791306,2.4621847128666,0.006344307070206172,False
42.0,-102.0,8.135732216162276,2.8193470464028576,8.078095044613335,2.8193470464028576,0.007084447965782486,False
42.0,-99.0,7.926248281935178,2.6217938468158315,7.868020510624446,3.0185905074948387,0.0073461957334138815,True
42.0,-96.0,7.948534503719912,2.6526347445261695,7.891774220512683,3.0882692417175375,0.007140974626286898,True
42.0,-93.0,7.998803455346682,2.5606712656763837,7.945311770662755,2.9963057628677516,0.0066874608161763115,True
42.0,-90.0,8.0265482962548,2.7991825699784965,7.9700121744501695,2.7991825699784965,0.007043640643265124,False
42.0,-87.0,8.538379753075963,2.7681320640439804,8.478776920781405,2.7681320640439804,0.006980578753607971,False
42.0,-84.0,8.472567450597266,2.5393251398985166,8.417433628445742,2.5393251398985166,0.006507333517614757,False
42.0,-81.0,8.71522595906893,2.663095799998073,8.65626555572049,2.663095799998073,0.006765217978896646,False
42.0,-78.0,9.34300281549258,2.4102873628323227,9.28476211217138,2.4102873628323227,0.006233617228994644,False
42.0,-75.0,9.093932911555168,2.3174388269118102,9.038712580983432,2.3720254677095043,0.0060722166205526,True
42.0,-72.0,8.539785784173533,2.326960833030743,8.488084507288763,2.326960833030743,0.0060541655483427595,False
42.0,-9.0,7.325500666993555,2.2905838051117557,7.281729715112853,2.2905838051117557,0.00597514816672135,False
42.0,-6.0,8.16398615649741,2.26581270758459,8.115646350752451,2.26581270758459,0.005921103345635548,False
42.0,-3.0,9.060058630158323,2.287465184323056,9.005984986857968,2.287465184323056,0.005968354677127623,False
42.0,0.0,7.704843476809278,2.563203928947753,7.654319444111694,2.563203928947753,0.006557437908979626,False
42.0,3.0,7.547157847067596,2.5317430946861004,7.497701554329025,2.609909872385443,0.006552969176043838,True
42.0,9.0,9.581880415741585,2.9508835606063086,9.511474071570452,2.9508835606063086,0.0073478629576158834,False
42.0,12.0,7.666988306111821,2.7148360148199897,7.611661052913468,3.06066329741467,0.007216295498226907,True
42.0,15.0,7.5411788917092055,2.908876763472089,7.486397808492997,2.908876763472089,0.007264259872741491,False
42.0,21.0,8.744584405639003,2.4986520758210102,8.688430192933332,2.4986520758210102,0.006421598797703833,False
42.0,24.0,8.23617803870561,2.3707159547414016,8.185536550270452,2.3707159547414016,0.0061486636395145945,False
42.0,27.0,8.297794524764514,2.7616557167316786,8.2399805439332,2.7616557167316786,0.006967391233751357,False
42.0,42.0,7.532496428007499,2.036532391034241,7.491734058514469,2.036532391034241,0.005411535190573254,False
42.0,45.0,8.515708250989645,2.0780839290943933,8.468827989453617,2.0780839290943933,0.005505151204608267,False
42.0,48.0,10.020433971612063,2.3326549133569916,9.959645041891106,2.3326549133569916,0.006066496709940115,False
42.0,54.0,10.50012316579283,3.3883592982480115,10.414120292972623,3.3883592982480115,0.008190653715414204,False
42.0,57.0,9.850997370935627,3.441231017548288,9.769340621994223,3.441231017548288,0.00828918594398611,False
42.0,60.0,9.4342804383044,3.1945363238225135,9.360472163590142,3.1945363238225135,0.007823413263674774,False
42.0,63.0,12.4929548263621,2.3043934970187614,12.417932208700762,2.3043934970187614,0.006005194023677109,False
42.0,66.0,11.90828040004906,2.4243637046678943,11.83369025191733,2.4243637046678943,0.0062637211776960175,False
42.0,69.0,10.03988206508793,2.5369280866103536,9.97459979547277,2.5369280866103536,0.006502294468395084,False
42.0,72.0,12.177854123276832,1.8012754716178054,12.118541436628009,1.8012754716178054,0.004870536799702069,False
42.0,75.0,10.68768576688007,2.5859877441540253,10.617092669440582,2.5859877441540253,0.006605087291979353,False
42.0,78.0,13.969444429475686,1.5743632675412416,13.908951171347088,1.5743632675412416,0.004330398279902755,False
42.0,81.0,18.094876289077458,1.4389731373722534,18.02251215160531,1.4389731373722534,0.003999150716262726,False
42.0,84.0,13.107338835399737,2.7521833160193805,13.016267976748658,2.7521833160193805,0.0069480815133213065,False
42.0,87.0,10.444246864453415,2.6926601525491214,10.372952809891567,2.6926601525491214,0.0068261556325803505,False
42.0,90.0,14.101350881771278,2.4364034822790357,14.012661539225041,2.4364034822790357,0.006289421722062479,False
42.0,93.0,16.838751397630116,2.439412943634678,16.732737331009186,2.439412943634678,0.006295838932324263,False
42.0,96.0,13.692117564242933,2.131223380136594,13.61511243463539,2.131223380136594,0.005624048234046844,False
42.0,99.0,16.412069760746387,2.2860895403089603,16.31416590463287,2.2860895403089603,0.00596535705372641,False
42.0,102.0,15.528118543931395,2.401998657595388,15.431597894369647,2.401998657595388,0.006215862487697838,False
42.0,105.0,15.178745727112622,2.465252296015168,15.082348181435455,2.465252296015168,0.006350824199194508,False
42.0,108.0,12.756557986019192,2.4771899015624155,12.675220146995821,2.4771899015624155,0.0063761587657513155,False
42.0,111.0,12.093416375595153,2.3132109647349726,12.020561438689795,2.3132109647349726,0.006024347020117609,False
42.0,114.0,11.550272170931033,2.1628678798582563,11.484500132485106,2.1628678798582563,0.00569441459669298,False
42.0,117.0,10.73815308586219,2.0485236929141504,10.679590956372625,2.064272497199484,0.005453650085010301,True
42.0,120.0,10.509230452507492,2.3712971366778093,10.444599580273898,2.3712971366778093,0.0061499148320771895,False
42.0,123.0,9.462606714993905,2.2317142135605175,9.407284613761782,2.2317142135605175,0.005846391263885374,False
42.0,126.0,9.582358195669029,2.1330406022123536,9.528427745711344,2.1330406022123536,0.0056280978916087515,False
42.0,129.0,10.760679366427215,2.087703656858272,10.701207852597394,2.087703656858272,0.005526743415045875,False
42.0,141.0,9.16456802538772,1.9679646023090187,9.114096888196968,2.122492245661081,0.005507203072849239,True
45.0,-123.0,9.742912043713876,2.2573917886871047,9.685402685586586,2.2573917886871047,0.005902686780837174,False
45.0,-120.0,11.93348501807288,2.230122940896736,11.861044955065458,2.4017742123985553,0.006070319181505959,True
45.0,-117.0,13.01935790782208,2.350656045535761,12.93986933961114,2.350656045535761,0.006105413859402556,False
45.0,-114.0,13.61451130574314,2.2608005287499275,13.534047577981601,2.2608005287499275,0.0059101444006730754,False
45.0,-111.0,14.009404014873626,1.9070237670276666,13.937444406960022,1.9460609563303215,0.005136521713358031,True
45.0,-108.0,13.766245876570174,2.3240092612223395,13.68299079299525,2.3240092612223395,0.006047769618630912,False
45.0,-105.0,10.144765886909966,2.3693456944092595,10.082419064537733,2.3693456944092595,0.006145713273943554,False
45.0,-102.0,9.032354224269813,2.975117123457966,8.965552072261909,2.975117123457966,0.007395873805348288,False
45.0,-99.0,8.701909797497224,2.8509382480634367,8.639707235985576,2.8509382480634367,0.007148150573744058,False
45.0,-96.0,8.952601596431103,2.7313166779591564,8.890779816107472,2.7313166779591564,0.006905454203197925,False
45.0,-93.0,9.190213051588703,2.7176097601726448,9.12700841457664,2.7176097601726448,0.006877385394361149,False
45.0,-90.0,9.246156150154713,2.5813588631378956,9.185173876217272,2.5813588631378956,0.006595418998674431,False
45.0,-87.0,9.029070548175802,2.4456596241655797,8.972104785720038,2.4456596241655797,0.006309150222253316,False
45.0,-84.0,9.380796294422984,2.6184007126007005,9.318193607524183,2.6226508212612125,0.006673493905418155,True
45.0,-81.0,9.669371743522023,2.3688578325671643,9.609178208653454,2.7656544932461715,0.006225175374904319,True
45.0,-78.0,9.765951997913014,2.3150896946399153,9.707078690781051,2.3150896946399153,0.006028424791002858,False
45.0,-75.0,9.024841323917151,2.285385348300921,8.971018773613734,2.285385348300921,0.005963822340098067,False
45.0,-72.0,9.942895915410036,2.37576870877659,9.881652270851287,2.37576870877659,0.006159537933393234,False
45.0,-69.0,9.509072134028978,2.210135949199224,9.453929776015828,2.210135949199224,0.00579892099207224,False
45.0,-63.0,9.939399810087146,2.0277004462644657,9.8858109091022,2.0277004462644657,0.0053915630731102455,False
45.0,0.0,8.475321263317,2.2035769586147103,8.426296086619113,2.2035769586147103,0.005784462343637438,False
45.0,3.0,9.35827513760849,1.9958837579484532,9.308494737987452,1.9958837579484532,0.005319399022687853,False
45.0,6.0,12.382514730244381,1.9787504955216295,12.317130118409128,1.9787504955216295,0.005280398469912593,False
45.0,9.0,8.522515390281317,2.3666677994938983,8.470187608462705,2.3666677994938983,0.006139945711131696,False
45.0,12.0,7.895050489820724,2.4330377419821763,7.845451875689695,2.4330377419821763,0.006282241537907559,False
45.0,15.0,9.3984226674442,2.2943819897726585,9.341984142763307,2.3332198262850192,0.006005106035121567,True
45.0,18.0,8.085203399240847,2.4988356798203912,8.033280328691422,2.4988356798203912,0.006421986929147601,False
45.0,21.0,8.679410432929057,2.6920711413874163,8.620173942469783,2.6920711413874163,0.0068249440347393315,False
45.0,24.0,9.448659473975075,2.489489877559882,9.388167101772293,2.489489877559882,0.006402217411834937,False
45.0,27.0,9.508538404785876,2.6452258936862405,9.444562467489341,2.6452258936862405,0.006728261965512397,False
45.0,39.0,9.299425332177307,2.892096377141248,9.23218372216694,2.892096377141248,0.007230727449114671,False
45.0,42.0,10.432393564603592,2.7529847829458745,10.359891388877195,2.7529847829458745,0.00694971631173809,False
45.0,45.0,10.054471681505927,2.822763082791591,9.983171906137256,2.822763082791591,0.007091349762297141,False
45.0,54.0,10.802795468587902,3.1900644974323153,10.71837349445784,3.1900644974323153,0.007814826669221201,False
45.0,57.0,11.990070712387697,2.8524595575417226,11.904327184338424,2.8524595575417226,0.0071512112068434774,False
45.0,60.0,9.386778910484592,3.110361824468774,9.314867655993416,3.110361824468774,0.007660908515790771,False
45.0,63.0,11.906354397081639,2.5676855120857387,11.82393369025071,2.931836859369048,0.0069224133670278565,True
45.0,66.0,11.755885635930097,2.8973465357113293,11.670758596506378,2.8973465357113293,0.007241227250760364,False
45.0,69.0,11.779536767858094,2.456885599751191,11.704936463104863,2.456885599751191,0.006333042310864628,False
45.0,72.0,11.69975914968692,2.4411494032330805,11.626056044128072,2.4411494032330805,0.006299540410694788,False
45.0,75.0,11.38238328320152,2.7994795132296106,11.302203016214904,2.7994795132296106,0.007044242404395998,False
45.0,78.0,10.361378388426134,2.6964948819766263,10.290568301234604,2.6964948819766263,0.006834041238241674,False
45.0,81.0,11.020504589893525,2.684756767465972,10.945456165762957,2.684756767465972,0.006809890011696176,False
45.0,84.0,12.154874393682542,3.1528374201251106,12.060757467105237,3.1528374201251106,0.007743142670912516,False
45.0,87.0,12.481904605276526,2.911655068454359,12.391163601544145,2.911655068454359,0.007269804296855603,False
45.0,90.0,13.466768836848386,2.836280912051483,13.37090390224814,2.836280912051483,0.0071186292541041245,False
45.0,93.0,15.274148481247341,2.6051478381443554,15.172651158640633,2.6051478381443554,0.006645039671528656,False
45.0,96.0,17.54409891437692,2.1823605441422944,17.44343791918372,2.1823605441422944,0.005737598475958948,False
45.0,99.0,15.187545502569005,2.103548493286073,15.103068696308302,2.103548493286073,0.005562242183663822,False
45.0,102.0,13.251201275347496,2.3463881855823474,13.170419353138515,2.3463881855823474,0.006096196150855219,False
45.0,105.0,13.307158012669568,2.354438433332062,13.225803659835229,2.354438433332062,0.0061135783280609115,False
45.0,108.0,12.811392177645578,2.4272474380481066,12.731066274240609,2.4272474380481066,0.006269880922475262,False
45.0,111.0,12.723078374100758,2.265470061059333,12.647753240888031,2.265470061059333,0.005920354414074826,False
45.0,114.0,12.701737525434128,2.2018012239034865,12.628314553171077,2.2018012239034865,0.0057805455447357615,False
45.0,117.0,12.410590240081898,2.4174864324733885,12.333036202692183,2.4174864324733885,0.006249020867616983,False
45.0,120.0,12.30609510533017,2.238590163571816,12.233963093722872,2.238590163571816,0.005861486603988245,False
45.0,123.0,10.477470645413524,2.347314388185708,10.413422581102525,2.3630631924710417,0.006112931878175738,True
45.0,126.0,10.106000463029508,2.1564454963817465,10.048596766809034,2.1564454963817465,0.0056801596665735695,False
45.0,129.0,11.643547547420532,1.930624436990292,11.58316575633559,1.9463732412756252,0.005185858591552528,True
45.0,132.0,9.765159312761867,2.0433860267941326,9.712163638707418,2.0433860267941326,0.005427015817877131,False
45.0,135.0,10.62291408523517,1.9268367004712832,10.568082609725828,1.9268367004712832,0.005161622796662988,False
48.0,-120.0,14.633270873349671,2.2698452074465587,14.546496828194488,2.2698452074465587,0.005929914501426814,False
48.0,-117.0,12.343943292734467,2.33709361751366,12.268940231514348,2.33709361751366,0.006076102218021811,False
48.0,-114.0,13.804052765689493,2.3465345440744936,13.719896187534546,2.3465345440744936,0.006096512349193614,False
48.0,-111.0,12.068387968761341,2.332077492325095,11.995190218452704,2.332077492325095,0.006065246700562422,False
48.0,-108.0,10.890913943045991,2.4390939188343643,10.822353910382846,2.4390939188343643,0.006295158792152738,False
48.0,-105.0,10.847542518489442,2.902071738192081,10.768890559959724,2.902071738192081,0.007250670683766176,False
48.0,-102.0,9.994462326861992,2.4390997156397822,9.931545475956499,2.4390997156397822,0.0062951711505672804,False
48.0,-99.0,9.861228045654235,2.4083183435118167,9.799101849140817,2.4471561800241775,0.006300046629668668,True
48.0,-96.0,10.008997978475909,2.492663112281862,9.944850982889411,2.492663112281862,0.006408932814697753,False
48.0,-93.0,10.886774148341948,2.3559251444848712,10.820182077886237,2.3559251444848712,0.006116786253515927,False
48.0,-90.0,10.95137111728517,2.3274452819556544,10.885058209868697,2.3274452819556544,0.006055215069079993,False
48.0,-87.0,10.624671990162403,2.2204170239061347,10.562819857013116,2.2204170239061347,0.005821556957857833,False
48.0,-84.0,11.257015422822958,2.2861966284400657,11.189860679377318,2.2861966284400657,0.005965590427235911,False
48.0,-81.0,11.610461658616188,2.328264011185899,11.53986532957219,2.3440128154712325,0.006080406715921374,True
48.0,-78.0,11.586133048951906,2.406556099193152,11.514002102558576,2.406556099193152,0.006225627315737977,False
48.0,-75.0,12.084638480734602,2.1438574946471576,12.016333916488868,2.1438574946471576,0.005652181019285399,False
48.0,-72.0,11.992281158954885,2.3108470856758077,11.920097044283219,2.3108470856758077,0.00601921466940963,False
48.0,-69.0,10.87864302227911,2.5917189626719814,10.806658505335173,2.5917189626719814,0.006617049276873509,False
48.0,-66.0,10.179100693779752,2.20613561594866,10.120162639207477,2.20613561594866,0.005790104287728577,False
48.0,-57.0,11.728395000241912,1.7637893728702074,11.672303107935312,1.7637893728702074,0.004782571895425038,False
48.0,-54.0,11.911974091433322,1.6353651609157458,11.858639074029389,1.6353651609157458,0.004477428929457611,False
48.0,-3.0,9.517182884374261,2.0589289594619284,9.465199405919618,2.0589289594619284,0.005462065727452997,False
48.0,0.0,10.520329261148012,1.947737562263607,10.465523055306365,1.947737562263607,0.005209552332553738,False
48.0,3.0,10.434846975003921,1.9571213236387495,10.380262051531789,1.9571213236387495,0.005231022898839608,False
48.0,6.0,10.757846244521529,1.8874563807855937,10.70329414952408,1.8874563807855937,0.005070912314370548,False
48.0,9.0,10.57212556374464,1.8796745335147325,10.518157658337625,1.9973621833829276,0.005104735569173456,True
48.0,12.0,9.945207844558295,1.985959536105919,9.892529864202126,1.985959536105919,0.005296820456597346,False
48.0,15.0,10.528584778157393,2.3078537623005553,10.464949290138774,2.336184744333926,0.006044068539072523,True
48.0,18.0,9.184251002222025,2.423426074360926,9.126741814024736,2.423426074360926,0.0062617178236281604,False
48.0,21.0,9.72898634176776,2.468412167765088,9.667133976209875,2.468412167765088,0.006357534421889818,False
48.0,24.0,11.181461944974087,2.240434010708626,11.115672121183438,2.2601268896733333,0.005883830228498904,True
48.0,27.0,10.464163064846797,2.444682711111427,10.398164863617417,2.444682711111427,0.006307069263006227,False
48.0,30.0,10.915200690411579,2.6008833606916597,10.84276570737561,2.6008833606916597,0.006636156777181273,False
48.0,33.0,11.168749540381382,2.6540602287034623,11.093399085952743,2.6540602287034623,0.006746543483333046,False
48.0,36.0,11.24478622627783,2.729776110752698,11.166819542218136,2.7455249150380316,0.006933585262607717,True
48.0,39.0,11.220461472593577,2.7744380649733293,11.141992207882954,2.7744380649733293,0.006993407971881337,False
48.0,42.0,11.480971930702033,2.7097230892132482,11.402198562157466,2.7097230892132482,0.0068612107946988505,False
48.0,45.0,11.962035512122592,2.7065362374850723,11.880039707529718,2.7065362374850723,0.006854669885386721,False
48.0,48.0,11.622558070914755,3.068025934090297,11.534476859141451,3.068025934090297,0.007578470353589827,False
48.0,51.0,11.830890813150887,2.8910743082571018,11.745369059463911,2.8910743082571018,0.007228682525910248,False
48.0,54.0,11.928815476969454,2.9671966836611543,11.840778437182674,2.9671966836611543,0.00738019964821738,False
48.0,57.0,11.74187729180132,2.7063547999016535,11.661394972776396,2.7063547999016535,0.006854297402777318,False
48.0,60.0,11.536737900539213,2.8487811155708993,11.454321640885933,2.8487811155708993,0.007143809659525024,False
48.0,63.0,11.680000741519352,2.938493343555506,11.594116746811453,2.957463493362163,0.0073530812718704645,True
48.0,66.0,12.17811875943226,2.5140394744804677,12.093903062424284,2.9566929813814764,0.006915328933112091,True
48.0,69.0,12.150828059541825,2.7401423802035887,12.066701814796144,2.7401423802035887,0.006923498903403391,False
48.0,72.0,12.044228427447768,2.46913574236482,11.96763832901461,2.46913574236482,0.006359070561848172,False
48.0,75.0,12.217854649168908,2.4670168244817443,12.13861653276965,2.9184001259584456,0.006485436164903826,True
48.0,78.0,11.721407546040096,2.574847266828791,11.644259496825034,2.574847266828791,0.006581807595379183,False
48.0,81.0,11.965223449483942,2.5559219460252733,11.886742962964082,2.571670750310607,0.006559048968136461,True
48.0,84.0,11.58193344131282,2.6735129145750935,11.494209865091392,3.0703095752541008,0.0075741737479269105,True
48.0,87.0,11.733323098169683,2.5587055549644346,11.652126965254027,3.010088856441136,0.006920131000937124,True
48.0,90.0,14.948957755768989,1.7669975125722364,14.877350462489005,1.7669975125722364,0.004790119448451145,False
48.0,93.0,13.938920578112608,2.4564673533942365,13.850657202473071,2.4564673533942365,0.006332152848200535,False
48.0,96.0,15.293740311870796,1.9917117676053953,15.212531906408524,1.9917117676053953,0.0053099113628364055,False
48.0,99.0,16.056099314546344,1.9952800351846016,15.970712553902592,1.9952800351846016,0.005318026437865536,False
48.0,102.0,13.810951010768825,2.6799798258102303,13.7170358526495,2.6799798258102303,0.0068000500505791504,False
48.0,105.0,12.65882159444721,2.550661494219788,12.576145039701215,2.550661494219788,0.006531141475464058,False
48.0,108.0,12.907401423668578,2.2171636857580217,12.83235265862517,2.2171636857580217,0.0058143976916832036,False
48.0,111.0,12.989296489488137,2.2850703218702626,12.911839551584306,2.2850703218702626,0.005963135722285996,False
48.0,114.0,12.205267734432164,2.3092865903886355,12.131776084183398,2.3263785394918908,0.006021305869550006,True
48.0,117.0,12.656724559269913,2.4992977319480536,12.575430877573188,2.4992977319480536,0.006422963644032543,False
48.0,120.0,12.444243332971196,2.2372398848171775,12.371338442073482,2.2372398848171775,0.005858523410945494,False
48.0,123.0,11.453200710573272,2.3068714822530483,11.384192512590644,2.3226202865383816,0.00602523257266603,True
48.0,126.0,11.217430790385261,2.239839367440602,11.151649224577104,2.239839367440602,0.005864227472171265,False
48.0,129.0,10.90549025708151,2.0793223344788005,10.845423551723911,2.0793223344788005,0.0055079326047349835,False
48.0,132.0,10.985403568963354,2.0993678315710413,10.924402899284175,2.0993678315710413,0.005552883814985413,False
48.0,135.0,11.583831718375917,2.019825442322109,11.521583298897937,2.019825442322109,0.005373733060989871,False
48.0,138.0,11.772063130718136,1.910890215859254,11.71173184039587,1.910890215859254,0.00512495470439981,False
51.0,-126.0,14.829103503275634,1.8386305473558355,14.751866208231903,2.030574943736759,0.005208493893556733,True
51.0,-123.0,13.545566943311139,1.9356055765817943,13.475377208634473,1.9356055765817943,0.005181749495640368,False
51.0,-120.0,16.05684979191953,2.075861554109874,15.968534571608,2.075861554109874,0.0055001585900101395,False
51.0,-117.0,15.316179191999785,1.77536033796042,15.242511785488217,1.77536033796042,0.004809777006921357,False
51.0,-114.0,12.483744840126146,2.2011427566611337,12.411600119152633,2.2011427566611337,0.005779092884181741,False
51.0,-111.0,12.549246984986492,2.76964285235644,12.46160739364069,2.76964285235644,0.0069836533977417955,False
51.0,-108.0,12.654533276943866,2.4099201133461112,12.574685616663416,2.856077065304036,0.0063098068125459535,True
51.0,-105.0,11.883856950146876,2.369782039282391,11.805833863641908,2.766578699961398,0.006565468335093361,True
51.0,-102.0,11.404104244062587,2.4250588918685563,11.332655177722621,2.4250588918685563,0.0062652063512278885,False
51.0,-99.0,11.294153369071998,2.3052745827269785,11.226308158935078,2.3052745827269785,0.006007108981068688,False
51.0,-96.0,11.27353047431705,2.224025509256775,11.207772526264794,2.2628633457691354,0.005832950751502747,True
51.0,-93.0,12.0704091090409,2.266026737932003,11.998933322830576,2.266026737932003,0.005921571138528227,False
51.0,-90.0,12.18439224551643,2.1862331497833813,12.114378738517885,2.1862331497833813,0.005746163254413223,False
51.0,-87.0,12.836074245377356,2.211145511886526,12.761610314209147,2.211145511886526,0.005801145252414348,False
51.0,-84.0,12.515482080396309,2.285461218864138,12.44019866036205,2.324299055376499,0.006015223349021392,True
51.0,-81.0,12.858373899240934,2.1838863245796243,12.784554315225758,2.1838863245796243,0.0057409735160628556,False
51.0,-78.0,13.41525000370772,2.299780819126342,13.334823368669577,2.299780819126342,0.005995164832255497,False
51.0,-75.0,13.35450782169792,2.048023732485426,13.281892920600432,2.048023732485426,0.005437482389242819,False
51.0,-72.0,13.749172491035775,1.9674994786100164,13.676924246029287,1.9674994786100164,0.005254734061529353,False
51.0,-69.0,13.508524225875789,1.9687766814927812,13.437501138873579,1.9687766814927812,0.005257649600699115,False
51.0,-66.0,13.40792738033248,1.9558847982829495,13.337828116575759,1.9558847982829495,0.005228195362957142,False
51.0,-63.0,13.487196304134725,1.955288135663318,13.416701011051654,1.955288135663318,0.005226830802593144,False
51.0,-60.0,12.731137865556956,1.9262020736319128,12.664834988433489,1.9958837579484532,0.0052079301806042385,True
51.0,-57.0,12.43201955318574,1.9958837579484532,12.365888680524487,1.9958837579484532,0.00531939902268788,False
51.0,-3.0,14.507783589825644,1.6353651609157458,14.442826019878249,1.6353651609157458,0.004477428929457606,False
51.0,0.0,12.647992612476667,1.5838270316383845,12.592932134900435,1.5838270316383845,0.004353297733738186,False
-30.0,144.0,7.091960939408848,2.746427376656429,7.042768719544795,2.746427376656429,0.00693633542039126,False
-30.0,147.0,6.505696567998122,2.9243570644123356,6.4582366948750565,2.9243570644123356,0.0072951255299122065,False
-30.0,150.0,6.128921006494312,3.004668450015783,6.083234777843336,3.004668450015783,0.007454204190683067,False
-30.0,153.0,5.317978954438736,2.238771926931597,5.286805571034591,2.238771926931597,0.0058618854401680945,False
-27.0,-69.0,19.695638754029332,1.6928894962113263,19.60474653510203,1.6928894962113263,0.0046148398669581935,False
-27.0,-66.0,8.626655053006694,2.8653231814205853,8.564740988885516,2.8653231814205853,0.007177065008481853,False
-27.0,-63.0,6.1370181025145545,3.220929316831426,6.088651832457648,3.24087567461236,0.007881070130311156,True
-27.0,-60.0,5.494683516520647,2.851951666008075,5.455395488236844,2.851951666008075,0.0071501894814645995,False
-27.0,-57.0,5.321628596303011,2.7614460903935987,5.284553000487018,2.7614460903935987,0.006966964181181213,False
-27.0,-54.0,5.326092209316154,2.426796047907357,5.292392807645419,2.616409898230693,0.0063272283592441265,True
-27.0,-51.0,5.161580113999876,2.318732136614555,5.1304231257713955,2.318732136614555,0.006036327547057291,False
-27.0,18.0,7.953270520002293,2.9655112291854886,7.894600340810441,2.9655112291854886,0.007376862014726853,False
-27.0,21.0,8.650442248953942,2.9999407642483504,8.586040673065709,2.9999407642483504,0.007444888253663683,False
-27.0,24.0,7.208639990079691,2.635155275315054,7.160033979721366,2.729535077739535,0.006742743489092996,True
-27.0,27.0,6.373010909562366,2.757833855602545,6.32865728150967,2.757833855602545,0.00695960334637824,False
-27.0,30.0,5.315844202169471,2.6903810423010066,5.2782597176071215,3.1260155394923745,0.0070702757893112145,True
-27.0,114.0,5.440712411010172,3.7024115185766644,5.393019541380098,3.7024115185766644,0.008765923656166776,False
-27.0,117.0,6.844830725303844,2.8251722633472345,6.796258332589895,2.8251722633472345,0.007096215328508711,False
-27.0,120.0,7.051206825325217,2.9470855194542107,6.999448683560705,2.9470855194542107,0.007340323868903741,False
-27.0,123.0,6.911902886192098,2.9877510969807317,6.860610757031687,2.9877510969807317,0.007420840542027395,False
-27.0,126.0,7.207462591877615,2.7775088399956647,7.157012867564308,2.7775088399956647,0.006999651218469104,False
-27.0,129.0,7.291307467538484,3.086216521376676,7.23579181626263,3.086216521376676,0.007613950107441594,False
-27.0,132.0,7.418897847898948,2.8347942410066747,7.36610770394136,2.8347942410066747,0.007115631599178614,False
-27.0,135.0,7.730043941076262,2.8458369238737644,7.674738691988735,2.85671781766614,0.007154584050116812,True
-27.0,138.0,7.318524947600278,2.9623640820835226,7.264582824285059,2.9623640820835226,0.007370627783800475,False
-27.0,141.0,7.385827862166523,2.9900930128682552,7.330851905141862,3.0065711499897705,0.007443438711355871,True
-27.0,144.0,6.587820513651672,3.273764413625528,6.5305558098206475,3.7771084310379894,0.008692511235295079,True
-27.0,147.0,5.816264252071525,3.014004785973122,5.772801730171153,3.014004785973122,0.007472583778306162,False
-27.0,150.0,5.398454229664423,3.0774597838724023,5.357442812293589,3.0774597838724023,0.00759688155647906,False
-27.0,153.0,4.914874924199089,2.2035769586147103,4.886445015276371,2.2035769586147103,0.0057844623436374455,False
-24.0,-69.0,18.129470232876177,2.078875625829181,18.029632520671022,2.078875625829181,0.00550692937646394,False
-24.0,-66.0,7.14110587534693,3.1005632077349756,7.086534468784863,3.1005632077349756,0.007641870533030801,False
-24.0,-63.0,5.978805606629681,3.3045372507755935,5.930714462183722,3.310257632474821,0.008043603958729315,True
-24.0,-60.0,5.72742165806344,3.0469276646163115,5.682902087937069,3.5907599581668994,0.007773056147122262,True
-24.0,-57.0,5.268995395902401,3.039781636319572,5.229339581508614,3.0555304406049055,0.007526257173165578,True
-24.0,-54.0,5.188461750983069,2.9522393885830707,5.150323686269143,2.9522393885830707,0.007350553313166408,False
51.0,3.0,11.475197317548082,1.799544944759743,11.415088252382805,1.976045436013525,0.005238172686874551,True
51.0,6.0,11.383407012814255,1.938820435857527,11.324063976370772,1.9545692401428603,0.005213117336196521,True
51.0,9.0,12.096084567361617,1.9856480163486643,12.032022358597677,1.9856480163486643,0.005296111184341073,False
51.0,12.0,10.769656514746453,2.009960641239857,10.712024111474618,2.009960641239857,0.005351368745411859,False
51.0,15.0,11.643477526488176,2.175797501541893,11.576841061242868,2.175797501541893,0.005723072432073169,False
51.0,18.0,11.173228060825453,2.0847255079539604,11.111551149391438,2.0847255079539604,0.005520061981931676,False
51.0,21.0,11.2376114866259,2.119568130877618,11.174702785607087,2.119568130877618,0.005598049113344222,False
51.0,24.0,11.008886855106777,2.304077787433046,10.942783908124023,2.304077787433046,0.00600450779926861,False
51.0,27.0,11.351017122568512,2.202267118871023,11.285390385241312,2.202267118871023,0.005781573282690116,False
51.0,30.0,11.128317385853531,2.4329487940906946,11.058408720287924,2.4329487940906946,0.0062820517371724735,False
51.0,33.0,11.388925876258009,2.5326333922434303,11.314974597258836,2.5326333922434303,0.0064932619460924025,False
51.0,36.0,12.062267936984977,2.515740555752705,11.984373672395582,2.515740555752705,0.00645767984895754,False
51.0,39.0,12.140267045123617,2.6654197125885,12.058077228964253,2.6654197125885,0.006770017154801954,False
51.0,42.0,12.088592212050083,2.653443056052207,12.007051429185235,2.653443056052207,0.006745267061251854,False
51.0,45.0,12.346136987865808,2.6188730715137694,12.263743893531663,2.6188730715137694,0.00667359307734267,False
51.0,48.0,12.165547839845916,2.6034003244166692,12.084751567365554,2.6034003244166692,0.006641400251267648,False
51.0,51.0,11.361618342755564,2.5107534460965835,11.28836818302713,2.5107534460965835,0.006447158980229324,False
51.0,54.0,11.680343635040114,2.5230820147332627,11.604734972553628,2.5230820147332627,0.0064731539455454,False
51.0,57.0,11.976985977403814,2.4717822099444833,11.90075620288346,2.4717822099444833,0.006364687632111364,False
51.0,60.0,11.943383036493948,2.3045568670944157,11.8716564631095,2.3045568670944157,0.00600554911161111,False
51.0,63.0,11.841775495252698,2.5059571032028103,11.76554958934482,2.5059571032028103,0.006437033529172727,False
51.0,66.0,11.910021203655,2.432357156951368,11.835216870911594,2.432357156951368,0.0062807892164331485,False
51.0,69.0,11.8389475625968,2.364760086989944,11.766305726779553,2.364760086989944,0.006135835591226643,False
51.0,72.0,11.843596255550422,2.2998130519070803,11.772591113487243,2.2998130519070803,0.005995234938028427,False
51.0,75.0,11.89924293280586,2.410286326184083,11.825067633451498,2.410286326184083,0.006233615010066142,False
51.0,78.0,11.66511773695295,2.698702664329474,11.585344903967643,2.698702664329474,0.006838579325487808,False
51.0,81.0,11.8695601460759,2.7341664289832,11.787526255284641,2.7341664289832,0.006911283129424061,False
51.0,84.0,13.128051295777635,2.124247662399371,13.05442271252362,2.124247662399371,0.005608492958714765,False
51.0,87.0,13.897212798403134,2.176492568327896,13.81765665438991,2.176492568327896,0.0057246114862948855,False
51.0,90.0,13.549684549993522,2.6384959911998367,13.458676958595756,2.8025481087288875,0.006716583774476818,True
51.0,93.0,16.540048684709284,2.274009906891987,16.441817184478264,2.274009906891987,0.0059390091349508034,False
51.0,96.0,14.880157817094997,2.5775967868661707,14.782133936238756,2.5775967868661707,0.006587556534086389,False
51.0,99.0,15.630900093236226,2.13026636870996,15.543024499750267,2.13026636870996,0.005621915114407568,False
51.0,102.0,14.2855673522825,2.1864608996167276,14.203472956614219,2.1864608996167276,0.0057466668032029565,False
51.0,105.0,13.492192736207333,2.066761620565422,13.418259588857106,2.066761620565422,0.005479698429731235,False
51.0,108.0,13.693491556711153,2.3200106909973885,13.61079518422164,2.3200106909973885,0.006039100557153666,False
51.0,111.0,12.987212631207466,2.0967132233097105,12.915173361037775,2.0967132233097105,0.005546938532182445,False
51.0,114.0,13.789913204991324,2.289150723817014,13.707559474116266,2.289150723817014,0.005972026774269282,False
51.0,117.0,14.033983942455206,2.30646836758216,13.949643864623104,2.30646836758216,0.006009703173235038,False
51.0,120.0,13.113928282237355,2.249512557651601,13.036747115222473,2.249512557651601,0.005885434581750939,False
51.0,123.0,13.045414585493369,2.145197574018999,12.971640652923371,2.145197574018999,0.005655161979446377,False
51.0,126.0,12.398290018780074,2.235746979517475,12.325485084354913,2.2514957838028082,0.005872175462493699,True
51.0,129.0,12.642389002639518,2.238658033315564,12.567970441884544,2.2544068376008974,0.005886431808057576,True
51.0,132.0,13.77260200845072,2.030008227865805,13.698274246491913,2.030008227865805,0.005396784275999604,False
51.0,135.0,14.367623512424903,1.8902012309700595,14.29467546543235,1.8902012309700595,0.005077252123809337,False
51.0,138.0,13.80228244115312,1.8544132754749023,13.733348473092397,1.8544132754749023,0.004994389033453475,False
54.0,-132.0,13.997115532565154,1.5903975005701654,13.935959658226857,1.5903975005701654,0.004369176934777329,False
54.0,-129.0,16.13933842426047,1.6540516596989654,16.06635315370667,1.6540516596989654,0.00452219717036769,False
54.0,-126.0,14.32508940193933,2.0381119348605248,14.247517547841676,2.0381119348605248,0.005415104361383748,False
54.0,-123.0,14.642068687277613,2.123249007590426,14.55998137379683,2.123249007590426,0.005606264745370804,False
54.0,-120.0,15.972219308472804,1.91572786529787,15.890184588120436,1.91572786529787,0.005136087776408822,False
54.0,-117.0,14.265869084174827,2.031613454605124,14.188770921618937,2.047362258890457,0.005404378948171844,True
54.0,-114.0,13.470885599317796,2.2138044357398607,13.39266014220287,2.2138044357398607,0.0058070018142599746,False
54.0,-111.0,13.58782482586442,2.1984290927662644,13.509380889947586,2.1984290927662644,0.005773104740614248,False
54.0,-108.0,13.359063694887615,2.0866898864665084,13.285261956785066,2.0866898864665084,0.005524469363133026,False
54.0,-105.0,13.658588313626243,2.0633177577250827,13.583849226159275,2.0633177577250827,0.0054719481802087775,False
54.0,-102.0,13.18575262639149,2.0044825175810734,13.115354745392924,2.0044825175810734,0.005338935364043149,False
54.0,-99.0,13.346169400745138,1.997915882291209,13.274919069825376,2.013664686576542,0.005338635287799046,True
54.0,-96.0,14.1101131402223,2.036853677751055,14.033745521725267,2.036853677751055,0.0054122612439824426,False
54.0,-93.0,14.169521777952323,2.0387152670768063,14.092773024524563,2.0387152670768063,0.0054164674454419545,False
54.0,-90.0,14.232079805298778,2.0356953292317748,14.15508932853814,2.0356953292317748,0.005409643412199946,False
54.0,-87.0,14.89862119464693,1.9628693371919093,14.820490441608715,1.9628693371919093,0.005244159980809973,False
54.0,-84.0,15.334006295079421,1.9846425188439987,15.252830800845194,1.9846425188439987,0.005293821632268114,False
54.0,-78.0,15.15827615224163,1.9414288879579942,15.07782984885558,1.9958837579484532,0.005307087862636177,True
54.0,-75.0,15.107674668369501,1.870515287568572,15.027939011375112,1.9958837579484532,0.005277824598733862,True
54.0,-72.0,15.898165410398505,1.816759804303751,15.814362674543936,1.9958837579484532,0.0052712205271028285,True
54.0,-69.0,15.729589224494307,1.8519261598954144,15.648463447263534,1.9958837579484532,0.005157526752475027,True
54.0,-66.0,15.918724592333835,2.023746164151612,15.833040263901855,2.023746164151612,0.005382612654360704,False
54.0,-63.0,15.233615297816916,1.9734508919489273,15.153359814049855,1.9734508919489273,0.005268314986171565,False
54.0,-60.0,15.46314597290173,1.8833082585533256,15.384881943221517,1.8833082585533256,0.005061326447888808,False
54.0,-9.0,17.33615342837916,1.1919443963809238,17.27761489623565,1.1919443963809238,0.0033766736309382905,False
54.0,9.0,12.427378166624843,1.992845259121886,12.36135784874149,1.992845259121886,0.005312489649720209,False
54.0,12.0,11.86276065502751,1.9958837579484532,11.799657897592777,1.9958837579484532,0.005319399022687788,False
54.0,15.0,12.078832984736984,1.9688911990999947,12.015323556047152,1.9688911990999947,0.005257910989421202,False
54.0,18.0,12.452152131460036,2.0127088579942405,12.38543845081348,2.0127088579942405,0.00535760244030473,False
54.0,21.0,12.229735986477468,2.1025409348892747,12.161738809745481,2.1025409348892747,0.005559987297123377,False
54.0,24.0,12.308182695177166,2.1127371307972242,12.239468686357794,2.1127371307972242,0.005582790775952385,False
54.0,27.0,12.074410529722824,2.058606845867656,12.008468066595459,2.058606845867656,0.00546134015942551,False
54.0,30.0,12.2991716712762,2.1079536573106403,12.23063949476043,2.1079536573106403,0.005572096914121628,False
54.0,33.0,12.206074628315735,2.1352525690137103,12.135868955578799,2.199785341725961,0.005751699450867883,True
54.0,36.0,12.560889598245561,2.2755109678163565,12.486249203274554,2.2755109678163565,0.005942285726437152,False
54.0,39.0,12.260162594470831,2.3730804777627204,12.184716576823108,2.3730804777627204,0.0061537534324176,False
54.0,42.0,11.999323654588446,2.2620999602216134,11.928017262653801,2.2778487645069467,0.005942534261702126,True
54.0,45.0,12.549022841609268,2.381203428311151,12.47157999197206,2.381203428311151,0.00617122549019737,False
54.0,48.0,12.07319141850218,2.310854837472908,12.000520084380193,2.310854837472908,0.006019231502502128,False
54.0,51.0,12.79061907673577,2.2652545161890583,12.714900104809614,2.2652545161890583,0.005919883273193341,False
54.0,54.0,13.150455759642307,2.149063518226905,13.075974755670726,2.149063518226905,0.005663758377117019,False
54.0,57.0,14.149004777201288,1.920071577264763,14.07591877174667,1.935820381550096,0.005165452030405964,True
54.0,60.0,13.151013998406764,2.0245311506431594,13.080203811912911,2.0245311506431594,0.005384389865483503,False
54.0,63.0,12.77391795231151,2.2194387656326824,12.699581355846432,2.2194387656326824,0.005819404566601841,False
54.0,66.0,12.511379126450544,2.137459042563904,12.440817262174416,2.153207846849238,0.005639815048602554,True
54.0,69.0,12.901607295933825,2.108212140943989,12.829710831915229,2.108212140943989,0.0055726749675023895,False
54.0,72.0,12.289229979886299,2.124232608587686,12.220306332817344,2.124232608587686,0.005608459373106499,False
54.0,75.0,12.939415888409263,2.250887006258197,12.863222843653967,2.250887006258197,0.00588844546093829,False
54.0,78.0,12.926012888246616,2.176626729383905,12.852012646739738,2.176626729383905,0.005724908534956312,False
54.0,81.0,13.30505348161421,2.189684747202139,13.22823589626547,2.2054335514874728,0.005773564567394774,True
54.0,84.0,13.136101837852038,2.1993607047314763,13.055397158146237,2.3913051011124,0.006143731275990035,True
54.0,87.0,12.693564616276376,2.0930508965173917,12.623258356559106,2.0930508965173917,0.005538732565879867,False
54.0,90.0,14.067601802372291,2.2225269283250397,13.985641166209847,2.2225269283250397,0.0058261981902716815,False
54.0,93.0,13.170150375492035,2.296252660822425,13.091294242677327,2.296252660822425,0.005987489175632328,False
54.0,96.0,16.569075949214685,1.9449504194022529,16.482864239297932,1.9449504194022529,0.005203169457427681,False
54.0,99.0,15.894962897275423,1.8680318322315095,15.815075238444862,1.8680318322315095,0.005025973281400656,False
54.0,102.0,13.296839369402766,2.1545998778472355,13.221365701743329,2.1545998778472355,0.005676060721099586,False
54.0,105.0,15.047268129324133,2.1041183265572876,14.963552392665092,2.1041183265572876,0.00556351730689877,False
54.0,108.0,15.731861511689198,2.240437785886206,15.639585644285074,2.240437785886206,0.005865540281775361,False
54.0,111.0,17.435352607051307,2.1283875438928463,17.337405565324183,2.1283875438928463,0.005617726462699247,False
54.0,114.0,15.022865455076362,2.432390686818214,14.928508928784352,2.432390686818214,0.0062808607701486385,False
54.0,117.0,14.074193341933336,2.3654612384622373,13.987815143004125,2.3654612384622373,0.006137346335285257,False
54.0,120.0,15.100651846784134,2.2567412121649943,15.011538928221407,2.2567412121649943,0.005901263035986363,False
54.0,123.0,14.27698040714876,2.2358907301624056,14.19338066168699,2.2358907301624056,0.005855562106109517,False
54.0,126.0,15.170863215246664,2.2314223601827186,15.08217813854713,2.2314223601827186,0.005845750201636882,False
54.0,129.0,14.521206625563442,2.0248785396137614,14.44300736794648,2.0248785396137614,0.005385176289641005,False
54.0,132.0,15.428100754686275,1.8962124751520884,15.349554329145434,1.8962124751520884,0.0050911273389877615,False
54.0,135.0,18.637033351847418,1.7760858083295539,18.54736161758178,1.7760858083295539,0.0048114811286071495,False
54.0,156.0,15.453916045731809,1.5210244445706607,15.38899853566608,1.5210244445706607,0.0042007158492140895,False
54.0,159.0,15.45811802945353,1.7044564947658731,15.38614451483201,1.7202052990512062,0.004656033450151159,True
57.0,-132.0,19.08678303894359,1.7800039466241404,18.994176127983824,1.8345905874218347,0.004851886814599211,True
57.0,-129.0,20.043009393957217,1.6540516596989654,19.95237095359021,1.6540516596989654,0.004522197170367638,False
57.0,-126.0,19.866768369932156,1.7599869102665235,19.771931938840364,1.7599869102665235,0.0047736214227636995,False
57.0,-123.0,16.162386587275087,1.9859299346406345,16.076778416646,1.9859299346406345,0.005296753060992073,False
57.0,-120.0,15.632135197387562,2.1228691640058557,15.54451055869969,2.1228691640058557,0.005605417147525445,False
57.0,-117.0,15.376763032087569,2.1106642908201954,15.290989023233319,2.1106642908201954,0.005578157683464332,False
57.0,-114.0,15.705048392385695,1.9773575261848846,15.621901667937255,1.9931063304702177,0.005294267319083985,True
57.0,-111.0,16.038505599701548,1.995994413922309,15.953186353932542,1.995994413922309,0.005319650589553241,False
57.0,-108.0,15.772390187102053,1.9384805781471648,15.690214469222893,1.954229382432498,0.005210099224298901,True
57.0,-105.0,16.47953684725307,1.885841478577469,16.395444055764038,1.9015902828628022,0.005102861340611524,True
57.0,-102.0,15.914525164216544,1.9138520354320183,15.83284879957413,1.9296008397173514,0.00513218985798341,True
57.0,-99.0,16.571089180687036,1.8881587558028063,16.486790770843502,1.9039075600881394,0.005087077193560717,True
57.0,-96.0,17.076259998795614,1.782771478356779,16.992711215316216,1.9747158747377025,0.004892686307498831,True
57.0,-93.0,17.110224919264155,1.8404612630219954,17.025324582555676,1.8404612630219954,0.004961964971769074,False
57.0,-90.0,17.225807893360333,1.7906064784436013,17.14233936033786,1.7906064784436013,0.004845551136945229,False
57.0,-75.0,17.392223162446964,1.6527865857489084,17.313624743132635,1.6527865857489084,0.004519170354485624,False
57.0,-72.0,18.620692909403104,1.6225057863394068,18.537895114953475,1.6225057863394068,0.00444654744334555,False
57.0,-69.0,19.88845602363459,1.6680675494744257,19.794663139416627,1.765506072108252,0.004715945979240529,True
57.0,-66.0,19.980398597550057,1.53798346388724,19.895640496737432,1.53798346388724,0.004242062559403475,False
57.0,-63.0,19.78281459711035,1.5218815500859717,19.699671224243062,1.5218815500859717,0.004202808071579039,False
57.0,-6.0,20.292734360551957,1.4082974101839378,20.213123130555747,1.4082974101839378,0.003923139611533602,False
57.0,-3.0,20.9717418308051,1.1151801333225462,20.905087215761323,1.1151801333225462,0.003178306102637093,False
57.0,9.0,15.904534543748046,1.7406122549460672,15.829338909284495,1.7406122549460672,0.004727936819321115,False
57.0,15.0,15.105310970145082,1.9248361957953461,15.027412466196186,1.9248361957953461,0.005157027492042953,False
57.0,24.0,14.173334989223541,1.9167666908561183,14.098688348866698,1.9958837579484532,0.005266695552853226,True
57.0,27.0,14.371152438673338,2.01397589254031,14.29411622716313,2.01397589254031,0.005360475566517591,False
57.0,30.0,13.164175242970602,1.9958837579484532,13.094149742048652,1.9958837579484532,0.0053193990226879225,False
57.0,33.0,13.506647788930117,1.9958837579484532,13.434800539881891,1.9958837579484532,0.005319399022687977,False
57.0,36.0,13.111746024816007,1.9595993717170928,13.043083903793631,1.9595993717170928,0.005236687844046263,False
57.0,39.0,13.32172496541844,1.994715519662028,13.250896779038413,1.994715519662028,0.005316742881562853,False
57.0,42.0,13.485540513884326,1.9769305253989171,13.414387432501686,1.9769305253989171,0.005276249869953883,False
57.0,45.0,14.034627883263127,2.106054140432926,13.956143355518355,2.1218029447182594,0.0055922058210298485,True
57.0,48.0,14.051765028917583,2.1061206061492896,13.973524843508782,2.1061206061492896,0.005567996991679507,False
57.0,51.0,14.700883956261913,2.026476079306464,14.62166394592424,2.026476079306464,0.005388792304827974,False
57.0,54.0,14.660508231003538,1.9741397525055824,14.582920059520527,1.989888556790916,0.005292324813060065,True
57.0,57.0,14.951005915745872,1.8995384831728312,14.874773739521144,1.8995384831728312,0.005098799147985299,False
57.0,60.0,15.647373636968474,1.859532103345401,15.56903868854439,1.859532103345401,0.005006268159853355,False
57.0,63.0,14.625679018937335,2.0252542150146167,14.54649070556376,2.04100301929995,0.005414334149617355,True
57.0,66.0,14.75979319888527,2.0172913539713,14.680562759310222,2.0172913539713,0.005367991170840473,False
57.0,69.0,14.881341669788275,2.0165417567103145,14.801484040894422,2.0165417567103145,0.005366292278335226,False
57.0,72.0,15.078395094405277,1.9295255718434967,14.999964082691834,1.9452743761288298,0.005201549052295627,True
57.0,75.0,15.283738462496997,1.9288030832033864,15.204567671958564,1.9445518874887195,0.0051800670845487526,True
57.0,78.0,15.416137260751748,1.9835739666279775,15.334564495034014,1.9835739666279775,0.005291388130372439,False
57.0,81.0,15.014995194818226,2.011399333456749,14.934595415051094,2.011399333456749,0.00535463240074023,False
57.0,84.0,14.720285843996034,2.0349003265227408,14.640680798117193,2.0349003265227408,0.005407846472717078,False
57.0,87.0,15.151236496170947,1.9141988749003294,15.073471715574215,1.9141988749003294,0.005132569913774707,False
57.0,90.0,15.548084944942083,1.9958837579484532,15.465378477081291,1.9958837579484532,0.005319399022687801,False
57.0,93.0,15.770429085343359,2.0175091033640515,15.685765778956284,2.0175091033640515,0.0053684846448318075,False
57.0,96.0,15.552807654957492,2.0123329133556447,15.469495154958246,2.0123329133556447,0.005356749845272514,False
57.0,99.0,16.142171608359007,1.902079545810616,16.0594477979449,1.940917382322977,0.005124701460320732,True
57.0,102.0,15.718250965679228,2.123150729626781,15.630133736396868,2.123150729626781,0.005606045448362191,False
57.0,105.0,16.189653974795842,2.1105423365418288,16.09934994585113,2.1105423365418288,0.00557788505457233,False
57.0,108.0,16.613687818592762,2.18908007047138,16.51811830173143,2.18908007047138,0.005752456522890583,False
57.0,111.0,16.774690212951345,2.063263493859915,16.682902026384923,2.063263493859915,0.005471826030835107,False
57.0,114.0,18.248062881807783,1.9104663860659952,18.154560191756065,1.9104663860659952,0.005123978948194797,False
57.0,117.0,18.56766425459114,2.0303258194440974,18.46744523725615,2.0303258194440974,0.005397502667047031,False
57.0,120.0,20.733470916949685,1.9313575014169264,20.626237355737583,1.9313575014169264,0.005172002393696551,False
57.0,123.0,18.27169628078699,2.0304512915472963,18.173069565715558,2.0304512915472963,0.0053977864756399405,False
57.0,126.0,19.806110948913553,2.039924691372739,19.698777682665014,2.039924691372739,0.005419199484713889,False
57.0,129.0,19.37675797503198,1.981064272623893,19.274338805590908,1.981064272623893,0.005285671089717024,False
57.0,132.0,19.996963270037366,1.70909148882846,19.903910848672812,1.70909148882846,0.00465332761319715,False
57.0,135.0,17.241336040640626,1.8064060666581403,17.157154563348023,1.8064060666581403,0.004882537936397356,False
57.0,138.0,21.64459843689611,1.6362813621565606,21.547638712100262,1.6362813621565606,0.004479626872197704,False
57.0,159.0,18.579038363511366,1.6428251168763963,18.4955197092478,1.6428251168763963,0.0044953163145188355,False
57.0,162.0,17.236516190470077,1.7613549664064196,17.154180072109114,1.7613549664064196,0.004776842225605101,False
60.0,-162.0,21.70651363256047,1.246531037178618,21.630187290837533,1.246531037178618,0.0035162874616789723,False
60.0,-159.0,22.846455726148143,1.4463584590327083,22.754672437094115,1.4463584590327083,0.004017397278343736,False
60.0,-156.0,21.158740107635733,1.4463584590327083,21.073737042714136,1.4463584590327083,0.004017397278343695,False
60.0,-153.0,21.430814634427378,1.6383028554136323,21.334708675445505,1.6383028554136323,0.004484475304428437,False
60.0,-150.0,20.654532244555917,1.6383028554136323,20.561907504780688,1.6383028554136323,0.004484475304428272,False
60.0,-141.0,18.987503597413266,1.6383028554136323,18.902354606437918,1.6383028554136323,0.0044844753044285595,False
60.0,-138.0,23.130518772411506,1.4463584590327083,23.037594289248542,1.4463584590327083,0.004017397278343701,False
60.0,-135.0,18.318691468410783,1.7166524907070944,18.23312015925107,1.7166524907070944,0.004671256640097678,False
60.0,-132.0,20.262508164620737,1.7436857132298287,20.166561282527763,1.7436857132298287,0.004735192766535287,False
60.0,-129.0,19.67559536537082,1.9130800252131201,19.57465965583818,1.9130800252131201,0.005129995187352232,False
60.0,-126.0,18.85930197344322,1.9040856656346485,18.762944488712087,1.9040856656346485,0.005109281608981015,False
60.0,-123.0,16.724659687169915,2.1973753591354863,16.628145374451957,2.1973753591354863,0.005770778869240423,False
60.0,-120.0,17.479474433724267,2.0458256160297057,17.38451679601654,2.0458256160297057,0.005432522474732871,False
60.0,-117.0,16.967786013051825,2.045219885800706,16.875631330410506,2.045219885800706,0.005431155400618086,False
60.0,-114.0,17.07915235199728,1.9912138209395789,16.98848291388775,1.9912138209395789,0.0053087785764102105,False
60.0,-111.0,17.155484790080752,1.9401000675859046,17.06641256392297,1.9401000675859046,0.005192055325028377,False
60.0,-108.0,18.9824826301965,1.8821370985721826,18.88645748377926,1.8821370985721826,0.0050586189534812245,False
60.0,-105.0,19.372521801352274,1.7575899051396575,19.28015407108837,1.7575899051396575,0.004767976581007541,False
60.0,-102.0,20.60828978130221,1.8157038800471221,20.507221301554242,1.8157038800471221,0.0049042633241535615,False
60.0,-99.0,20.20703860255864,1.8017246268458285,20.108598239821344,1.8017246268458285,0.004871587800343572,False
60.0,-96.0,20.482256825917734,1.8089526205725177,20.382129492728513,1.8089526205725177,0.0048884912458729704,False
60.0,-75.0,21.458082398258806,1.4463584590327083,21.37187675643357,1.4463584590327083,0.004017397278343614,False
60.0,-72.0,22.301924172769812,1.4463584590327083,22.2123284832963,1.4463584590327083,0.004017397278343661,False
60.0,6.0,21.197982476491408,1.645104133444509,21.100979450064376,1.7246814912184623,0.0045760499394038355,True
60.0,9.0,18.32712351372687,1.495900261352592,18.251262691477912,1.495900261352592,0.0041392650730017735,False
60.0,12.0,17.67713691213399,1.6353651609157458,17.59798878793362,1.6353651609157458,0.0044774289294574636,False
60.0,15.0,17.12592421271896,1.6353651609157458,17.049244104205233,1.6353651609157458,0.004477428929457668,False
60.0,18.0,16.215889567053686,1.8385559660010977,16.13549877745271,1.8385559660010977,0.0049575318867679345,False
60.0,24.0,16.573531504253697,1.9958837579484532,16.485370276967483,1.9958837579484532,0.005319399022687899,False
60.0,30.0,16.599617907330977,1.9525081014312418,16.512960078276507,1.9525081014312418,0.005220471310740171,False
60.0,33.0,15.107455304373497,1.9958837579484532,15.023750275942906,2.1945496036074466,0.005540643791040001,True
60.0,36.0,15.518733987892258,1.9958837579484532,15.436183649483711,1.9958837579484532,0.005319399022687854,False
60.0,39.0,15.49370247956645,1.8303948252325,15.41219105334001,1.9958837579484532,0.005260939167635333,True
60.0,42.0,16.391762047211817,1.7943231865293527,16.310456275510237,1.9958837579484532,0.0049601605652523076,True
60.0,45.0,16.6829541688377,1.8078465280348663,16.601442827782165,1.8078465280348663,0.004885905711339234,False
60.0,48.0,17.002689934707064,1.79436887569864,16.92001376612441,1.960368087824299,0.004862534628352564,True
60.0,51.0,17.5359185603955,1.7884010125606198,17.451038029974143,1.7884010125606198,0.004840381194120012,False
60.0,54.0,17.898091471839,1.7255063027098947,17.813828667008853,1.7412551069952278,0.004707921230748325,True
60.0,57.0,17.963799227154873,1.805946257018142,17.87610961026862,1.805946257018142,0.004881462756146597,False
60.0,60.0,18.043656274365613,1.8115693552652066,17.95533968131204,1.8115693552652066,0.0048946062655296435,False
60.0,63.0,16.558096474509902,1.7999160296499883,16.47031946572903,1.9958837579484532,0.00530115336119698,True
60.0,66.0,17.04628279938262,1.9797334840465477,16.956233445878915,1.9797334840465477,0.005282638717396288,False
60.0,69.0,16.87821958700921,1.8107598796891218,16.795639271128287,1.8107598796891218,0.004892714865759997,False
60.0,72.0,18.04724232011987,1.754207082368106,17.96133732522985,1.754207082368106,0.004760006729352295,False
60.0,75.0,18.513531813878352,1.7902391685392793,18.42383948725482,1.7902391685392793,0.004844690225789058,False
60.0,78.0,18.8739851736231,1.8912768446393449,18.77811031590638,1.8912768446393449,0.005079735775712617,False
60.0,81.0,18.712911690688436,1.8891615894171165,18.617433311303138,1.9049103937024496,0.005102272749612151,True
60.0,84.0,18.883933846972877,1.7837317188953417,18.792735209580297,1.7837317188953417,0.0048294300399277885,False
60.0,87.0,18.412596761398234,1.9294938272353153,18.31744553757798,1.9294938272353153,0.0051677243059890295,False
60.0,90.0,18.5296537603546,1.9904577474364062,18.431315805449323,1.9904577474364062,0.005307058414425212,False
60.0,93.0,20.198128758439417,1.916634907087216,20.09434725236799,1.916634907087216,0.0051381742988476,False
60.0,96.0,20.048199140159205,1.929338315196472,19.944246463511032,1.9450871194818051,0.00518513787305427,True
60.0,99.0,18.97770049181242,1.938553274063812,18.878371650270594,2.013918273025549,0.005233976665649239,True
60.0,102.0,18.72214753408474,2.1109883459231793,18.617698880608433,2.1109883459231793,0.0055788820853031225,False
60.0,105.0,18.689483490533778,2.104804560695344,18.585475528834067,2.104804560695344,0.005565052760949289,False
60.0,108.0,18.552776440608035,2.2187788201588052,18.44483727106209,2.2187788201588052,0.005817952363705947,False
60.0,111.0,18.92034065563183,2.365315383032373,18.804225918089045,2.365315383032373,0.006137032078659803,False
60.0,114.0,18.78291758656102,2.2096141612470235,18.674018526696543,2.2096141612470235,0.005797771265439249,False
60.0,117.0,17.803605795821497,2.1328736369991472,17.7034119831427,2.1328736369991472,0.005627725856652685,False
60.0,120.0,18.449744754672043,2.2437246156427952,18.341394036487596,2.2437246156427952,0.0058727488984371455,False
60.0,123.0,19.68439406958225,2.0825825206041206,19.57582966756337,2.0825825206041206,0.005515252419511515,False
60.0,126.0,21.3390623815236,2.0346680344516113,21.223675213172154,2.0346680344516113,0.005407321384999301,False
60.0,129.0,20.37116049831072,2.2054718376098426,20.25323916688442,2.2054718376098426,0.005788640830554422,False
60.0,132.0,20.72241045092613,1.975253835713182,20.613153056836502,1.975253835713182,0.00527242689012296,False
60.0,135.0,21.204165542678854,1.9958837579484532,21.091372125214217,1.9958837579484532,0.005319399022687837,False
60.0,138.0,21.56829789306623,1.6796117183746204,21.469445456199175,1.6796117183746204,0.004583228466017914,False
60.0,141.0,21.901192117318637,1.598634210469668,21.805066456433952,1.598634210469668,0.004389060667098208,False
60.0,144.0,18.934795745334327,1.628036578392392,18.850349644975097,1.628036578392392,0.004459836878886755,False
60.0,147.0,19.86300423902455,1.6353651609157458,19.774069049218802,1.6353651609157458,0.004477428929457682,False
60.0,150.0,22.529057603943208,1.9031411536027059,22.41399934481843,1.9031411536027059,0.005107104839779954,False
60.0,153.0,20.752559547566115,1.7362405030909018,20.654657064332497,1.7362405030909018,0.004717610037895305,False
60.0,162.0,20.04853625376591,1.7019098408142275,19.955585641519626,1.7019098408142275,0.004636279231049806,False
60.0,165.0,20.094897258830965,1.6272756297325106,20.005314023484974,1.6272756297325106,0.004458009125009204,False
63.0,-162.0,26.5572145090576,1.246531068635703,26.452556383942664,1.4463584590327083,0.003940854756406888,True
63.0,-159.0,24.22462627637855,1.6383028554136323,24.115991538083122,1.6383028554136323,0.004484475304428473,False
63.0,-156.0,24.13013475523726,1.4372790650831275,24.03161917842918,1.6292234614640513,0.00408267826961461,True
63.0,-153.0,26.625243665001015,1.6383028554136323,26.50584341731093,1.6383028554136323,0.00448447530442834,False
63.0,-150.0,26.13295378034296,1.6383028554136323,26.015761194483243,1.6383028554136323,0.004484475304428354,False
63.0,-147.0,26.597200794491833,1.567772959561446,26.48244897349135,1.567772959561446,0.004314432255000552,False
63.0,-144.0,25.721002356731724,1.4463584590327083,25.61093782367331,1.6383028554136323,0.004279169665781191,True
63.0,-141.0,23.45472002405821,1.6383028554136323,23.34953791133804,1.6383028554136323,0.004484475304428427,False
63.0,-48.0,37.95261460227551,1.19194440147204,37.82446100883248,1.19194440147204,0.003376673643858709,False
63.0,-45.0,46.48579284351974,1.0,46.352093788339516,1.0,0.00287612724236586,False
63.0,9.0,18.636529647528985,1.6540516596989654,18.552251585891458,1.6540516596989654,0.004522197170367548,False
63.0,12.0,21.2514735437704,1.6383028554136323,21.156171835480645,1.6383028554136323,0.0044844753044284615,False
63.0,15.0,19.286174408047653,1.6540516596989654,19.198958524712364,1.6540516596989654,0.004522197170367638,False
63.0,18.0,18.483485372568587,1.6553922990231882,18.399840131115752,1.6553922990231882,0.004525404152237082,False
63.0,24.0,19.71418279661937,1.4463584590327083,19.63498309230746,1.4463584590327083,0.004017397278343631,False
63.0,27.0,19.016695936079902,1.6540516596989654,18.93069703934604,1.9958837579484532,0.004522283840627579,True
63.0,30.0,18.863017345638692,1.7737747349002668,18.7703488934327,1.9958837579484532,0.004912705666753646,True
66.0,-165.0,34.99577369670384,1.1919443963809238,34.87760439046931,1.1919443963809238,0.003376673630898026,False
66.0,-162.0,30.88152062439826,1.1919443963809238,30.77724380802741,1.1919443963809238,0.003376673630781762,False
66.0,-159.0,29.678787817140762,1.2179743326687846,29.576591945435297,1.2179743326687846,0.003443397767291652,False
66.0,-156.0,27.788429193204273,1.4651621902608702,27.675503644142257,1.4651621902608702,0.0040637615129980875,False
66.0,-153.0,28.871621711405822,1.4463584590327083,28.755632936921053,1.4463584590327083,0.004017397278343658,False
66.0,-150.0,29.661558435260304,1.5645363245980035,29.53381840808714,1.5645363245980035,0.004306585153034739,False
66.0,-147.0,29.798217909699673,1.533073215371372,29.672168402829875,1.533073215371372,0.004230102191069861,False
66.0,-144.0,29.684893836483486,1.4018149214387716,29.56891404362941,1.4018149214387716,0.0039070307440862324,False
66.0,-141.0,29.081889127389413,1.570109011975318,28.95625264638093,1.570109011975318,0.0043200935282488185,False
66.0,-51.0,40.708307888711175,1.1493059374983068,40.566677377887764,1.3354276852552092,0.003479154948189012,True
66.0,-48.0,43.81189924066254,1.0000000222389833,43.68589064113709,1.0000000222389833,0.0028761273012446326,False
66.0,-45.0,54.4111756871467,1.0000000000442595,54.25468222245736,1.0000000000442595,0.0028761272424831703,False
66.0,-42.0,52.87533941182277,1.0000000014066328,52.72326320749417,1.0000000014066328,0.002876127246090026,False
66.0,-39.0,42.30925014069178,1.1524659480536688,42.170689227356704,1.1524659480536688,0.0032749555445751835,False
66.0,-18.0,28.9671234802907,1.4463584590327083,28.850751037259535,1.4463584590327083,0.004017397278343636,False
66.0,-15.0,32.65034468107287,1.0,32.55643813526786,1.0,0.002876127242217114,False
66.0,15.0,25.484869929883203,1.461206910244953,25.38155375475844,1.461206910244953,0.004054020107185906,False
66.0,18.0,25.89953931590266,1.246531037178618,25.808469090547188,1.246531037178618,0.0035162874615130638,False
66.0,21.0,24.27886618437799,1.4226011267461902,24.17499442576275,1.5605175248052365,0.004278278805378207,True
66.0,24.0,22.178828541510757,1.6383028554136323,22.0793681326352,1.6383028554136323,0.004484475304428455,False
66.0,27.0,25.108085275404655,1.5823440619436564,24.998872346384836,1.5823440619436564,0.004349711569874321,False
66.0,30.0,25.434291348672925,1.6383028554136323,25.320231897234166,1.6383028554136323,0.004484475304428351,False
69.0,-162.0,33.96563859383031,1.8490237411325086,33.79642613333376,1.8490237411325086,0.0049818719006004325,False
69.0,-159.0,33.642251563230296,1.7223156992924327,33.48464864336731,1.7223156992924327,0.00468467217679456,False
69.0,-156.0,32.4283660617672,1.7269091335361961,32.276097204886014,1.7269091335361961,0.004695545146837037,False
69.0,-153.0,32.18248447708184,1.7384045958625747,32.030495523225355,1.7384045958625747,0.004722722820381514,False
69.0,-150.0,31.060397267224666,1.7645483871624503,30.911362266075024,1.7824957150973209,0.004798232291346299,True
69.0,-147.0,36.538598345738926,1.9092381903205093,36.351478666103986,1.9092381903205093,0.005121151004873209,False
69.0,-144.0,27.887525526526026,1.876225406239991,27.74683449193516,1.876225406239991,0.005044945076143213,False
69.0,-141.0,31.0640639668412,2.1055478663092484,30.891139153037905,2.1055478663092484,0.005566715739057216,False
69.0,-51.0,24.37010371265092,1.7147167059341875,24.25637652091951,1.7147167059341875,0.0046666683520256245,False
69.0,-48.0,26.677953807157746,2.0298288708972154,26.533248209005393,2.045577675182549,0.005424164056897341,True
69.0,-45.0,32.221893260763785,2.0162377596435177,32.04900336577251,2.0162377596435177,0.005365603243487799,False
69.0,-42.0,36.53425031270548,1.9486017024168818,36.34385094275764,1.9486017024168818,0.00521153077778157,False
69.0,-39.0,38.67821957833933,1.87612318694581,38.48309923391598,1.87612318694581,0.005044708534945676,False
69.0,-36.0,36.12772485103668,1.9201516892457973,35.941776108938875,2.012334658538609,0.00514698179485474,True
69.0,-33.0,29.07327855468825,2.32628746517459,28.89730652887945,2.32628746517459,0.006052706628108292,False
69.0,-30.0,28.001677078915765,2.4592169380929447,27.82420246987909,2.4592169380929447,0.0063379992754186605,False
69.0,-27.0,28.970200110991247,2.7172752614027527,28.770980743405897,2.7172752614027527,0.006876699740495285,False
69.0,18.0,22.273307116459485,1.6640073464736114,22.172052729847806,1.6640073464736114,0.004545996967682175,False
69.0,21.0,23.479083663929245,1.4463584590327083,23.38475885711977,1.4463584590327083,0.004017397278343754,False
69.0,24.0,28.379051020524418,1.4463584590327083,28.265041098192587,1.4463584590327083,0.004017397278343693,False
69.0,27.0,27.307332130461965,1.4463584590327083,27.190524641292985,1.6353651609157458,0.004277513768497328,True
72.0,-54.0,24.160059795608323,2.04195583882198,24.029020785310543,2.04195583882198,0.0054237866713227004,False
72.0,-51.0,27.9293386217076,2.1243993264997947,27.7726876723374,2.1243993264997947,0.005608831325796058,False
72.0,-48.0,31.75086265615563,1.9905528589260804,31.582352102409487,1.9905528589260804,0.005307274815522915,False
72.0,-45.0,35.59044852675915,1.8408972796341672,35.413813868097954,1.8408972796341672,0.004962979281601018,False
72.0,-42.0,38.10612197870369,1.743761412298953,37.92567533708167,1.743761412298953,0.004735371437767017,False
72.0,-39.0,39.579967354716246,1.7383830196750008,39.39304415691133,1.7383830196750008,0.004722671853913049,False
72.0,-36.0,38.82512691653799,1.7287171441470397,38.6426557009171,1.7287171441470397,0.004699822772328413,False
72.0,-33.0,36.58418885868643,1.8123463674035016,36.40505724625927,1.8123463674035016,0.004896421596747544,False
72.0,-30.0,31.317863681372547,2.3041462297659705,31.129810665530346,2.3041462297659705,0.006004656567748327,False
72.0,-27.0,32.68832017759989,1.9188594074959509,32.52019465870752,1.9188594074959509,0.005143290263278335,False
72.0,-24.0,26.50174703117808,1.7523223220243656,26.375716263173306,1.7523223220243656,0.0047555645239728975,False
-24.0,-51.0,4.872007264460666,2.53798137476007,4.839440226830246,2.6835840448825508,0.006684521566292265,True
-24.0,-48.0,4.458255840839596,2.2035769586147103,4.4324672278099575,2.2035769586147103,0.005784462343637389,False
-24.0,15.0,5.5212583102061386,3.2107559745478276,5.477891509907734,3.2107559745478276,0.007854513928145686,False
-24.0,18.0,9.221626192669985,2.8037298939939928,9.156587417245541,2.8037298939939928,0.007052853159038441,False
-24.0,21.0,7.8470804030438135,2.9684563383626736,7.78914781290582,2.9684563383626736,0.007382693583147451,False
-24.0,24.0,7.365268323554613,2.6224373898388276,7.316060972421908,2.6224373898388276,0.006680999112460952,False
-24.0,27.0,6.61183125252134,3.6677030569932496,6.55428510999274,3.6677030569932496,0.008703510469456612,False
-24.0,30.0,5.239067955156399,2.680249779086913,5.203439116618213,2.680249779086913,0.006800606299278655,False
-24.0,33.0,4.916028313291584,2.9290495853523297,4.880119337930336,2.9290495853523297,0.007304468785128812,False
-24.0,45.0,4.381640462579416,2.853118380454819,4.349489111373748,3.3045016819315203,0.007337742902515747,True
-24.0,114.0,5.102129456874875,3.8496737045627913,5.056069422741117,3.8496737045627913,0.00902760984860841,False
-24.0,117.0,6.970901927129773,2.979787514980061,6.919281643498482,2.979787514980061,0.007405108287407208,False
-24.0,120.0,7.060524576141207,3.1168026764876844,7.006346284821004,3.1168026764876844,0.007673408786548408,False
-24.0,123.0,6.993260581304281,3.2830966401121153,6.937367655897935,3.2830966401121153,0.00799239850374944,False
-24.0,126.0,7.297038932610259,3.1828763333832946,7.240114634199452,3.1828763333832946,0.0078010133886518875,False
-24.0,129.0,7.385943737181119,2.9883561333481428,7.3311250034881885,2.9883561333481428,0.007422035103919202,False
-24.0,132.0,6.964220476516121,3.7116775122771055,6.903056945727082,3.7116775122771055,0.008782537973242962,False
-24.0,135.0,7.130659022222077,3.025657870857232,7.077211230443007,3.025657870857232,0.00749549117585131,False
-24.0,138.0,7.173713572385803,3.0443626327683364,7.119679839620554,3.0443626327683364,0.007532184303154246,False
-24.0,141.0,6.702747602873087,3.062461047640156,6.652023898566691,3.062461047640156,0.007567598738859505,False
-24.0,144.0,6.250716684606227,3.245972726878915,6.195521723634864,3.8802994056941973,0.008830181202627999,True
-24.0,147.0,5.484825726505027,2.958712302308861,5.44411404082243,3.410095603785562,0.0074226033264576784,True
-24.0,150.0,4.922507917036398,2.6568157056941097,4.889269957518122,2.6568157056941097,0.006752240946782891,False
-21.0,-69.0,10.590868647239198,2.689880988260956,10.518634284201934,2.689880988260956,0.006820438005913145,False
-21.0,-66.0,7.691207358632113,2.405942308048438,7.643272291985964,2.4450878391992052,0.006232450174724476,True
-21.0,-63.0,5.47807443780546,3.054320080950631,5.436421247299551,3.1944691505464595,0.007603618931946356,True
-21.0,-60.0,5.737890671422752,3.502334578205467,5.689679773688212,3.502334578205467,0.008402198733874775,False
-21.0,-57.0,5.26309710235503,3.338505705473825,5.220481244758447,3.338505705473825,0.008097106469404614,False
-21.0,-54.0,4.896977143063915,3.009895989932112,4.860423666648817,3.009895989932112,0.007464498066296366,False
-21.0,-51.0,4.7863938494200395,3.0269700177248935,4.75050514153132,3.0269700177248935,0.00749806827807697,False
-21.0,-48.0,5.206923804647742,2.932919900988334,5.168849890501495,2.932919900988334,0.007312170405155979,False
-21.0,-45.0,4.991423710309211,2.412206191592414,4.960288584640535,2.412206191592414,0.006237724440096994,False
-21.0,-42.0,4.702536758402893,2.3617027092836884,4.673713752844426,2.3617027092836884,0.006129246200354143,False
-21.0,15.0,6.472731130327992,3.0168265706458897,6.4243271786807705,3.0168265706458897,0.007478134140382425,False
-21.0,18.0,8.446579732026798,2.586382349138093,8.386262877340503,2.9680406801057826,0.00714097973379599,True
-21.0,21.0,7.98493130272851,2.7350746938149837,7.92973035138165,2.7350746938149837,0.006913140420882208,False
-21.0,24.0,7.054191076463768,3.0032126703083692,7.0016279270636,3.0032126703083692,0.007451336209979385,False
-21.0,27.0,6.196650689148738,3.6565573766326254,6.142842643838261,3.6565573766326254,0.008683407861718454,False
-21.0,30.0,5.28153794545768,3.341983255459988,5.238738199088562,3.341983255459988,0.008103652157971803,False
-21.0,33.0,4.472542120496026,2.916649452214419,4.439983061255258,2.916649452214419,0.00727976581630424,False
-21.0,45.0,4.751027005686058,3.343705406282777,4.712510940097457,3.343705406282777,0.008106892581857646,False
-21.0,48.0,4.549993944641033,2.063231494737482,4.525097497077317,2.063231494737482,0.005471753999373745,False
-21.0,117.0,5.751154711541676,4.167542082848401,5.696082898661401,4.167542082848401,0.009575783584773744,False
-21.0,120.0,6.23909033717298,4.207923107085694,6.178921535905489,4.207923107085694,0.00964384197308398,False
-21.0,123.0,6.522297027822587,4.216904191096495,6.45929860795188,4.216904191096495,0.009658931447306075,False
-21.0,126.0,6.688471920000181,4.175252797252468,6.6243374589396895,4.175252797252468,0.009588806206797909,False
-21.0,129.0,6.186527334893677,4.116942065556802,6.127817142005031,4.116942065556802,0.00949000783646501,False
-21.0,132.0,6.520116855443671,3.7293643394647495,6.462647271596219,3.7293643394647495,0.008814195377414255,False
-21.0,135.0,6.294325990074956,3.461216189547762,6.241917857531663,3.461216189547762,0.008326250122083123,False
-21.0,138.0,6.2721923386716,3.040771611740842,6.220026680316619,3.4894396456021157,0.00831697364147303,True
-21.0,141.0,5.884769256888321,3.1328668289141146,5.839429828075748,3.1328668289141146,0.007704538076748044,False
-21.0,144.0,5.430671873315602,3.0531177549203505,5.388603956877263,3.720486190037412,0.007746355776906091,True
-21.0,147.0,4.768297358986038,2.747369770205086,4.735213675963883,2.747369770205086,0.0069382592005943905,False
-21.0,165.0,4.566672582293142,2.2035769586147103,4.540256836705146,2.2035769586147103,0.0057844623436373605,False
-18.0,-69.0,10.419027842659553,1.8836144129333205,10.364869667878951,1.9698241614820537,0.005198006531747335,True
-18.0,-66.0,7.058116133006346,2.152298585990519,7.014472095764579,2.55048424348224,0.006183524954721543,True
-18.0,-63.0,5.023729884590555,2.756821491063781,4.98877708430609,2.756821491063781,0.00695753973390903,False
-18.0,-60.0,4.856259729519623,2.9797420552171565,4.820299036716393,2.9797420552171565,0.007405018431085298,False
-18.0,-57.0,4.917706362526293,2.9882998785606096,4.881207519450826,2.9882998785606096,0.0074219240403603885,False
-18.0,-54.0,4.941120132814225,3.032098774948152,4.904021526425162,3.032098774948152,0.007508136898491725,False
-18.0,-51.0,4.62637539626915,2.7209065926957363,4.594435386388842,2.7366553969810696,0.006903894981385653,True
-18.0,-48.0,4.96991416809847,2.6700336879674773,4.936220431408957,2.6700336879674773,0.006779540963864344,False
-18.0,-45.0,5.040858131288597,2.8204870761843885,5.005134821569963,2.8204870761843885,0.007086751657797962,False
-18.0,-42.0,4.611961641949521,2.3995088572908796,4.583318938303127,2.3995088572908796,0.006210525123597201,False
-18.0,12.0,4.48399295429349,3.5781824061675294,4.445694209719474,3.5781824061675294,0.008541214262467635,False
-18.0,15.0,7.184111329551044,2.5749908233224863,7.136824734250227,2.5749908233224863,0.0065821078114852,False
-18.0,18.0,7.277003442144136,3.842425153515038,7.2114023765660855,3.842425153515038,0.009014846028260434,False
-18.0,21.0,6.952578927325504,3.176452462417193,6.898427671723582,3.176452462417193,0.007788657441786517,False
-18.0,24.0,6.326762096661308,3.63696006379708,6.272048319439059,3.63696006379708,0.008647990296825255,False
-18.0,27.0,5.958072207076127,3.8254545304865255,5.904539429688619,3.8254545304865255,0.008984915846426016,False
-18.0,30.0,5.86419197443924,3.6928681955725455,5.812887384439323,3.6928681955725455,0.008748791005400765,False
-18.0,33.0,4.3102273757496326,2.689307901211293,4.280834820191406,2.689307901211293,0.006819258706303094,False
-18.0,36.0,4.1369359557458205,2.536869502116807,4.110036889539508,2.536869502116807,0.006502171291521289,False
-18.0,45.0,4.26218227177806,2.7067654320041763,4.232964413907939,2.7067654320041763,0.00685514039687747,False
-18.0,48.0,4.5425033691435965,2.2035769586147103,4.516227429458939,2.2035769586147103,0.00578446234363742,False
-18.0,123.0,4.974697499401052,3.5482608348777385,4.932479530978742,3.5482608348777385,0.008486539820238977,False
-18.0,126.0,5.515144972978762,3.7929354658602805,5.46590918297759,3.7929354658602805,0.008927379106514942,False
-18.0,129.0,5.616789987827027,3.6937428426654604,5.567641041558971,3.6937428426654604,0.00875036210621611,False
-18.0,132.0,5.653947301777357,3.7658093045621266,5.603744786211818,3.7658093045621266,0.0088791976447601,False
-18.0,135.0,5.356114980325035,3.7093194189848386,5.309097333406069,3.7093194189848386,0.008778311722522535,False
-18.0,138.0,5.07054940980245,3.461326292104502,5.0283297131645215,3.461326292104502,0.008326454043877229,False
-18.0,141.0,4.8974041294252375,3.3031774196434,4.858075840273565,3.3031774196434,0.008030435739492104,False
-18.0,144.0,4.839618723644707,2.897108222764669,4.804576250435744,2.897108222764669,0.007240750813231846,False
-15.0,-75.0,4.00386593939235,3.2820740821636747,3.971873213509868,3.2820740821636747,0.007990458813248209,False
-15.0,-72.0,5.812490337713153,2.3750176042567417,5.774827385245283,2.6161275723836095,0.006479658507731469,True
-15.0,-69.0,7.004250841641788,2.4368280700172797,6.96019181166085,2.4368280700172797,0.006290327256556546,False
-15.0,-66.0,4.571651255625084,2.2035769586147103,4.545206711088678,2.2035769586147103,0.005784462343637387,False
-15.0,-63.0,4.671157944044851,2.5340986278397826,4.640812494132719,2.5340986278397826,0.00649634422034878,False
-15.0,-60.0,4.618151685264187,2.7393970464285036,4.586044110468651,2.8346544656228776,0.00695247297701066,True
-15.0,-57.0,4.487630238389417,2.7466503044762103,4.456500487481832,2.7466503044762103,0.006936790522821069,False
-15.0,-54.0,4.6190819168810195,2.773318827167892,4.586789306564127,2.773318827167892,0.006991131765573304,False
-15.0,-51.0,5.034559279038769,2.651087884949259,5.000624360171738,2.651087884949259,0.006740395134151623,False
-15.0,-48.0,5.271209899782224,2.6811024212826418,5.235353216262081,2.6811024212826418,0.006802363063103215,False
-15.0,-45.0,4.630803436771441,2.8610676144878027,4.5968281273848905,3.020837736831749,0.007336806636352792,True
-15.0,-42.0,4.824411369951794,2.4468468529508,4.793961235018665,2.4468468529508,0.0063116787931442545,False
-15.0,-39.0,4.119276043282003,2.489783417625277,4.0928971386749256,2.5055322219106104,0.00640377200505851,True
-15.0,15.0,5.338367173441709,2.7668104153135578,5.301116642526036,2.7668104153135578,0.006977888501374228,False
-15.0,18.0,5.916067793034942,2.670191277150153,5.875957645331239,2.670191277150153,0.006779866138607316,False
-15.0,21.0,5.887093073451639,3.2526570768294785,5.8403816791857714,3.2526570768294785,0.007934543191871105,False
-15.0,24.0,5.712888181973065,3.3283880939289303,5.664871356084422,3.5976718501915816,0.008405000125883579,True
-15.0,27.0,5.281579555210202,3.5690863165400026,5.236556116563937,3.5690863165400026,0.008524616201577368,False
-15.0,30.0,5.60835096517475,3.7707023775406734,5.558504495328101,3.7707023775406734,0.008887901302213735,False
-15.0,33.0,5.2265550396318785,3.4747254443825595,5.182906780025159,3.4747254443825595,0.008351248437210305,False
-15.0,36.0,4.590711063489564,2.944062344440318,4.557041319212141,2.944062344440318,0.007334320067582069,False
-15.0,39.0,4.00339987894108,2.483352996093185,3.9778212701509075,2.483352996093185,0.006389221552591457,False
-15.0,48.0,4.386076884748781,3.1555313883078306,4.352092059703803,3.1555313883078306,0.00774834229722466,False
-15.0,126.0,4.469974976098434,2.8329228504801747,4.4380535724594745,2.8533686849796784,0.007141293588811422,True
-15.0,129.0,4.633975853076819,3.2417868384618598,4.597303379246528,3.2417868384618598,0.007913824972985628,False
-15.0,132.0,4.825198234079531,3.2623401642559227,4.786823561847967,3.2623401642559227,0.007952973198184953,False
-15.0,135.0,4.149786346519695,2.94509792350668,4.119341949693195,2.94509792350668,0.007336376932280746,False
-15.0,144.0,4.524919932368005,2.648775389117079,4.494441836801555,2.648775389117079,0.006735609916195682,False
-12.0,-75.0,7.980085277772321,2.1586096113635005,7.934718775785216,2.1586096113635005,0.005684964559648048,False
-12.0,-72.0,7.523250637640468,2.257067284885212,7.478056880627551,2.311653925682906,0.00600721140231634,True
-12.0,-69.0,4.276629441338084,2.2035769586147103,4.251891439376973,2.2035769586147103,0.0057844623436374525,False
-12.0,-66.0,4.390311380801389,2.3444059932007906,4.363565985396192,2.3444059932007906,0.006091913098044426,False
-12.0,-63.0,4.350108297790787,2.2035769586147103,4.3249452601514715,2.2035769586147103,0.0057844623436374715,False
-12.0,-60.0,4.5727530237511385,2.4049781079743595,4.543908052875904,2.596922504355283,0.006308009797470436,True
-12.0,-57.0,4.622592032012644,2.639211455806078,4.59154761519318,2.639211455806078,0.006715802866546149,False
-12.0,-54.0,4.42853906485754,2.40227879112614,4.401009216108647,2.40227879112614,0.0062164628889365935,False
-12.0,-51.0,4.720677437082238,2.696689823822702,4.68841424095131,2.696689823822702,0.0068344419971361455,False
-12.0,-48.0,5.182711163861776,2.8744872950363862,5.145419197192769,2.8744872950363862,0.007195455330221329,False
-12.0,-45.0,4.71465024909175,2.8513199901196398,4.680531486615207,3.2021140136244934,0.007236753666534532,True
-12.0,-42.0,4.704759742335911,2.4608456039911704,4.6745563615750045,2.4996834405035306,0.006419749873542022,True
-12.0,-39.0,4.19318604015919,2.3477378899318606,4.167611329499619,2.3477378899318606,0.006099111848278508,False
-12.0,15.0,5.102845307775655,2.871947687304226,5.066154006646548,2.871947687304226,0.007190361242814283,False
-12.0,18.0,5.417412269993358,2.438542000747352,5.383315174327123,2.438542000747352,0.006293982065034305,False
-12.0,21.0,5.409192518771601,2.625359222548036,5.373020883807278,2.625359222548036,0.006687067402166858,False
-12.0,24.0,5.006372971561774,2.841535480866281,4.97068144038805,2.841535480866281,0.007129219372281279,False
-12.0,27.0,4.995121850574343,2.839538224491483,4.959530633400659,2.839538224491483,0.007125194987904314,False
-12.0,30.0,5.032827079543689,3.1352247401289546,4.99402850453523,3.1352247401289546,0.007709101543774309,False
-12.0,33.0,5.214217023634578,3.0673747204199353,5.174707865893614,3.0673747204199353,0.007577198563443023,False
-12.0,36.0,4.972608580302893,2.947414083524215,4.936023023280624,3.019626928551342,0.007357417426175203,True
-12.0,39.0,4.300246186596618,2.618925129415483,4.271547628154028,2.618925129415483,0.006673701271345711,False
-9.0,-78.0,4.142612906060739,3.269146121898338,4.109613213192977,3.269146121898338,0.007965912726116211,False
-9.0,-75.0,4.0494844782584645,1.9958837579484532,4.027943654482427,1.9958837579484532,0.005319399022687802,False
-9.0,-72.0,4.018614115444759,2.2035769586147103,3.9953685934203587,2.2035769586147103,0.005784462343637501,False
-9.0,-69.0,4.0347087359578575,2.2035769586147103,4.011370115207164,2.2035769586147103,0.005784462343637472,False
-9.0,-66.0,4.176655955374459,2.2035769586147103,4.1524962462782655,2.2035769586147103,0.005784462343637619,False
-9.0,-63.0,4.234192930613985,2.2035769586147103,4.209700401051153,2.2035769586147103,0.005784462343637383,False
-9.0,-60.0,4.10961118160437,2.2035769586147103,4.085839290477388,2.2035769586147103,0.005784462343637471,False
-9.0,-57.0,4.318920021958029,2.204927339567129,4.292656705247034,2.35778018474914,0.006080991677888888,True
-9.0,-54.0,4.469768566241684,2.639211455806078,4.43975048169172,2.639211455806078,0.006715802866546105,False
-9.0,-51.0,4.362032113162303,2.639211455806078,4.332737565392761,2.639211455806078,0.0067158028665461784,False
-9.0,-48.0,4.60519880861807,2.87067041012846,4.572097567382843,2.87067041012846,0.00718779853179884,False
-9.0,-45.0,4.734301990431541,2.971782627243671,4.69931892123462,2.971782627243671,0.007389277081948854,False
-9.0,-42.0,5.036721087796942,3.077864131304481,4.998453742305291,3.077864131304481,0.007597670155761924,False
-9.0,-39.0,4.54139462852003,3.1177205638535868,4.506538565010109,3.1177205638535868,0.007675189311015759,False
-9.0,-36.0,4.0219916259773765,2.3495301114683707,3.9974454809893167,2.3495301114683707,0.006102982619237758,False
-9.0,15.0,4.350701408098399,2.4124827492976424,4.3235603565315825,2.4124827492976424,0.006238316312927299,False
-9.0,18.0,5.115632855909083,2.5035843774108693,5.081268875034505,2.928581701624725,0.006717444711632108,True
-9.0,21.0,5.053935482647623,2.580531783640725,5.020611394644679,2.580531783640725,0.006593690821214509,False
-9.0,24.0,5.064071585031479,2.6777914694468734,5.029658483599743,2.6777914694468734,0.006795540081513636,False
-9.0,27.0,4.868710607734346,2.633876325755131,4.836067158496368,2.633876325755131,0.006704742152084556,False
-9.0,30.0,5.338824991101258,2.6371564284519646,5.302186010298236,2.999785045547913,0.006862742431919314,True
-9.0,33.0,4.5069865032788305,2.753955452774525,4.475655303241609,2.753955452774525,0.006951695997853066,False
-9.0,36.0,4.625035720018144,2.512382297767884,4.595151645954993,2.528131102053217,0.006461371516290463,True
-9.0,39.0,4.149950092636811,2.3746658948595285,4.124359183501256,2.396010254738713,0.006166558287281612,True
-9.0,117.0,3.606985485997112,2.242414795127071,3.58546657078481,2.639211455806078,0.005965900139005866,True
-9.0,126.0,3.8236078179334396,2.599786845987509,3.798242493562081,2.599786845987509,0.006633871876814976,False
-9.0,141.0,4.253502221923359,2.159093812661559,4.229316640683588,2.159093812661559,0.0056860394042147246,False
-9.0,147.0,4.2195118015854165,1.9958837579484532,4.197066534631843,1.9958837579484532,0.005319399022687845,False
-6.0,-81.0,3.751955787754492,2.451911842196547,3.728017504939503,2.490749678708908,0.0063802145252132144,True
-6.0,-78.0,4.214175547386228,2.5078637155119177,4.187031792528637,2.5078637155119177,0.00644105936081061,False
-6.0,-75.0,3.9470835054345006,2.02414948721315,3.925834279531475,2.02414948721315,0.005383525804247343,False
-6.0,-72.0,3.9731654411254986,2.0224227043878,3.9517614598717885,2.261139367254455,0.005387135665724232,True
-6.0,-69.0,4.002125139265251,1.9958837579484532,3.979387827654538,2.2035769586147103,0.005681309509199354,True
-6.0,-66.0,4.020369266977918,2.2035769586147103,3.997113592345567,2.2035769586147103,0.005784462343637354,False
-6.0,-63.0,4.007710469045315,2.2035769586147103,3.9845280187529206,2.2035769586147103,0.005784462343637472,False
-6.0,-60.0,4.11196843606592,2.2035769586147103,4.088182909489271,2.2035769586147103,0.005784462343637456,False
-6.0,-57.0,4.280277224170985,2.394981218343885,4.253736019569361,2.394981218343885,0.006200814389251187,False
-6.0,-54.0,4.347864755288816,2.2035769586147103,4.318753551598349,2.639211455806078,0.0066955173007751095,True
-6.0,-51.0,4.3372767774560375,2.639211455806078,4.308148481640995,2.639211455806078,0.006715802866546017,False
-6.0,-48.0,4.6362389840617615,2.814371039920065,4.603440428178017,2.814371039920065,0.0070743885283951514,False
-6.0,-45.0,4.630383729867498,2.8717077294293882,4.597091827287027,2.8717077294293882,0.007189879829122426,False
-6.0,-42.0,4.909864863709398,2.850121232604041,4.874776482047337,2.850121232604041,0.007146506601721791,False
-6.0,-39.0,4.274555554543322,3.2418356957208125,4.240727071709728,3.2418356957208125,0.007913918161067929,False
-6.0,-36.0,4.336257966118034,2.5704293163372176,4.307757626708565,2.5704293163372176,0.006572565477460301,False
-6.0,15.0,4.335511668109554,2.255649901938706,4.309937029000112,2.255649901938706,0.005898874473700374,False
-6.0,18.0,4.583144006163172,2.507022104566077,4.552654919392046,2.6224979090961926,0.006652439183697123,True
-6.0,21.0,4.615514806397961,2.639211455806078,4.584517918830568,2.639211455806078,0.0067158028665460015,False
-6.0,24.0,4.792947154084363,2.686633138414653,4.758948118027025,2.8249806418488888,0.007093555377168192,True
-6.0,27.0,4.939363299616522,2.80536744270159,4.904415942909685,2.8211162469869233,0.007075275614885516,True
-6.0,30.0,4.469383058676021,2.5770274043912913,4.439787239843392,2.629902076413108,0.006621902496179441,True
-6.0,33.0,4.982210076495053,2.8398670069747887,4.946707557219539,2.8398670069747887,0.007125857547237358,False
-6.0,36.0,4.360597383085288,2.9422401337550883,4.328631151478844,2.9422401337550883,0.007330700084910531,False
-6.0,141.0,4.243143235721587,1.6540516596989654,4.223954905387542,1.6540516596989654,0.004522197170367748,False
-6.0,144.0,3.8650951713505335,1.9440029149322922,3.8449928153650865,1.9440029149322922,0.005200998964903325,False
-6.0,147.0,4.2825263655609795,2.3433639176078813,4.256447232080411,2.3433639176078813,0.006089660927785541,False
-6.0,150.0,5.018812245623445,1.5863278034275348,4.996933519838263,1.5863278034275348,0.00435934334946685,False
-3.0,-78.0,4.85302437111761,1.9958837579484532,4.825387615651168,2.2035769586147103,0.0056947489550886205,True
-3.0,-75.0,4.035314242720971,2.0116609456655357,4.013704223816459,2.0116609456655357,0.005355225790282005,False
-3.0,-72.0,3.9518676528951633,1.9299358162902236,3.9314414804172357,1.9299358162902236,0.005168739004445963,False
-3.0,-69.0,3.85375550871876,1.9424939978223654,3.8337254534106386,1.9424939978223654,0.005197541790807769,False
-3.0,-66.0,3.840768103646043,1.9958837579484532,3.81907601314207,2.261139367254455,0.0056478521791984045,True
-3.0,-63.0,3.87103552792709,2.2035769586147103,3.8486436686849133,2.2035769586147103,0.005784462343637405,False
-3.0,-60.0,3.9687954604355946,2.2998914591337067,3.944097694079214,2.5307892433591768,0.006222987957577957,True
-3.0,-57.0,4.08289947469033,2.3365971567099253,4.058095745391658,2.3365971567099253,0.006075028163791085,False
-3.0,-54.0,4.200224575404839,2.3997824334646447,4.1737982907841635,2.5581295412652993,0.006291636112844803,True
-3.0,-51.0,4.156002386522759,2.639211455806078,4.128091493781977,2.639211455806078,0.006715802866546122,False
-3.0,-48.0,4.1254994878399,2.342730716458326,4.100343454183269,2.4124536750740697,0.006097694044267585,True
-3.0,-45.0,3.982499820753165,2.3779817789076922,3.9579505038101828,2.3779817789076922,0.006164298317115736,False
-3.0,-42.0,3.8769636135800707,2.746878728735743,3.8500681212660193,2.746878728735743,0.006937256831568648,False
-3.0,12.0,4.876085595422481,1.5293641452308053,4.8555033372174785,1.5293641452308053,0.004221061710714094,False
-3.0,15.0,4.284673085511369,2.2035769586147103,4.259888555393432,2.2035769586147103,0.0057844623436374655,False
-3.0,18.0,4.3128034126013635,2.4611583161492265,4.285451070642575,2.4611583161492265,0.006342125838351326,False
-3.0,21.0,4.435133542200609,2.47243958536319,4.4068991158657616,2.47243958536319,0.006366082569148184,False
-3.0,24.0,4.534188187727405,2.460814797312767,4.50543510605654,2.460814797312767,0.0063413957428344395,False
-3.0,27.0,4.169095795586676,2.3504170814646215,4.143643891441393,2.3504170814646215,0.006104897894700888,False
-3.0,30.0,4.592198546377867,2.5792454885284566,4.56193135329321,2.5792454885284566,0.006591002714490745,False
-3.0,33.0,4.566383304717876,3.0014389240189505,4.53233037671101,3.0171877283042843,0.00745730827538795,True
-3.0,36.0,5.185387629763844,3.528951275177051,5.141565186120551,3.528951275177051,0.008451141317141806,False
-3.0,39.0,4.142549212236374,3.0807036257849427,4.111052553895556,3.0807036257849427,0.007603206800243283,False
-3.0,102.0,4.084625964507516,1.8312094709409465,4.064446168559558,1.8312094709409465,0.004940426889342123,False
-3.0,105.0,4.148089519008891,1.9958837579484532,4.126024175675453,1.9958837579484532,0.005319399022687868,False
-3.0,111.0,4.171396878764651,1.9958837579484532,4.148446798874185,2.261139367254455,0.005501773280623975,True
-3.0,114.0,4.07164619557988,2.0391169059286742,4.049588562148435,2.0391169059286742,0.005417374784525691,False
-3.0,120.0,3.685557992282259,1.9958837579484532,3.6659530387000534,1.9958837579484532,0.005319399022687897,False
-3.0,129.0,4.169573031341579,1.810352984209987,4.149176463932463,1.810352984209987,0.00489176403814021,False
-3.0,138.0,5.991866416239472,2.0110889959274383,5.959786392092429,2.0110889959274383,0.0053539284621062595,False
-3.0,141.0,4.308433938933997,1.6540516596989654,4.288950351166634,1.6540516596989654,0.0045221971703675685,False
0.0,-78.0,8.393845021665186,1.8739449021377672,8.350777644002996,1.9285315429354615,0.0051308283094374275,True
0.0,-75.0,4.062985063289969,1.9958837579484532,4.041372424515108,1.9958837579484532,0.005319399022688035,False
0.0,-72.0,3.8702073468962075,1.9958837579484532,3.8496201697175287,1.9958837579484532,0.0053193990226877794,False
0.0,-69.0,3.871564262169627,1.9951774005813283,3.8509760845193854,1.9951774005813283,0.005317793082092366,False
0.0,-66.0,3.8380373666313568,2.2035769586147103,3.815836384010604,2.2035769586147103,0.005784462343637454,False
0.0,-63.0,3.97533018678397,2.3946999222641074,3.950682301361086,2.3946999222641074,0.006200210866716526,False
0.0,-60.0,3.970428565811393,2.526827717287047,3.9446960482778426,2.526827717287047,0.006481042816165527,False
0.0,-57.0,4.030652302212106,2.6382810186158236,4.003591008521086,2.6382810186158236,0.006713874495244337,False
0.0,-54.0,4.033994736214974,2.441347025171354,4.0085807242505265,2.441347025171354,0.006299961607856043,False
0.0,-51.0,3.882164560662376,2.42293041901504,3.857401834551349,2.6148748153959636,0.006378587441126346,True
0.0,12.0,4.671291424440372,1.6540516596989654,4.650166923578805,1.6540516596989654,0.004522197170367627,False
0.0,15.0,4.076805368248936,1.9958837579484532,4.055119213757384,1.9958837579484532,0.005319399022687825,False
0.0,18.0,4.093156560644977,2.2035769586147103,4.069479850653313,2.2035769586147103,0.005784462343637515,False
0.0,21.0,4.277597093164305,2.5114631293047287,4.250012338475758,2.5114631293047287,0.00644865659101635,False
0.0,24.0,4.327672288685395,2.412966390308233,4.300670420890615,2.412966390308233,0.006239351317191023,False
0.0,27.0,4.22821510252293,2.2035769586147103,4.203757151481587,2.2035769586147103,0.005784462343637534,False
0.0,30.0,4.972726857414972,3.332364392410353,4.932519678463226,3.332364392410353,0.0080855394041584,False
0.0,33.0,5.474743464638829,2.971921873550274,5.434135469039948,3.026508514347968,0.007417333042391257,True
0.0,36.0,4.526306025744143,3.0618642547581434,4.492058037415409,3.0618642547581434,0.007566432347689879,False
0.0,39.0,4.60190360358906,3.5987713654945415,4.562425205100625,3.5987713654945415,0.00857871044009821,False
0.0,42.0,3.929899556654515,2.7803658105229125,3.9023688128113387,2.7803658105229125,0.007005457377799521,False
0.0,102.0,4.061722285901016,1.6540516596989654,4.042126637326798,1.9958837579484532,0.0048244678476020465,True
0.0,111.0,3.9893592242566784,2.0270196721827154,3.96785648816296,2.0270196721827154,0.005390022528674352,False
0.0,114.0,4.064111556377743,1.6540516596989654,4.045732842597433,1.6540516596989654,0.004522197170367615,False
0.0,117.0,3.9776471418803068,1.9958837579484532,3.9564884495611916,1.9958837579484532,0.005319399022687833,False
0.0,120.0,3.9140260645914013,1.953561728735361,3.8935835688882703,1.953561728735361,0.0052228818525420625,False
3.0,-75.0,5.349438312670193,2.4081795315147896,5.316054369504275,2.4470173680271503,0.006240644571383924,True
3.0,-72.0,4.039952744294404,2.2035769586147103,4.016583789774958,2.2035769586147103,0.005784462343637561,False
3.0,-69.0,3.966918824623472,1.9958837579484532,3.945817200504688,1.9958837579484532,0.005319399022687823,False
3.0,-66.0,3.6706070537450404,2.2035769586147103,3.6493745654643623,2.2035769586147103,0.005784462343637406,False
3.0,-63.0,4.229748000966579,2.7168483379550694,4.200664995658797,2.7168483379550694,0.006875824588399998,False
3.0,-60.0,4.26828232799761,2.8765060176631123,4.236964325421501,3.0942263479333243,0.007337378404113473,True
