lat,lon,hydrogel_thickness_mm_standard,lcow_standard_usd_m3,hydrogel_thickness_mm_simplified,lcow_simplified_usd_m3,lcow_reduction_frac,optimal_thickness_changed
-54.0,-72.0,1.0,21.825184356418315,1.0,21.762412349121163,0.0028761272423658657,False
-54.0,-69.0,1.0,18.812161553451883,1.0,18.75805538312021,0.0028761272423659025,False
-51.0,-75.0,1.0,26.974587577386906,1.0,26.897005231203998,0.0028761272423659164,False
-51.0,-72.0,3.25,15.711924439572263,3.25,15.587337021958112,0.007929481719016146,False
-48.0,-75.0,1.0,20.170831053935512,1.0,20.112817177240128,0.0028761272423658856,False
-48.0,-72.0,1.0,16.991194952450098,1.0,16.942326113767006,0.0028761272423658913,False
-48.0,-69.0,3.25,15.267256329609076,3.25,15.146194899643907,0.007929481719016128,False
-48.0,-66.0,3.25,14.42329462327322,3.25,14.308925372229993,0.007929481719016019,False
-45.0,-72.0,1.0,15.339619956828209,1.0,15.295501257982835,0.002876127242365928,False
-45.0,-69.0,3.25,15.06711182812218,3.25,14.947637440322714,0.007929481719016078,False
-45.0,-66.0,3.25,13.933500991259072,3.25,13.823015549866989,0.007929481719016179,False
-45.0,168.0,1.0,12.295357426667756,1.0,12.259994414218292,0.002876127242365812,False
-45.0,171.0,3.25,11.641424258738567,3.25,11.54911379789559,0.00792948171901605,False
-42.0,-72.0,3.25,12.30012524584014,3.25,12.202591627561642,0.007929481719016192,False
-42.0,-69.0,3.25,12.069408817568322,3.25,11.973704660990082,0.007929481719016099,False
-42.0,-66.0,3.25,12.774894334738045,3.25,12.673596043648377,0.007929481719016111,False
-42.0,147.0,3.25,9.586393613956337,3.25,9.510378481043178,0.007929481719016107,False
-42.0,174.0,3.25,10.003704606981156,3.25,9.924380414177662,0.007929481719016057,False
-39.0,-72.0,3.25,11.33265471435398,3.25,11.24279263596859,0.007929481719016031,False
-39.0,-69.0,3.25,14.20081586076531,3.25,14.088210751002258,0.00792948171901609,False
-39.0,-66.0,3.25,12.2304540102241,3.25,12.133472848734762,0.00792948171901607,False
-39.0,-63.0,3.25,9.739248329991831,3.25,9.662021138402203,0.0079294817190161,False
-39.0,177.0,3.25,9.142656844644147,3.25,9.070160314331304,0.007929481719016139,False
-36.0,-72.0,3.25,9.02943283247948,3.25,8.95783410990125,0.007929481719016118,False
-36.0,-69.0,3.25,10.85926958128161,3.25,10.77316120165497,0.007929481719016146,False
-36.0,-66.0,3.25,9.516349770935976,3.25,9.440890049395575,0.007929481719016234,False
-36.0,-63.0,3.25,8.619859773498883,3.25,8.551508753004441,0.007929481719016087,False
-36.0,-60.0,3.25,8.396220618023921,3.25,8.329642940124474,0.007929481719016172,False
-36.0,141.0,3.25,8.886043718124943,3.25,8.815581996907694,0.007929481719016074,False
-36.0,144.0,3.25,9.148303256670793,3.25,9.075761953237008,0.007929481719016028,False
-36.0,147.0,3.25,9.10137812195878,3.25,9.029208910522854,0.007929481719016114,False
-36.0,150.0,3.25,8.245102415676826,3.25,8.179723026800302,0.007929481719015988,False
-36.0,174.0,3.25,8.260575817886583,3.25,8.195073732950105,0.00792948171901606,False
-33.0,-69.0,3.25,10.462628955198168,3.25,10.379665730165076,0.007929481719016068,False
-33.0,-66.0,3.25,7.912057132948837,3.25,7.8493186205533085,0.007929481719016031,False
-33.0,-63.0,3.25,7.698279306688528,3.25,7.637235941658262,0.007929481719016045,False
-33.0,-60.0,3.25,7.343496969091146,3.25,7.285266844121088,0.00792948171901609,False
-33.0,-57.0,3.25,7.542977994905847,3.25,7.4831660887883,0.007929481719016156,False
-33.0,-54.0,3.25,7.653158990737456,3.25,7.592473406427679,0.007929481719016168,False
-33.0,21.0,3.25,7.461166863383054,3.25,7.402003677137329,0.0079294817190162,False
-33.0,24.0,3.25,7.196918726482461,3.25,7.1398508910075735,0.007929481719016123,False
-33.0,27.0,3.25,7.020585886194796,3.25,6.964916278753432,0.007929481719016066,False
-33.0,117.0,3.25,8.05022424262634,3.25,7.986390136660454,0.00792948171901621,False
-33.0,120.0,3.25,7.619360209778332,3.25,7.558942632284296,0.007929481719016088,False
-33.0,123.0,3.25,7.665566029890717,3.25,7.604782064190787,0.007929481719016146,False
-33.0,135.0,3.25,7.971385546526283,3.25,7.908176590559873,0.007929481719016125,False
-33.0,138.0,3.25,8.75070618253733,3.25,8.68131761783442,0.007929481719016019,False
-33.0,141.0,3.25,9.659896050948097,3.25,9.583298081804509,0.00792948171901603,False
-33.0,144.0,3.25,9.193909111325771,3.25,9.121006177101217,0.007929481719016248,False
-33.0,147.0,3.25,8.362496524969577,3.25,8.296186261649495,0.007929481719016088,False
-33.0,150.0,3.25,8.011590285638988,3.25,7.948062526928767,0.007929481719016113,False
-30.0,-69.0,3.25,10.000408666666262,3.25,9.921110608961243,0.007929481719015977,False
-30.0,-66.0,3.25,8.616557068547264,3.25,8.548232236791359,0.007929481719016222,False
-30.0,-63.0,3.25,7.51093760207531,3.25,7.451379759666983,0.007929481719016121,False
-30.0,-60.0,3.25,7.016235056829931,3.25,6.960599949210478,0.007929481719016062,False
-30.0,-57.0,3.25,7.106585131166237,3.25,7.050233594284022,0.007929481719016128,False
-30.0,-54.0,3.25,7.407287019405794,3.25,7.3485510723979095,0.00792948171901618,False
-30.0,-51.0,3.25,6.941402198882195,3.25,6.886360477041821,0.00792948171901606,False
-30.0,18.0,3.25,8.058983712951774,3.25,7.995080148926075,0.00792948171901601,False
-30.0,21.0,3.25,11.500208065580553,3.25,11.409017375959651,0.007929481719016042,False
-30.0,24.0,3.25,10.237404102508354,3.25,10.156226793827333,0.007929481719016116,False
-30.0,27.0,3.25,8.21132047174218,3.25,8.146208956172519,0.007929481719016012,False
-30.0,30.0,3.25,6.107351085051032,3.25,6.058922956270507,0.007929481719016095,False
-30.0,117.0,3.25,8.649683322953944,3.25,8.581095817169302,0.007929481719016094,False
-30.0,120.0,3.25,9.327607350990352,3.25,9.253644259018513,0.00792948171901619,False
-30.0,123.0,3.25,8.820415500977129,3.25,8.750474177508003,0.007929481719016205,False
-30.0,126.0,3.25,8.497210565611272,3.25,8.429832089768627,0.007929481719016095,False
-30.0,129.0,3.25,8.211297758105239,3.25,8.146186422642945,0.007929481719016213,False
-30.0,132.0,3.25,8.464814883444767,3.25,8.397693288571636,0.007929481719016081,False
-30.0,135.0,3.25,10.006766587013638,3.25,9.927418114295453,0.007929481719016113,False
-30.0,138.0,3.25,10.071449294447785,3.25,9.991587921383465,0.007929481719015976,False
-30.0,141.0,3.25,10.21317848719578,3.25,10.132193275088511,0.007929481719016225,False
-30.0,144.0,3.25,9.434591153947986,3.25,9.359779735866363,0.007929481719016258,False
-30.0,147.0,3.25,8.385372254601792,3.25,8.318880598601782,0.007929481719016232,False
-30.0,150.0,3.25,7.594152962670619,3.25,7.533935265581711,0.007929481719016033,False
-30.0,153.0,3.25,6.613207111050547,3.25,6.5607678061594035,0.007929481719016182,False
-27.0,-69.0,1.0,22.39907663337533,1.0,22.334654038866237,0.002876127242365935,False
-27.0,-66.0,3.25,11.231106768713262,3.25,11.142049912906431,0.007929481719016206,False
-27.0,-63.0,3.25,7.707597824838461,3.25,7.646480568788877,0.007929481719016057,False
-27.0,-60.0,3.25,6.731779248600832,3.25,6.678399728112599,0.00792948171901615,False
-27.0,-57.0,3.25,6.520302636950152,3.25,6.468600016388003,0.007929481719016133,False
-27.0,-54.0,3.25,6.551960683323873,3.25,6.500007030861744,0.007929481719016102,False
-27.0,-51.0,3.25,6.374178745463481,3.25,6.323634811627587,0.007929481719016182,False
-27.0,18.0,3.25,11.233877929524786,3.25,11.144799099848962,0.007929481719015974,False
-27.0,21.0,3.25,12.340530912813836,3.25,12.242676898537727,0.007929481719015993,False
-27.0,24.0,3.25,9.458869578928596,3.25,9.383865645519924,0.007929481719016102,False
-27.0,27.0,3.25,7.894714288892071,3.25,7.832113296261446,0.007929481719016064,False
-27.0,30.0,3.25,6.446359536785102,3.25,6.395243246683959,0.007929481719016107,False
-27.0,114.0,3.25,6.711943385666795,3.25,6.658721153291079,0.0079294817190161,False
-27.0,117.0,3.25,9.383735872680493,3.25,9.309327710621996,0.007929481719016192,False
-27.0,120.0,3.25,9.482449313102753,3.25,9.407258404623008,0.007929481719016172,False
-27.0,123.0,3.25,9.217438190281815,3.25,9.144348682655814,0.007929481719016175,False
-27.0,126.0,3.25,9.708129915621836,3.25,9.631149476930078,0.007929481719016177,False
-27.0,129.0,3.25,9.788215354575375,3.25,9.710599879859476,0.007929481719016123,False
-27.0,132.0,3.25,9.992719851229834,3.25,9.913482761846257,0.007929481719016173,False
-27.0,135.0,3.25,10.91545172444109,3.25,10.82889784953733,0.007929481719016125,False
-27.0,138.0,3.25,10.347276209901628,3.25,10.265227672353602,0.00792948171901618,False
-27.0,141.0,3.25,10.160184864437188,3.25,10.079619864292809,0.007929481719016097,False
-27.0,144.0,3.25,8.58273554200163,3.25,8.51467889742218,0.007929481719016078,False
-27.0,147.0,3.25,7.266420845627567,3.25,7.208801894369485,0.00792948171901617,False
-27.0,150.0,3.25,6.611831351157506,3.25,6.559402955329285,0.007929481719016073,False
-27.0,153.0,3.25,6.131642772551112,3.25,6.08302202327863,0.007929481719016215,False
-24.0,-69.0,3.25,22.191560136184133,3.25,22.015592565767815,0.007929481719016104,False
-24.0,-66.0,3.25,9.062832764219225,3.25,8.990969197492849,0.0079294817190161,False
-24.0,-63.0,3.25,7.508650190103396,3.25,7.449110485686485,0.007929481719016078,False
-24.0,-60.0,3.25,7.136002986634343,3.25,7.079418181404981,0.00792948171901611,False
-24.0,-57.0,3.25,6.479903529612604,3.25,6.428521253033553,0.00792948171901603,False
-24.0,-54.0,3.25,6.3762461627205465,3.25,6.325685835337308,0.00792948171901603,False
-24.0,-51.0,3.25,5.99812107877031,3.25,5.950559087327755,0.007929481719016165,False
-24.0,-48.0,3.25,5.608565791040239,3.25,5.564092771130286,0.007929481719016125,False
-24.0,15.0,3.25,6.854734730997035,3.25,6.800380237258889,0.007929481719016194,False
-24.0,18.0,3.25,13.180560159323125,3.25,13.07604514849338,0.007929481719016144,False
-24.0,21.0,3.25,10.814021536899693,3.25,10.7282719508138,0.007929481719016106,False
-24.0,24.0,3.25,9.659984068395884,3.25,9.583385401319552,0.007929481719016165,False
-24.0,27.0,3.25,8.455821068280564,3.25,8.388770789700361,0.00792948171901617,False
-24.0,30.0,3.25,6.406672397464899,3.25,6.355870805809476,0.007929481719015998,False
-24.0,33.0,3.25,6.05013027610541,3.25,6.002155878683366,0.0079294817190161,False
-24.0,45.0,3.25,5.286829727678382,3.25,5.244907908001206,0.00792948171901603,False
-24.0,114.0,3.25,6.327769578208321,3.25,6.277593645015772,0.007929481719016133,False
-24.0,117.0,3.25,9.62766412798364,3.25,9.551321741283967,0.007929481719016118,False
-24.0,120.0,3.25,9.613072931755992,3.25,9.536846245680065,0.007929481719016019,False
-24.0,123.0,3.25,9.623974736349926,3.25,9.547661604613765,0.007929481719016201,False
-24.0,126.0,3.25,10.10281226745881,3.25,10.022702202273344,0.00792948171901619,False
-24.0,129.0,3.25,9.954432412860863,3.25,9.8754989230199,0.007929481719016118,False
-24.0,132.0,3.25,9.238338617058668,3.25,9.16508337988062,0.007929481719016133,False
-24.0,135.0,3.25,9.665211407378782,3.25,9.588571290213547,0.007929481719016016,False
-24.0,138.0,3.25,9.77908998902462,3.25,9.701546873728034,0.007929481719016203,False
-24.0,141.0,3.25,8.951446426594565,3.25,8.880466095796132,0.007929481719015998,False
-24.0,144.0,3.25,8.11996263779137,3.25,8.055575542495909,0.007929481719016097,False
-24.0,147.0,3.25,6.76564975105741,3.25,6.712001655039134,0.007929481719016153,False
-24.0,150.0,3.25,6.013879213453958,3.25,5.966192268170504,0.007929481719016062,False
-21.0,-69.0,3.25,13.439810109811269,3.25,13.333239381238473,0.007929481719016111,False
-21.0,-66.0,3.25,9.443433094932505,3.25,9.368551564841486,0.00792948171901616,False
-21.0,-63.0,3.25,6.809162056028608,3.25,6.755168929983511,0.00792948171901614,False
-21.0,-60.0,3.25,7.256608568826096,3.25,7.199067423837534,0.007929481719016099,False
-21.0,-57.0,3.25,6.537997842341127,3.25,6.486154907971316,0.00792948171901622,False
-21.0,-54.0,3.25,6.016270562328226,3.25,5.96856465488759,0.007929481719016048,False
-21.0,-51.0,3.25,5.881192692040598,3.25,5.83455788210305,0.007929481719016153,False
-21.0,-48.0,3.25,6.439619168546443,3.25,6.388556326072028,0.00792948171901609,False
-21.0,-45.0,3.25,6.1662537356624565,3.25,6.117358539390706,0.007929481719016194,False
-21.0,-42.0,3.25,5.825848117223411,3.25,5.779652161080123,0.007929481719016217,False
-21.0,15.0,3.25,8.713057457450322,3.25,8.643967427624732,0.0079294817190162,False
-21.0,18.0,3.25,11.37796802787836,3.25,11.28774663840175,0.007929481719016055,False
-21.0,21.0,3.25,10.855139760074882,3.25,10.769064127790005,0.007929481719016036,False
-21.0,24.0,3.25,9.323412176443805,3.25,9.24948235003184,0.007929481719016215,False
-21.0,27.0,3.25,7.840764875426167,3.25,7.778591673683372,0.007929481719016106,False
-21.0,30.0,3.25,6.546651942011052,3.25,6.494740385116114,0.007929481719016081,False
-21.0,33.0,3.25,5.459964425304514,3.25,5.416669737207584,0.007929481719016038,False
-21.0,45.0,3.25,5.83178816766837,3.25,5.785545110003669,0.007929481719016153,False
-21.0,48.0,1.0,5.674227113635342,1.0,5.6579073144544445,0.002876127242365868,False
-21.0,117.0,3.25,7.466774530952321,3.25,7.40756687880912,0.0079294817190161,False
-21.0,120.0,3.25,8.171106172764691,3.25,8.106313535743615,0.007929481719016012,False
-21.0,123.0,3.25,8.69669004749388,3.25,8.627729802746327,0.00792948171901617,False
-21.0,126.0,3.25,9.00597820909343,3.25,8.934565469522566,0.007929481719016099,False
-21.0,129.0,3.25,8.066679245874434,3.25,8.002714660261107,0.007929481719015996,False
-21.0,132.0,3.25,8.512590943716162,3.25,8.445090509446503,0.00792948171901609,False
-21.0,135.0,3.25,8.15893827985242,3.25,8.09424212791575,0.00792948171901594,False
-21.0,138.0,3.25,8.217098356967025,3.25,8.151941025762097,0.007929481719016144,False
-21.0,141.0,3.25,7.59534989532316,3.25,7.535122707178664,0.007929481719016092,False
-21.0,144.0,3.25,6.859274219087359,3.25,6.8048837295613875,0.007929481719016074,False
-21.0,147.0,3.25,5.826342087437193,3.25,5.780142214366125,0.007929481719016137,False
-21.0,165.0,3.25,5.701738099841186,3.25,5.656526271811877,0.007929481719016111,False
-18.0,-69.0,3.25,12.743503154156361,3.25,12.642453778859254,0.0079294817190161,False
-18.0,-66.0,3.25,8.489667452004637,3.25,8.42234878914344,0.007929481719016158,False
-18.0,-63.0,3.25,6.195314634234332,3.25,6.146189000098618,0.007929481719016203,False
-18.0,-60.0,3.25,5.989750782264774,3.25,5.942255162935342,0.00792948171901625,False
-18.0,-57.0,3.25,6.1090025921232805,3.25,6.060561367747616,0.007929481719016215,False
-18.0,-54.0,3.25,6.1168222813930635,3.25,6.068319050934287,0.007929481719016106,False
-18.0,-51.0,3.25,5.680464398890609,3.25,5.635421260284084,0.00792948171901614,False
-18.0,-48.0,3.25,6.15980490813026,3.25,6.110960847718536,0.007929481719016076,False
-18.0,-45.0,3.25,6.247834384277353,3.25,6.198292295743785,0.007929481719016149,False
-18.0,-42.0,3.25,5.739386869057398,3.25,5.693876505800847,0.007929481719016019,False
-18.0,12.0,3.25,5.3662418224539365,3.25,5.323690306022969,0.007929481719016033,False
-18.0,15.0,3.25,9.548828404223805,3.25,9.47311114395449,0.007929481719016125,False
-18.0,18.0,3.25,9.482558359276542,3.25,9.407366586117154,0.00792948171901618,False
-18.0,21.0,3.25,8.94189576947433,3.25,8.870991170436936,0.007929481719016137,False
-18.0,24.0,3.25,8.112688363876742,3.25,8.048358949803307,0.007929481719016172,False
-18.0,27.0,3.25,7.567606871309249,3.25,7.507599670966502,0.007929481719016114,False
-18.0,30.0,3.25,7.299300610255781,3.25,7.241420939505154,0.007929481719016116,False
-18.0,33.0,3.25,5.1828299398364575,3.25,5.141732784575755,0.007929481719016133,False
-18.0,36.0,3.25,5.023929501619158,3.25,4.9840923444784435,0.007929481719015969,False
-18.0,45.0,3.25,5.146410663837326,3.25,5.105602294559878,0.007929481719016163,False
-18.0,48.0,3.25,5.585875326166525,3.25,5.541582229882984,0.00792948171901615,False
-18.0,123.0,3.25,6.223283156088274,3.25,6.1739357460698105,0.00792948171901624,False
-18.0,126.0,3.25,7.055369743851137,3.25,6.99942431844637,0.007929481719016099,False
-18.0,129.0,3.25,7.15608522385851,3.25,7.099341176896203,0.007929481719016068,False
-18.0,132.0,3.25,7.227738351793262,3.25,7.170426132662886,0.00792948171901602,False
-18.0,135.0,3.25,6.756062939493054,3.25,6.702490861921821,0.007929481719016189,False
-18.0,138.0,3.25,6.310277638912007,3.25,6.260240407732338,0.007929481719016102,False
-18.0,141.0,3.25,6.075594060426405,3.25,6.027417748392091,0.007929481719016057,False
-18.0,144.0,3.25,5.940384006339899,3.25,5.893279839957692,0.007929481719016059,False
-15.0,-75.0,3.25,4.7494931501202435,3.25,4.711832131011773,0.007929481719016026,False
-15.0,-72.0,3.25,6.9739880628439535,3.25,6.918687951990996,0.007929481719016128,False
-15.0,-69.0,3.25,8.58713003638342,3.25,8.519038545741104,0.00792948171901616,False
-15.0,-66.0,3.25,5.731195913128479,3.25,5.685750499907226,0.007929481719016217,False
-15.0,-63.0,3.25,5.806741535673433,3.25,5.760697084819259,0.007929481719016215,False
-15.0,-60.0,3.25,5.691741540929041,3.25,5.646608980430879,0.007929481719016106,False
-15.0,-57.0,3.25,5.53079539757384,3.25,5.48693905657716,0.007929481719016016,False
-15.0,-54.0,3.25,5.713209906472242,3.25,5.667907112961968,0.007929481719016198,False
-15.0,-51.0,3.25,6.283259942549902,3.25,6.2334369476996265,0.007929481719016123,False
-15.0,-48.0,3.25,6.556881185072888,3.25,6.504888515582092,0.007929481719016147,False
-15.0,-45.0,3.25,5.699841918624382,3.25,5.654645126329369,0.007929481719016047,False
-15.0,-42.0,3.25,5.953871220716815,3.25,5.906660107714765,0.007929481719016137,False
-15.0,-39.0,3.25,5.053585254550714,3.25,5.013512942659265,0.007929481719016057,False
-15.0,15.0,3.25,6.605205093285838,3.25,6.5528292402482755,0.007929481719016218,False
-15.0,18.0,3.25,7.4392265665428035,3.25,7.3802373554797835,0.007929481719016078,False
-15.0,21.0,3.25,7.370335569750777,3.25,7.311892628587424,0.007929481719016102,False
-15.0,24.0,3.25,7.12513005608539,3.25,7.068631467560049,0.007929481719016042,False
-15.0,27.0,3.25,6.5662040508918516,3.25,6.514137455906975,0.007929481719016104,False
-15.0,30.0,3.25,7.105846838742896,3.25,7.049501156136956,0.007929481719016092,False
-15.0,33.0,3.25,6.547561648461875,3.25,6.495642878066266,0.007929481719016078,False
-15.0,36.0,3.25,5.601701264566709,3.25,5.557282676793938,0.007929481719016118,False
-15.0,39.0,3.25,4.865076703403563,3.25,4.826499166622313,0.007929481719016118,False
-15.0,48.0,3.25,5.3150915113951935,3.25,5.2729455904206874,0.007929481719016147,False
-15.0,126.0,3.25,5.438057608903771,3.25,5.394936630507012,0.007929481719016003,False
-15.0,129.0,3.25,5.6878176775906155,3.25,5.642716231295064,0.007929481719016111,False
-15.0,132.0,3.25,5.96620367536456,3.25,5.918894772388829,0.007929481719016236,False
-15.0,135.0,3.25,5.015924377201153,3.25,4.976150696548169,0.007929481719016154,False
-15.0,144.0,3.25,5.546221218446276,3.25,5.502242558684987,0.00792948171901615,False
-12.0,-75.0,3.25,9.776880536146411,3.25,9.699354940666035,0.007929481719015941,False
-12.0,-72.0,3.25,9.368135442321117,3.25,9.293850983589966,0.007929481719016014,False
-12.0,-69.0,3.25,5.350744272705849,3.25,5.308315643812298,0.00792948171901602,False
-12.0,-66.0,3.25,5.454141978457222,3.25,5.410893459346127,0.00792948171901608,False
-12.0,-63.0,3.25,5.425246754542626,3.25,5.3822273595813295,0.00792948171901601,False
-12.0,-60.0,3.25,5.676862192497164,3.25,5.631847617520385,0.007929481719015972,False
-12.0,-57.0,3.25,5.757929203473344,3.25,5.712271809115013,0.00792948171901616,False
-12.0,-54.0,3.25,5.481558502898677,3.25,5.438092584958224,0.007929481719016196,False
-12.0,-51.0,3.25,5.875328372949525,3.25,5.828740064023005,0.007929481719016083,False
-12.0,-48.0,3.25,6.517370852636414,3.25,6.465691479604384,0.007929481719016173,False
-12.0,-45.0,3.25,5.78261419559077,3.25,5.73676106203871,0.007929481719016139,False
-12.0,-42.0,3.25,5.7304303157081815,3.25,5.684990973277678,0.007929481719016071,False
-12.0,-39.0,3.25,5.171274976468762,3.25,5.130269446078848,0.007929481719016087,False
-12.0,15.0,3.25,6.1861403916589115,3.25,6.137087504511985,0.007929481719016068,False
-12.0,18.0,3.25,6.740565524510066,3.25,6.687116333407633,0.007929481719016149,False
-12.0,21.0,3.25,6.733074043516623,3.25,6.6796842559757765,0.007929481719016102,False
-12.0,24.0,3.25,6.1852510102063745,3.25,6.136205175393417,0.007929481719016192,False
-12.0,27.0,3.25,6.142401794555751,3.25,6.09369573181497,0.007929481719016113,False
-12.0,30.0,3.25,6.16744517384597,3.25,6.118540530086924,0.007929481719016206,False
-12.0,33.0,3.25,6.439010154007755,3.25,6.387952140702992,0.007929481719016002,False
-12.0,36.0,3.25,6.106330965357063,3.25,6.057910925597002,0.007929481719016163,False
-12.0,39.0,3.25,5.246369896790776,3.25,5.204768902602978,0.007929481719016055,False
-9.0,-78.0,3.25,4.975342592673453,3.25,4.935890704539006,0.007929481719016149,False
-9.0,-75.0,1.0,5.110353113689793,1.0,5.0956550878814,0.002876127242365947,False
-9.0,-72.0,3.25,4.999838831229905,3.25,4.960192700619641,0.007929481719016074,False
-9.0,-69.0,3.25,5.016912811850199,3.25,4.977131293422735,0.007929481719016165,False
-9.0,-66.0,3.25,5.190211672478089,3.25,5.1490559839033505,0.007929481719015986,False
-9.0,-63.0,3.25,5.289048997341756,3.25,5.247109580006354,0.007929481719016114,False
-9.0,-60.0,3.25,5.086307339229114,3.25,5.0459755581653996,0.007929481719016019,False
-9.0,-57.0,3.25,5.38892828135259,3.25,5.346196873060515,0.007929481719016184,False
-9.0,-54.0,3.25,5.522935821531173,3.25,5.479141802899043,0.007929481719016102,False
-9.0,-51.0,3.25,5.366950065845927,3.25,5.3243929334119295,0.007929481719016094,False
-9.0,-48.0,3.25,5.714402087305255,3.25,5.66908984041886,0.007929481719016177,False
-9.0,-45.0,3.25,5.894365350650766,3.25,5.847626088357578,0.007929481719016189,False
-9.0,-42.0,3.25,6.286237758069156,3.25,6.236391150685157,0.007929481719016192,False
-9.0,-39.0,3.25,5.53547151712313,3.25,5.491578096921968,0.007929481719016156,False
-9.0,-36.0,3.25,4.9576919788703,3.25,4.918380050955335,0.007929481719016133,False
-9.0,15.0,3.25,5.358662726913584,3.25,5.31617130878215,0.007929481719016135,False
-9.0,18.0,3.25,6.316948767106184,3.25,6.266858637337454,0.007929481719016128,False
-9.0,21.0,3.25,6.276014815633071,3.25,6.226249270884234,0.007929481719016156,False
-9.0,24.0,3.25,6.29434723013739,3.25,6.244436318842876,0.007929481719016121,False
-9.0,27.0,3.25,6.033931630274452,3.25,5.986085679718398,0.007929481719016054,False
-9.0,30.0,3.25,6.607045695004425,3.25,6.554655246949183,0.007929481719016118,False
-9.0,33.0,3.25,5.4690559430888195,3.25,5.425689163967821,0.007929481719016003,False
-9.0,36.0,3.25,5.680934021731439,3.25,5.635887159259182,0.007929481719016165,False
-9.0,39.0,3.25,5.101802599352566,3.25,5.06134794890697,0.007929481719016218,False
-9.0,117.0,3.25,4.393343196607647,3.25,4.358506262044783,0.007929481719016045,False
-9.0,126.0,3.25,4.630903488033274,3.25,4.594182823482386,0.007929481719016147,False
-9.0,141.0,3.25,5.332313236748269,3.25,5.290030756417406,0.00792948171901615,False
-9.0,147.0,3.25,5.332765375785572,3.25,5.290479310226478,0.007929481719016149,False
-6.0,-81.0,3.25,4.516670040980663,3.25,4.480855188459879,0.007929481719016125,False
-6.0,-78.0,3.25,5.151794577617846,3.25,5.1109435166944985,0.007929481719016147,False
-6.0,-75.0,3.25,4.9963313381434,3.25,4.956713020135445,0.007929481719016035,False
-6.0,-72.0,3.25,4.985471565145333,3.25,4.945939359508839,0.007929481719015991,False
-6.0,-69.0,3.25,5.027397531383717,3.25,4.987532874564383,0.007929481719016071,False
-6.0,-66.0,3.25,5.030033233152985,3.25,4.990147676584655,0.007929481719016099,False
-6.0,-63.0,3.25,5.021306985848618,3.25,4.981490623898764,0.007929481719016043,False
-6.0,-60.0,3.25,5.100847047351022,3.25,5.060399973937554,0.007929481719016192,False
-6.0,-57.0,3.25,5.314183779559347,3.25,5.272045056427839,0.007929481719016154,False
-6.0,-54.0,3.25,5.360683273848697,3.25,5.318175833827279,0.007929481719015991,False
-6.0,-51.0,3.25,5.327163118287247,3.25,5.284921475726572,0.0079294817190161,False
-6.0,-48.0,3.25,5.728552591942846,3.25,5.6831281388886135,0.007929481719016071,False
-6.0,-45.0,3.25,5.7177569389875105,3.25,5.6724180898660315,0.007929481719016116,False
-6.0,-42.0,3.25,6.193068266340071,3.25,6.143960444737509,0.007929481719016083,False
-6.0,-39.0,3.25,5.202478730388154,3.25,5.161225770401971,0.00792948171901612,False
-6.0,-36.0,3.25,5.29177382214185,3.25,5.249812798358008,0.007929481719016173,False
-6.0,15.0,3.25,5.373626430567348,3.25,5.331016358021342,0.007929481719016088,False
-6.0,18.0,3.25,5.635167975302502,3.25,5.590484013858756,0.007929481719016068,False
-6.0,21.0,3.25,5.7059729296974275,3.25,5.66072752166219,0.007929481719016213,False
-6.0,24.0,3.25,5.91935835844298,3.25,5.872420914551401,0.007929481719016187,False
-6.0,27.0,3.25,6.153999727488878,3.25,6.105201699150925,0.00792948171901608,False
-6.0,30.0,3.25,5.474425653335308,3.25,5.4310162951950725,0.007929481719016133,False
-6.0,33.0,3.25,6.170291114261776,3.25,6.12136390367023,0.00792948171901605,False
-6.0,36.0,3.25,5.279281597321541,3.25,5.237419630406041,0.007929481719016161,False
-6.0,141.0,1.0,5.103666515109918,1.0,5.088987720809859,0.0028761272423659615,False
-6.0,144.0,1.0,4.850366079070063,1.0,4.836415809054602,0.002876127242365926,False
-6.0,147.0,3.25,5.312276079855776,3.25,5.2701524837941935,0.007929481719016017,False
-6.0,150.0,1.0,6.010399760980167,1.0,5.993113086490103,0.002876127242365834,False
-3.0,-78.0,3.25,6.14300429761893,3.25,6.094293457341123,0.007929481719016182,False
-3.0,-75.0,1.0,4.993989540879525,1.0,4.979626191512911,0.0028761272423659468,False
-3.0,-72.0,1.0,4.881124435703643,1.0,4.867085700740737,0.002876127242366051,False
-3.0,-69.0,1.0,4.782458293728753,1.0,4.768703335144681,0.002876127242365933,False
-3.0,-66.0,3.25,4.826125476801332,3.25,4.787856803059357,0.007929481719016225,False
-3.0,-63.0,3.25,4.800683286499487,3.25,4.762616356140403,0.007929481719016078,False
-3.0,-60.0,3.25,4.8815703058615245,3.25,4.842861983361104,0.007929481719016097,False
-3.0,-57.0,3.25,5.088701602996928,3.25,5.048350836662436,0.007929481719016081,False
-3.0,-54.0,3.25,5.1588908589127485,3.25,5.117983528156601,0.007929481719016043,False
-3.0,-51.0,3.25,5.09124306759294,3.25,5.050872148761394,0.007929481719016031,False
-3.0,-48.0,3.25,5.103342755582381,3.25,5.062875892496117,0.007929481719016175,False
-3.0,-45.0,3.25,4.889242196241394,3.25,4.850473039626456,0.007929481719016083,False
-3.0,-42.0,3.25,4.667926714380493,3.25,4.6309124748331065,0.007929481719015986,False
-3.0,12.0,1.0,5.808723809764434,1.0,5.792017180971791,0.0028761272423659047,False
-3.0,15.0,3.25,5.409207913435404,3.25,5.366315698171461,0.007929481719016019,False
-3.0,18.0,3.25,5.345314017008117,3.25,5.30292844722785,0.00792948171901619,False
-3.0,21.0,3.25,5.490362639570349,3.25,5.446826909389107,0.007929481719016092,False
-3.0,24.0,3.25,5.613813882519426,3.25,5.56929924796403,0.007929481719016026,False
-3.0,27.0,3.25,5.151428028728629,3.25,5.110579874347998,0.007929481719016212,False
-3.0,30.0,3.25,5.599699898423613,3.25,5.555297180447087,0.007929481719016048,False
-3.0,33.0,3.25,5.557143828816328,3.25,5.513078558415786,0.007929481719016179,False
-3.0,36.0,3.25,6.433757300666521,3.25,6.3827409397662995,0.007929481719016083,False
-3.0,39.0,3.25,5.010580359611823,3.25,4.970849054248619,0.007929481719016244,False
-3.0,102.0,1.0,5.004581339829212,1.0,4.990187527101093,0.00287612724236587,False
-3.0,105.0,1.0,5.095836005205087,1.0,5.081179732447888,0.0028761272423659242,False
-3.0,111.0,3.25,5.290504402276683,3.25,5.248553444334456,0.007929481719016201,False
-3.0,114.0,1.0,5.016920733599601,1.0,5.002491431204906,0.002876127242365825,False
-3.0,120.0,1.0,4.535133479470449,1.0,4.522089858522378,0.0028761272423660565,False
-3.0,129.0,1.0,4.996012725119491,1.0,4.981643556817568,0.0028761272423659104,False
-3.0,138.0,1.0,7.377070387243244,1.0,7.3558529941336435,0.002876127242365881,False
-3.0,141.0,1.0,5.240369668037209,1.0,5.225297698074899,0.002876127242366003,False
0.0,-78.0,1.0,10.222909439087113,1.0,10.193507050753114,0.002876127242365992,False
0.0,-75.0,1.0,5.044511931323999,1.0,5.030003273133878,0.0028761272423659962,False
0.0,-72.0,1.0,4.836662264154926,1.0,4.822751408054867,0.0028761272423659537,False
0.0,-69.0,1.0,4.816255725787093,1.0,4.802403561487956,0.0028761272423658856,False
0.0,-66.0,3.25,4.7842573756503,3.25,4.746320694251013,0.007929481719016186,False
0.0,-63.0,3.25,4.875502635982825,3.25,4.836842426959784,0.007929481719016137,False
0.0,-60.0,3.25,4.839428391094976,3.25,4.801054232137301,0.007929481719016017,False
0.0,-57.0,3.25,4.891304573445988,3.25,4.8525190632487085,0.007929481719016104,False
0.0,-54.0,3.25,4.91508409819408,3.25,4.876110028690023,0.007929481719016031,False
0.0,-51.0,3.25,4.738991806400006,3.25,4.70141405750459,0.007929481719016042,False
0.0,12.0,1.0,5.688940507418977,1.0,5.6725783906453895,0.00287612724236601,False
0.0,15.0,1.0,5.112787251545706,1.0,5.098082224847114,0.002876127242365957,False
0.0,18.0,3.25,5.137644416528079,3.25,5.096905559048414,0.007929481719016059,False
0.0,21.0,3.25,5.289755862147464,3.25,5.247810839740508,0.007929481719016071,False
0.0,24.0,3.25,5.387971685617741,3.25,5.345247862634058,0.007929481719016168,False
0.0,27.0,3.25,5.262418835809459,3.25,5.220690581853102,0.007929481719016132,False
0.0,30.0,3.25,6.131057691409503,3.25,6.082441581527238,0.007929481719016156,False
0.0,33.0,3.25,6.758240912465253,3.25,6.704651564697154,0.007929481719016012,False
0.0,36.0,3.25,5.444346954231564,3.25,5.401176104586003,0.007929481719016243,False
0.0,39.0,3.25,5.692097333573529,3.25,5.646961951824098,0.007929481719016054,False
0.0,42.0,3.25,4.736726286229508,3.25,4.699166501734868,0.007929481719016081,False
0.0,102.0,1.0,4.952939617730804,1.0,4.938694333166455,0.0028761272423658804,False
0.0,111.0,1.0,4.808166949408849,1.0,4.794338049459811,0.002876127242365899,False
0.0,114.0,1.0,4.911562560626412,1.0,4.89743628174321,0.0028761272423658813,False
0.0,117.0,1.0,4.934623076078909,1.0,4.920430472218991,0.0028761272423659173,False
0.0,120.0,1.0,4.82994032791693,1.0,4.816048804960806,0.002876127242365955,False
3.0,-75.0,3.25,6.630501414967195,3.25,6.577924975209302,0.007929481719016062,False
3.0,-72.0,3.25,5.038090331303324,3.25,4.998140886122502,0.007929481719016205,False
3.0,-69.0,1.0,4.968397124224617,1.0,4.954107381904741,0.002876127242366051,False
3.0,-66.0,3.25,4.541475511635352,3.25,4.50546396458848,0.007929481719016149,False
3.0,-63.0,3.25,5.13821889140287,3.25,5.097475478635188,0.0079294817190161,False
3.0,-60.0,3.25,5.18481421814515,3.25,5.143701328585873,0.007929481719016142,False
3.0,-57.0,3.25,4.9116749669319875,3.25,4.872727930071951,0.007929481719016099,False
3.0,-54.0,3.25,4.84091996800483,3.25,4.802533981615316,0.00792948171901603,False
3.0,-51.0,3.25,5.06661997583957,3.25,5.026444305363949,0.007929481719016031,False
3.0,12.0,1.0,5.498465971570111,3.25,5.460226113348314,0.006954641243487971,True
3.0,15.0,3.25,5.155052895724346,3.25,5.114175998027139,0.007929481719016088,False
3.0,18.0,3.25,4.991324366154286,3.25,4.951745750839186,0.007929481719016068,False
3.0,21.0,3.25,5.38566473393359,3.25,5.342959203881113,0.007929481719016144,False
3.0,24.0,3.25,5.717838437778464,3.25,5.672498942413812,0.007929481719016074,False
3.0,27.0,3.25,5.504756889143075,3.25,5.461107020022987,0.00792948171901614,False
3.0,30.0,3.25,5.802843592278994,3.25,5.756830050095708,0.007929481719016121,False
3.0,33.0,3.25,5.602906578157892,3.25,5.5584784328730334,0.007929481719016218,False
3.0,36.0,3.25,6.254020934946745,3.25,6.204429790272741,0.007929481719016042,False
3.0,39.0,3.25,6.955063418283448,3.25,6.8999133700535715,0.007929481719016118,False
3.0,42.0,3.25,5.639118058983355,3.25,5.594402775423273,0.007929481719016113,False
3.0,45.0,3.25,4.8538808236797095,3.25,4.815392064422059,0.007929481719016005,False
3.0,99.0,1.0,5.589800231225392,1.0,5.5737232545009805,0.0028761272423660778,False
3.0,102.0,1.0,5.445457655787653,1.0,5.429795826676692,0.002876127242365919,False
3.0,114.0,1.0,4.912212144178556,1.0,4.898083997010403,0.0028761272423659286,False
3.0,117.0,1.0,5.068349134975368,1.0,5.053771917954443,0.0028761272423660084,False
6.0,-75.0,3.25,5.143812054740749,3.25,5.103024291086628,0.007929481719016054,False
6.0,-72.0,3.25,5.434316439445093,3.25,5.391225126583164,0.00792948171901615,False
6.0,-69.0,3.25,5.282994673106437,3.25,5.241103263424379,0.007929481719016253,False
6.0,-66.0,3.25,5.373976639825714,3.25,5.331363790301796,0.007929481719016175,False
6.0,-63.0,3.25,4.891385170366014,3.25,4.852599021076931,0.007929481719016007,False
6.0,-60.0,3.25,4.57272691439456,3.25,4.5364675599208155,0.007929481719016161,False
6.0,-9.0,1.0,5.274452637846935,1.0,5.2592826409266555,0.0028761272423658275,False
6.0,-6.0,1.0,5.257841097376529,1.0,5.242718877360334,0.0028761272423658405,False
6.0,-3.0,1.0,5.188491234081474,1.0,5.173568473096356,0.0028761272423658067,False
6.0,0.0,3.25,5.211830150525497,3.25,5.170503038624289,0.007929481719015972,False
6.0,6.0,1.0,5.387302416295289,1.0,5.371807849052918,0.002876127242365943,False
6.0,9.0,3.25,5.794045391839163,3.25,5.7481016148254245,0.007929481719016095,False
6.0,12.0,3.25,6.124892007731254,3.25,6.076324788525001,0.007929481719016054,False
6.0,15.0,3.25,6.509981530324669,3.25,6.458360750788827,0.007929481719016094,False
6.0,18.0,3.25,6.204277523999119,3.25,6.155080818792865,0.007929481719016123,False
6.0,21.0,3.25,6.150480579883389,3.25,6.10171045656204,0.007929481719016102,False
6.0,24.0,3.25,7.049391713103822,3.25,6.9934936903845815,0.007929481719016153,False
6.0,27.0,3.25,7.061603170639848,3.25,7.005608317391313,0.007929481719016133,False
6.0,30.0,3.25,7.055108160602108,3.25,6.999164809416932,0.007929481719016158,False
6.0,33.0,3.25,7.172209705836907,3.25,7.115337800089523,0.00792948171901614,False
6.0,36.0,3.25,5.8621572178087,3.25,5.8156733493160875,0.007929481719016092,False
6.0,39.0,3.25,5.59021343218039,3.25,5.545885936964517,0.00792948171901612,False
6.0,42.0,3.25,6.9649132296291505,3.25,6.909685077500273,0.00792948171901601,False
6.0,45.0,3.25,5.995974234311412,3.25,5.948429266232748,0.007929481719016215,False
6.0,48.0,3.25,4.900671565898899,3.25,4.861811780306202,0.007929481719016052,False
6.0,102.0,1.0,5.180456024286952,1.0,5.165556373587622,0.002876127242365975,False
6.0,117.0,1.0,5.207062412811318,1.0,5.192086238753132,0.0028761272423659507,False
9.0,-78.0,1.0,4.982854771471811,1.0,4.968523447118828,0.0028761272423659047,False
9.0,-75.0,3.25,4.864512255157205,3.25,4.825939194158006,0.007929481719016132,False
9.0,-72.0,3.25,4.7273515445357726,3.25,4.689866096884013,0.007929481719016205,False
9.0,-69.0,3.25,5.240214866196832,3.25,5.198662678211607,0.007929481719016251,False
9.0,-66.0,3.25,4.903028640213829,3.25,4.864150164243441,0.007929481719016107,False
9.0,-63.0,3.25,4.907124910994082,3.25,4.868213953719426,0.007929481719016172,False
9.0,-12.0,3.25,6.2056912646834785,3.25,6.156483349246313,0.007929481719016042,False
9.0,-9.0,3.25,5.974385597282361,3.25,5.927011815906358,0.007929481719016062,False
9.0,-6.0,3.25,6.10874613519814,3.25,6.060306944392976,0.007929481719016081,False
9.0,-3.0,3.25,6.359463612723691,3.25,6.309036362263851,0.007929481719016073,False
9.0,0.0,3.25,6.559367398635722,3.25,6.507355014759929,0.007929481719016212,False
9.0,3.0,3.25,6.5978851922027495,3.25,6.54556738218701,0.007929481719016189,False
9.0,6.0,3.25,7.1527573398444995,3.25,7.096039681277644,0.007929481719016099,False
9.0,9.0,3.25,7.766866655289434,3.25,7.70527942813228,0.007929481719016168,False
9.0,12.0,3.25,7.804315798999649,3.25,7.742431619542052,0.00792948171901612,False
9.0,15.0,3.25,7.730532074102634,3.25,7.66923296134277,0.007929481719016113,False
9.0,18.0,3.25,8.274820103558648,3.25,8.209205068819331,0.007929481719016257,False
9.0,21.0,3.25,7.336683647974145,3.25,7.27850754910933,0.007929481719016116,False
9.0,24.0,3.25,8.331099295333503,3.25,8.265037995771849,0.007929481719016104,False
9.0,27.0,3.25,9.297108706301819,3.25,9.223387452775492,0.007929481719016142,False
9.0,30.0,3.25,9.04975327345701,3.25,8.977993420313526,0.007929481719016255,False
9.0,33.0,3.25,8.166008222508337,3.25,8.101256009590621,0.0079294817190162,False
9.0,36.0,3.25,6.410715186583067,3.25,6.359881537705237,0.007929481719016144,False
9.0,39.0,3.25,6.3511230881223675,3.25,6.30076197369988,0.00792948171901606,False
9.0,42.0,3.25,6.54544516620387,3.25,6.493543178415634,0.007929481719016128,False
9.0,45.0,3.25,6.142561942064866,3.25,6.093854609437338,0.007929481719016132,False
9.0,48.0,3.25,6.19982003152762,3.25,6.150658671926432,0.007929481719016186,False
9.0,78.0,3.25,5.2162957321589625,3.25,5.174933210509827,0.00792948171901602,False
9.0,81.0,3.25,4.964538898242106,3.25,4.925172677805151,0.007929481719016107,False
9.0,99.0,3.25,4.970793725540913,3.25,4.931377907565237,0.00792948171901608,False
9.0,105.0,3.25,5.100903143265073,3.25,5.060455625040081,0.007929481719016099,False
9.0,126.0,3.25,5.372819177571998,3.25,5.330215506123861,0.007929481719016201,False
12.0,-84.0,1.0,5.216608663687809,1.0,5.2016050333974135,0.0028761272423660166,False
12.0,-72.0,3.25,4.6679590116357765,3.25,4.630944515987894,0.007929481719016205,False
12.0,-15.0,3.25,6.070634134189582,3.25,6.022497151799691,0.007929481719016132,False
12.0,-12.0,3.25,7.6571506269511875,3.25,7.596433391035025,0.007929481719016153,False
12.0,-9.0,3.25,8.461345297528508,3.25,8.394251214673472,0.007929481719016166,False
12.0,-6.0,3.25,8.21569291461957,3.25,8.150546727844043,0.00792948171901622,False
12.0,-3.0,3.25,8.060331669148804,3.25,7.996417416529082,0.007929481719016111,False
12.0,0.0,3.25,8.415977954669392,3.25,8.349243611330198,0.007929481719016142,False
12.0,3.0,3.25,8.75044823268792,3.25,8.681061713393625,0.007929481719015963,False
12.0,6.0,3.25,7.862729058764415,3.25,7.800381692431366,0.007929481719016107,False
12.0,9.0,3.25,7.806507719293605,3.25,7.744606159044108,0.007929481719016166,False
12.0,12.0,3.25,9.309406816218026,3.25,9.235588045053941,0.007929481719016104,False
12.0,15.0,3.25,10.571629810206442,3.25,10.487802264886204,0.007929481719016153,False
12.0,18.0,3.25,10.711319755657447,3.25,10.626384541468425,0.00792948171901611,False
12.0,21.0,3.25,10.727786679444755,3.25,10.642720891084593,0.007929481719016073,False
12.0,24.0,3.25,10.585110021832323,3.25,10.50117558542043,0.007929481719016012,False
12.0,27.0,3.25,10.860278688186629,3.25,10.774162306865232,0.007929481719016127,False
12.0,30.0,3.25,10.487475853513427,3.25,10.404315605454368,0.007929481719016241,False
12.0,33.0,3.25,10.435712540340276,3.25,10.35296274852674,0.007929481719016107,False
12.0,36.0,3.25,7.743223774515306,3.25,7.681824023149036,0.007929481719016028,False
12.0,39.0,3.25,7.6906366678775155,3.25,7.629653905011986,0.007929481719016139,False
12.0,42.0,3.25,6.240652310226026,3.25,6.191167171817353,0.007929481719016081,False
12.0,51.0,3.25,5.418580053599127,3.25,5.375613522121087,0.007929481719016196,False
12.0,78.0,3.25,5.666703783626392,3.25,5.621769759567047,0.007929481719016165,False
12.0,99.0,3.25,5.359769581182292,3.25,5.317269386270168,0.007929481719016054,False
12.0,105.0,3.25,5.366377635466625,3.25,5.323825042108855,0.007929481719016153,False
12.0,108.0,3.25,5.044238826926856,3.25,5.004240627362388,0.00792948171901612,False
15.0,-90.0,3.25,5.578271517049662,3.25,5.534038715031508,0.007929481719016218,False
15.0,-87.0,3.25,5.703666228068194,3.25,5.658439110981357,0.007929481719016196,False
15.0,-84.0,3.25,5.283827825466809,3.25,5.241929809318342,0.007929481719016017,False
15.0,-15.0,3.25,8.664047977936525,3.25,8.595346567882798,0.007929481719016192,False
15.0,-12.0,3.25,10.957225060578512,3.25,10.87033994476951,0.007929481719016068,False
15.0,-9.0,3.25,11.171704392571913,3.25,11.083118566820762,0.007929481719016127,False
15.0,-6.0,3.25,11.616477972204901,3.25,11.524365322484948,0.007929481719016161,False
15.0,-3.0,3.25,11.929534968236307,3.25,11.834939938789313,0.007929481719016187,False
15.0,0.0,3.25,12.045597075953939,3.25,11.95008173414553,0.00792948171901604,False
15.0,3.0,3.25,11.509366461878846,3.25,11.41810315092192,0.007929481719016127,False
15.0,6.0,3.25,10.921805099464914,3.25,10.83520084559005,0.007929481719016087,False
15.0,9.0,3.25,11.150428840309168,3.25,11.062011718660747,0.007929481719016048,False
15.0,12.0,3.25,11.595722609462554,3.25,11.503774539012039,0.007929481719016111,False
15.0,15.0,3.25,11.718677070213841,3.25,11.625754034614529,0.007929481719016005,False
15.0,18.0,3.25,12.594847460456773,3.25,12.494976847765285,0.007929481719016066,False
15.0,21.0,3.25,12.450277888590254,3.25,12.351553637676007,0.00792948171901608,False
15.0,24.0,3.25,11.695739377379748,3.25,11.602998225796439,0.007929481719016116,False
15.0,27.0,3.25,12.09558157618686,3.25,11.999669883197617,0.007929481719016135,False
15.0,30.0,3.25,13.102776123570338,3.25,12.998877899830127,0.007929481719016074,False
15.0,33.0,3.25,12.617374260565143,3.25,12.517325022024007,0.007929481719016099,False
15.0,36.0,3.25,8.028660527706288,3.25,7.9649974108236545,0.007929481719016127,False
15.0,39.0,3.25,5.770112949627535,3.25,5.724358944476805,0.007929481719016192,False
15.0,45.0,3.25,8.206126864236824,3.25,8.14105653128293,0.007929481719016269,False
15.0,48.0,3.25,6.0939133896232,3.25,6.045591814802916,0.007929481719016054,False
15.0,75.0,3.25,5.6314798100706085,3.25,5.586825093865645,0.007929481719016128,False
15.0,78.0,3.25,6.396773779984438,3.25,6.34605067923537,0.007929481719016123,False
15.0,99.0,3.25,5.879978825985639,3.25,5.833353641376784,0.007929481719016123,False
15.0,102.0,3.25,5.505373517863095,3.25,5.461718759196844,0.007929481719016104,False
15.0,105.0,3.25,5.596929512335737,3.25,5.552548762085049,0.007929481719016054,False
15.0,108.0,3.25,6.967041549853006,3.25,6.911796521247821,0.007929481719016113,False
18.0,-102.0,3.25,4.849251795637713,3.25,4.810799742173297,0.007929481719016153,False
18.0,-99.0,3.25,5.601155872041555,3.25,5.556741608948841,0.007929481719016168,False
18.0,-96.0,3.25,5.224175829395387,3.25,5.18275082265927,0.007929481719016163,False
18.0,-93.0,3.25,5.132904126730987,3.25,5.0922028572926115,0.007929481719016153,False
18.0,-90.0,3.25,5.103648090575366,3.25,5.063178806340856,0.007929481719016253,False
18.0,-66.0,3.25,4.852508162462337,3.25,4.814030287696716,0.007929481719016024,False
18.0,-15.0,3.25,9.432528617977486,3.25,9.357733554737138,0.007929481719016031,False
18.0,-12.0,3.25,15.636346950395188,3.25,15.512358823099836,0.0079294817190161,False
18.0,-9.0,3.25,14.636614005066189,3.25,14.52055324188472,0.007929481719016224,False
18.0,-6.0,3.25,13.89957543259975,3.25,13.789359003304865,0.00792948171901612,False
18.0,-3.0,3.25,16.063438139377766,3.25,15.936063400307024,0.007929481719016102,False
18.0,0.0,3.25,17.425726166833453,3.25,17.28754918975297,0.007929481719015948,False
18.0,3.0,3.25,15.700988046002566,3.25,15.576487348321297,0.00792948171901616,False
18.0,6.0,3.25,16.430567280849957,3.25,16.300281397963392,0.007929481719016142,False
18.0,9.0,3.25,15.373554470448203,3.25,15.251650151318486,0.00792948171901609,False
18.0,12.0,3.25,13.845946815714964,3.25,13.736155633557281,0.00792948171901619,False
18.0,15.0,3.25,13.71796518045682,3.25,13.60918882633629,0.007929481719016036,False
18.0,18.0,3.25,14.631895756209992,3.25,14.515872406296577,0.007929481719016059,False
18.0,21.0,3.25,13.69058345686758,3.25,13.582024225623684,0.00792948171901616,False
18.0,24.0,3.25,13.137196990300545,3.25,13.033025826926842,0.007929481719016217,False
18.0,27.0,3.25,14.164712539637094,3.25,14.052393710498922,0.00792948171901618,False
18.0,30.0,3.25,16.128353367268634,3.25,16.000463884085047,0.007929481719016017,False
18.0,33.0,3.25,13.674577215579339,3.25,13.566144905533127,0.007929481719016173,False
18.0,36.0,3.25,7.713562140194841,3.25,7.652397590215672,0.00792948171901608,False
18.0,42.0,3.25,6.174159133256381,3.25,6.125201251278929,0.007929481719016064,False
18.0,45.0,3.25,11.8341056891922,3.25,11.740267364468844,0.00792948171901624,False
18.0,48.0,3.25,13.433290340997246,3.25,13.326771310812072,0.007929481719016154,False
18.0,51.0,3.25,8.461451417918406,3.25,8.394356493583679,0.007929481719016113,False
18.0,54.0,3.25,6.544807313794926,3.25,6.492910383845706,0.007929481719016144,False
18.0,75.0,3.25,6.932146421055737,3.25,6.877178092736433,0.007929481719016031,False
18.0,78.0,3.25,6.674633733300916,3.25,6.621707347131578,0.007929481719016078,False
18.0,81.0,3.25,5.9087495263320085,3.25,5.861896204980714,0.007929481719016066,False
18.0,96.0,3.25,6.25692889164274,3.25,6.207314688379276,0.007929481719016099,False
18.0,99.0,3.25,5.678349884213081,3.25,5.633323512612036,0.007929481719016142,False
18.0,102.0,3.25,5.926084550202779,3.25,5.879093771096602,0.007929481719016153,False
18.0,105.0,3.25,5.770503286095417,3.25,5.724746185778802,0.007929481719016024,False
21.0,-105.0,3.25,5.176303054027717,3.25,5.135257653588717,0.007929481719016222,False
21.0,-102.0,3.25,7.426819821444694,3.25,7.367928989440122,0.007929481719016057,False
21.0,-99.0,3.25,5.418572140944364,3.25,5.375605672209575,0.007929481719016161,False
21.0,-90.0,3.25,5.147119182088479,3.25,5.106305194628511,0.00792948171901616,False
21.0,-87.0,3.25,5.079381391111461,3.25,5.039104529226733,0.007929481719016012,False
21.0,-78.0,3.25,5.021804764298165,3.25,4.981984455223194,0.007929481719016189,False
21.0,-15.0,3.25,11.009575015087782,3.25,10.922274791271505,0.007929481719016244,False
21.0,-12.0,3.25,14.82448030997122,3.25,14.706929864359388,0.007929481719016139,False
21.0,-9.0,3.25,15.440789931183968,3.25,15.318352469697476,0.007929481719016114,False
21.0,-6.0,3.25,19.40959474935538,3.25,19.255686722616858,0.00792948171901607,False
21.0,-3.0,3.25,20.394935269138617,3.25,20.233214002761468,0.007929481719016017,False
21.0,0.0,3.25,21.23122417633787,3.25,21.062871572359267,0.007929481719016133,False
21.0,3.0,3.25,21.333115596178644,3.25,21.163955046049086,0.007929481719016187,False
21.0,6.0,3.25,21.609606344916244,3.25,21.438253366449096,0.007929481719016111,False
21.0,9.0,3.25,18.850705467368083,3.25,18.70122914297403,0.007929481719016238,False
21.0,12.0,3.25,20.26246121178597,3.25,20.101790396024835,0.007929481719016264,False
21.0,15.0,3.25,17.429798358368814,3.25,17.291589090919988,0.007929481719016284,False
21.0,18.0,3.25,13.983475684114968,3.25,13.872593969309472,0.007929481719016094,False
21.0,21.0,3.25,13.873642928402925,3.25,13.763632130425997,0.007929481719016104,False
21.0,24.0,3.25,13.875445714200511,3.25,13.765420621066559,0.007929481719016036,False
21.0,27.0,3.25,12.508690143701802,3.25,12.409502713878481,0.007929481719016125,False
21.0,30.0,3.25,14.909719723830815,3.25,14.791493373845045,0.00792948171901609,False
21.0,33.0,3.25,15.37068876204493,3.25,15.248807166497608,0.007929481719016121,False
21.0,36.0,3.25,8.157862029967585,3.25,8.093174412134703,0.007929481719016009,False
21.0,42.0,3.25,10.569469237452203,3.25,10.485658824354124,0.007929481719016064,False
21.0,45.0,3.25,15.147284747948344,3.25,15.027174630446755,0.0079294817190162,False
21.0,48.0,3.25,14.451352857511065,3.25,14.33676111921238,0.007929481719016107,False
21.0,51.0,3.25,11.783728162600037,3.25,11.690289305552845,0.007929481719016031,False
21.0,54.0,3.25,9.920719022550891,3.25,9.842052862422078,0.007929481719016189,False
21.0,57.0,3.25,6.854791714519712,3.25,6.800436768931766,0.007929481719016033,False
21.0,75.0,3.25,7.213897574250437,3.25,7.156695105312563,0.007929481719016127,False
21.0,78.0,3.25,6.811243123468864,3.25,6.757233495637543,0.007929481719016163,False
21.0,81.0,3.25,6.870619073439721,3.25,6.8161386250985565,0.007929481719016166,False
21.0,84.0,3.25,6.60315106420376,3.25,6.550791498552255,0.007929481719016071,False
21.0,87.0,3.25,5.6835640394627625,3.25,5.638496322312985,0.007929481719016106,False
21.0,93.0,3.25,5.9535488162896755,3.25,5.906340259787637,0.007929481719016043,False
21.0,96.0,3.25,6.321471335188855,3.25,6.27134534379919,0.007929481719016208,False
21.0,99.0,3.25,5.970845430708515,3.25,5.923499721018641,0.007929481719016095,False
21.0,102.0,3.25,7.071945967096575,3.25,7.015869100832613,0.007929481719016099,False
21.0,105.0,1.0,6.654336562025372,1.0,6.635197843359459,0.0028761272423658726,False
24.0,-105.0,3.25,7.7703024907391525,3.25,7.708688019187611,0.007929481719016106,False
24.0,-102.0,3.25,8.115238866756362,3.25,8.05088922851697,0.007929481719015913,False
24.0,-99.0,3.25,5.554997446554304,3.25,5.510949195852671,0.007929481719015993,False
24.0,-15.0,3.25,6.576675203474537,3.25,6.524525577676679,0.007929481719016123,False
24.0,-12.0,3.25,10.061993073079124,3.25,9.982206682949277,0.007929481719016047,False
24.0,-9.0,3.25,14.118135020996622,3.25,14.006185527441028,0.007929481719016107,False
24.0,-6.0,3.25,20.556191648584434,3.25,20.393191702694395,0.007929481719015983,False
24.0,-3.0,3.25,20.344755215008583,3.25,20.183431850453314,0.007929481719016146,False
24.0,0.0,3.25,22.104508619200953,3.25,21.929231322197165,0.007929481719016116,False
24.0,3.0,3.25,23.749084364505016,3.25,23.5607664341933,0.00792948171901617,False
24.0,6.0,3.25,19.95498327231691,3.25,19.7967505972558,0.007929481719016019,False
24.0,9.0,3.25,17.21127229220953,3.25,17.074795823207445,0.00792948171901608,False
24.0,12.0,3.25,13.09641739348466,3.25,12.99256959117842,0.007929481719016094,False
24.0,15.0,3.25,15.089061614928585,3.25,14.969413176695902,0.007929481719016094,False
24.0,18.0,3.25,13.219758318728115,3.25,13.114932486809948,0.007929481719016153,False
24.0,21.0,3.25,12.205451166115585,3.25,12.108668264221526,0.007929481719016253,False
24.0,24.0,3.25,12.5535902149565,3.25,12.454046750838984,0.00792948171901607,False
24.0,27.0,3.25,11.315410065184116,3.25,11.225684727929067,0.007929481719016114,False
24.0,30.0,3.25,12.866153783514584,3.25,12.764131852294154,0.007929481719016149,False
24.0,33.0,3.25,14.056630327482898,3.25,13.945168534270154,0.007929481719016158,False
24.0,39.0,3.25,10.012349066476093,3.25,9.932956327589062,0.007929481719016104,False
24.0,42.0,3.25,14.216934541106427,3.25,14.104201618562275,0.007929481719016135,False
24.0,45.0,3.25,15.340029006278934,3.25,15.218390526704468,0.007929481719016149,False
24.0,48.0,3.25,14.654374360663885,3.25,14.538172767067383,0.00792948171901606,False
24.0,51.0,3.25,7.613079819423386,3.25,7.5527120421698575,0.007929481719016147,False
24.0,54.0,3.25,5.703547873554133,3.25,5.658321694957253,0.007929481719016132,False
24.0,57.0,3.25,6.388472649872583,3.25,6.337815372782983,0.007929481719016172,False
24.0,69.0,3.25,5.8613261438572835,3.25,5.814848865350376,0.00792948171901613,False
24.0,72.0,3.25,7.682337136176838,3.25,7.6214201842962055,0.007929481719016099,False
24.0,75.0,3.25,7.721218301179968,3.25,7.659993041812229,0.007929481719016106,False
24.0,78.0,3.25,7.523547135022729,3.25,7.46388930555341,0.007929481719016094,False
24.0,81.0,3.25,6.613380962993643,3.25,6.560940279546696,0.007929481719016184,False
24.0,84.0,3.25,6.9834709863647895,3.25,6.928095680843131,0.007929481719016019,False
24.0,87.0,3.25,6.46120437767637,3.25,6.409970375680759,0.007929481719015979,False
24.0,90.0,3.25,6.0025019163710365,3.25,5.954905187156813,0.007929481719016166,False
24.0,93.0,3.25,5.760982053113182,3.25,5.7153004512394405,0.00792948171901616,False
24.0,96.0,3.25,6.115690638019772,3.25,6.067196380906436,0.007929481719016113,False
24.0,99.0,3.25,7.502577456711499,3.25,7.443085905923003,0.007929481719016095,False
24.0,102.0,3.25,7.109178875996482,3.25,7.052806772062052,0.00792948171901611,False
24.0,105.0,3.25,7.366213196282175,3.25,7.30780294340388,0.007929481719016092,False
24.0,108.0,1.0,7.80905800638907,1.0,7.786598161919678,0.0028761272423659776,False
24.0,111.0,3.25,7.929641558046507,3.25,7.866763610273627,0.007929481719016088,False
24.0,114.0,1.0,7.742569494165669,1.0,7.7203008791175876,0.0028761272423659338,False
24.0,117.0,1.0,6.677423308736133,1.0,6.658218189649068,0.0028761272423658965,False
27.0,-114.0,3.25,5.8158996731544175,3.25,5.769782603016508,0.007929481719016062,False
27.0,-108.0,3.25,9.273554045894238,3.25,9.200019568617012,0.007929481719016102,False
27.0,-105.0,3.25,10.550783701609946,3.25,10.467121455126737,0.00792948171901612,False
27.0,-102.0,3.25,8.256045265313336,3.25,8.190579105310663,0.007929481719016295,False
27.0,-99.0,3.25,5.9413684553344925,3.25,5.894256482781978,0.00792948171901617,False
27.0,-81.0,3.25,5.773032779227499,3.25,5.727255621341334,0.007929481719016031,False
27.0,-12.0,3.25,6.4939117074372525,3.25,6.442418353268224,0.007929481719016068,False
27.0,-9.0,3.25,9.182288970235554,3.25,9.109478177707347,0.00792948171901622,False
27.0,-6.0,3.25,15.835873351966637,3.25,15.710303083717564,0.007929481719016026,False
27.0,-3.0,3.25,19.833364752974887,3.25,19.676096449739592,0.007929481719016212,False
27.0,0.0,3.25,24.101952186863812,3.25,23.910836197605477,0.007929481719016054,False
27.0,3.0,3.25,22.156776451700487,3.25,21.9810846978744,0.007929481719016147,False
27.0,6.0,3.25,18.154964201280354,3.25,18.011004744536912,0.007929481719015969,False
27.0,9.0,3.25,16.892510204704653,3.25,16.758561353848155,0.007929481719016092,False
27.0,12.0,3.25,13.741524372646234,3.25,13.63256120634192,0.007929481719016179,False
27.0,15.0,3.25,12.327974848109845,3.25,12.230220396919266,0.007929481719016186,False
27.0,18.0,3.25,11.043471802551835,3.25,10.95590279477903,0.007929481719016127,False
27.0,21.0,3.25,11.071958817912058,3.25,10.984163922871726,0.00792948171901605,False
27.0,24.0,3.25,10.943466847567986,3.25,10.856690827257536,0.00792948171901624,False
27.0,27.0,3.25,10.16880938367543,3.25,10.088175995563416,0.007929481719016154,False
27.0,30.0,3.25,10.013747348678505,3.25,9.934343522138313,0.007929481719016081,False
27.0,33.0,3.25,11.108227991969823,3.25,11.020145501176835,0.007929481719016175,False
27.0,36.0,3.25,7.292945255567221,3.25,7.235115979485416,0.00792948171901608,False
27.0,39.0,3.25,11.754472141276446,3.25,11.66126526931551,0.007929481719016116,False
27.0,42.0,3.25,14.07421126203836,3.25,13.962610061126457,0.007929481719016142,False
27.0,45.0,3.25,15.051740669937594,3.25,14.932388167455953,0.0079294817190161,False
27.0,48.0,3.25,12.389170955247883,3.25,12.29093125064448,0.00792948171901605,False
27.0,54.0,3.25,8.266091784138696,3.25,8.20054596044866,0.007929481719016133,False
27.0,57.0,3.25,6.129675216106459,3.25,6.081070068536836,0.007929481719016149,False
27.0,60.0,3.25,10.260843968838277,3.25,10.179480794165697,0.00792948171901613,False
27.0,63.0,3.25,9.701264243698672,3.25,9.624338246226918,0.007929481719016208,False
27.0,66.0,3.25,8.139979634499754,3.25,8.075433814794824,0.007929481719016258,False
27.0,69.0,3.25,8.082101284236083,3.25,8.018014409851496,0.007929481719016213,False
27.0,72.0,3.25,9.0390393842563,3.25,8.967364486701374,0.007929481719016022,False
27.0,75.0,3.25,8.5347649109873,3.25,8.467088648649527,0.00792948171901604,False
27.0,78.0,3.25,7.644314069242588,3.25,7.583698620576111,0.007929481719016106,False
27.0,81.0,3.25,7.3395533564536315,3.25,7.281354502287889,0.00792948171901613,False
27.0,84.0,3.25,7.1664715446850735,3.25,7.109645139581644,0.007929481719016182,False
27.0,87.0,3.25,7.985589950704108,3.25,7.922268361174441,0.007929481719016118,False
27.0,90.0,3.25,8.339187677616643,3.25,8.273062241375536,0.007929481719016255,False
27.0,93.0,1.0,7.535120824370137,3.25,7.496988660301809,0.00506059092576201,True
27.0,96.0,1.0,7.480651538609069,1.0,7.45913623292823,0.0028761272423658696,False
27.0,99.0,1.0,9.874826823356205,1.0,9.846425564915904,0.002876127242365954,False
27.0,102.0,3.25,7.965853872911346,3.25,7.902688780249742,0.007929481719016123,False
27.0,105.0,3.25,8.58856604952595,3.25,8.520463172043673,0.007929481719015911,False
27.0,108.0,3.25,9.081042124015934,3.25,9.009034166503934,0.007929481719016116,False
27.0,111.0,3.25,8.590072143157293,3.25,8.521957323133098,0.007929481719016153,False
27.0,114.0,1.0,8.096561844583123,3.25,8.03454313284212,0.007659882420646846,True
27.0,117.0,1.0,7.959504183259179,1.0,7.936611636441982,0.002876127242365946,False
27.0,120.0,1.0,7.633929079320425,1.0,7.611972927929102,0.0028761272423659247,False
30.0,-111.0,3.25,8.870467612071295,3.25,8.80012940130225,0.007929481719016182,False
30.0,-108.0,3.25,11.31099504246595,3.25,11.221304714052833,0.007929481719016173,False
30.0,-105.0,3.25,11.919360941491075,3.25,11.824846586803167,0.007929481719016074,False
30.0,-102.0,3.25,7.590133564957624,3.25,7.529947739609401,0.00792948171901615,False
30.0,-99.0,3.25,7.110476458535389,3.25,7.0540940654439375,0.007929481719016156,False
30.0,-96.0,3.25,6.473064637973455,3.25,6.421736590260635,0.007929481719016114,False
30.0,-93.0,3.25,6.088326583278272,3.25,6.0400493089367675,0.00792948171901609,False
30.0,-90.0,3.25,6.919981364301763,3.25,6.8651094985776,0.007929481719016099,False
30.0,-9.0,3.25,9.470535996662338,3.25,9.395439554607519,0.007929481719016286,False
30.0,-6.0,3.25,17.94644616917975,3.25,17.80414015235993,0.007929481719016236,False
30.0,-3.0,3.25,17.862451959137065,3.25,17.720811972870283,0.007929481719016154,False
30.0,0.0,3.25,16.529320634419175,3.25,16.398251688620793,0.007929481719016114,False
30.0,3.0,3.25,12.486097737824386,3.25,12.387089454070459,0.007929481719016085,False
30.0,6.0,3.25,13.075511859136723,3.25,12.97182982688292,0.00792948171901606,False
30.0,9.0,3.25,11.43889371219941,3.25,11.348189213622756,0.007929481719016175,False
30.0,12.0,3.25,9.36767426131024,3.25,9.293393459505483,0.007929481719016144,False
30.0,15.0,3.25,8.30192855121357,3.25,8.236098560534144,0.007929481719016064,False
30.0,18.0,3.25,6.950936623143375,3.25,6.89581929826012,0.007929481719016059,False
30.0,21.0,3.25,7.991695519820338,3.25,7.92832551629198,0.007929481719016068,False
30.0,24.0,3.25,7.580759880544055,3.25,7.52064838365503,0.00792948171901614,False
30.0,27.0,3.25,7.987455028852895,3.25,7.924118650220143,0.00792948171901611,False
30.0,30.0,3.25,6.550662324574316,3.25,6.498718967424156,0.00792948171901613,False
30.0,33.0,3.25,7.596481110202574,3.25,7.536244952110371,0.007929481719016182,False
30.0,36.0,3.25,9.181101879484656,3.25,9.108300499970857,0.007929481719016137,False
30.0,39.0,3.25,12.252848080771047,3.25,12.15568934590869,0.00792948171901615,False
30.0,42.0,3.25,16.655860000192213,3.25,16.5237876628062,0.00792948171901596,False
30.0,45.0,3.25,13.069340667406344,3.25,12.965707569504552,0.00792948171901607,False
30.0,48.0,3.25,9.879533252218232,3.25,9.801193673902358,0.007929481719015974,False
30.0,51.0,3.25,10.268915575759928,3.25,10.18748839742782,0.007929481719016085,False
30.0,54.0,3.25,13.809348680213716,3.25,13.699847702302442,0.00792948171901614,False
30.0,57.0,3.25,13.54968024064042,3.25,13.442238298873749,0.007929481719016068,False
30.0,60.0,3.25,17.566088236137716,3.25,17.42679826059464,0.007929481719015965,False
30.0,63.0,3.25,17.92854030391714,3.25,17.78637627132858,0.007929481719016246,False
30.0,66.0,3.25,14.112497056221086,3.25,14.000592268804112,0.007929481719016085,False
30.0,69.0,3.25,8.923467018066887,3.25,8.852708549476882,0.00792948171901622,False
30.0,72.0,3.25,8.472826537330041,3.25,8.405641414193887,0.007929481719016212,False
30.0,75.0,3.25,7.857713164172092,3.25,7.795405571283517,0.007929481719016161,False
30.0,78.0,3.25,7.42511076845318,3.25,7.3662334883530605,0.007929481719016201,False
30.0,81.0,1.0,20.363465482739155,1.0,20.304897564915272,0.0028761272423658488,False
30.0,84.0,3.25,14.719102136758613,3.25,14.602387285444854,0.007929481719016154,False
30.0,87.0,3.25,16.462951957802375,3.25,16.332409281211937,0.007929481719016277,False
30.0,90.0,1.0,17.2844103994383,1.0,17.234698235820243,0.00287612724236592,False
30.0,93.0,3.25,9.843294566379388,3.25,9.765242342060393,0.007929481719016007,False
30.0,96.0,1.0,11.45223717220708,1.0,11.419299080890061,0.002876127242365831,False
30.0,99.0,3.25,11.648541423100168,3.25,11.556174526832494,0.007929481719016016,False
30.0,102.0,1.0,12.566794834085648,1.0,12.53065113311411,0.0028761272423659754,False
30.0,105.0,3.25,9.729716477675641,3.25,9.652564868734702,0.007929481719016149,False
30.0,108.0,1.0,9.906105237302238,3.25,9.861840944528913,0.0044683850729391504,True
30.0,111.0,3.25,9.323183776701935,3.25,9.24925576138155,0.007929481719016092,False
30.0,114.0,3.25,8.511399854049209,3.25,8.443908864503289,0.007929481719016175,False
30.0,117.0,3.25,8.613021977445433,3.25,8.544725177129795,0.00792948171901615,False
30.0,120.0,3.25,8.569771972237849,3.25,8.501818122047853,0.00792948171901602,False
33.0,-117.0,3.25,8.369815249674362,3.25,8.303446952660526,0.007929481719016264,False
33.0,-114.0,3.25,14.931228021141886,3.25,14.81283112150578,0.007929481719016057,False
33.0,-111.0,3.25,13.250809537256346,3.25,13.145737485268508,0.00792948171901606,False
33.0,-108.0,3.25,13.813307023442409,3.25,13.703774657920865,0.007929481719016111,False
33.0,-105.0,3.25,11.822389032875337,3.25,11.728643615164057,0.007929481719016054,False
33.0,-102.0,3.25,8.55611253640331,3.25,8.488266998460055,0.007929481719016102,False
33.0,-99.0,3.25,7.317776617958067,3.25,7.259750442042125,0.007929481719016128,False
33.0,-96.0,3.25,7.272737162764105,3.25,7.215068126384757,0.00792948171901614,False
33.0,-93.0,3.25,7.326094973959436,3.25,7.268002837791649,0.007929481719016161,False
33.0,-90.0,3.25,7.181162514704286,3.25,7.1242196178226544,0.00792948171901612,False
33.0,-87.0,3.25,7.227379367606589,3.25,7.170069995034758,0.007929481719016064,False
33.0,-84.0,3.25,7.501663602352045,3.25,7.442179297954986,0.007929481719016097,False
33.0,-81.0,3.25,6.945433174767677,3.25,6.890359489377708,0.007929481719016198,False
33.0,-6.0,3.25,8.807315078569394,3.25,8.737477634660262,0.00792948171901616,False
33.0,-3.0,3.25,9.942989340821935,3.25,9.864146588611515,0.007929481719016156,False
33.0,0.0,3.25,11.570231962140092,3.25,11.478486019311525,0.007929481719016196,False
33.0,3.0,3.25,11.135287530231299,3.25,11.04699047132434,0.007929481719016212,False
33.0,6.0,3.25,10.833351486501767,3.25,10.747448623933874,0.007929481719016269,False
33.0,9.0,3.25,9.342049752395614,3.25,9.267972139665853,0.007929481719016229,False
33.0,36.0,3.25,7.5015195294519135,3.25,7.442036367478282,0.00792948171901609,False
33.0,39.0,3.25,10.903816372419463,3.25,10.817354759826854,0.007929481719016177,False
33.0,42.0,3.25,12.406703602020853,3.25,12.308324872615376,0.007929481719016198,False
33.0,45.0,3.25,11.31510814724164,3.25,11.225385204039396,0.00792948171901617,False
33.0,48.0,3.25,12.010934665448334,3.25,11.915694178590364,0.007929481719016114,False
33.0,51.0,3.25,13.113843459197152,3.25,13.00985747722141,0.007929481719016137,False
33.0,54.0,3.25,17.56166120954751,3.25,17.422406338030846,0.007929481719016184,False
33.0,57.0,3.25,21.210198746602366,3.25,21.042012863384482,0.00792948171901621,False
33.0,60.0,3.25,12.52619293562894,3.25,12.426866717737001,0.007929481719016135,False
33.0,63.0,3.25,16.771284559896877,3.25,16.638296965574757,0.007929481719016166,False
33.0,66.0,3.25,15.084415122770235,3.25,14.964803528812178,0.00792948171901612,False
33.0,69.0,3.25,9.22050736572888,3.25,9.147393521132278,0.007929481719016241,False
33.0,72.0,3.25,8.844698701989197,3.25,8.774564825321567,0.00792948171901617,False
33.0,75.0,3.25,8.782903806087827,3.25,8.713259930917577,0.00792948171901608,False
33.0,78.0,3.25,16.493668161009857,3.25,16.36288192084761,0.007929481719016244,False
33.0,81.0,3.25,26.978483598812947,3.25,26.76455820630938,0.007929481719016189,False
33.0,84.0,3.25,19.401805620919195,3.25,19.24795935793221,0.007929481719016215,False
33.0,87.0,3.25,19.45289117588383,3.25,19.29863983092265,0.007929481719016168,False
33.0,90.0,3.25,17.57251451137449,3.25,17.433173578799398,0.007929481719016241,False
33.0,93.0,3.25,16.874495808668968,3.25,16.74068980263651,0.007929481719016312,False
33.0,96.0,3.25,16.384389496260646,3.25,16.254469779272807,0.007929481719016149,False
33.0,99.0,3.25,15.168476754548035,3.25,15.048198595417526,0.007929481719016057,False
33.0,102.0,3.25,12.258312617808649,3.25,12.16111055199975,0.007929481719016177,False
33.0,105.0,1.0,9.775869323895469,1.0,9.747752679815203,0.0028761272423659516,False
33.0,108.0,1.0,11.12557539432823,3.25,11.043253954780782,0.007399297261462517,True
33.0,111.0,3.25,10.146703185687524,3.25,10.066245088268332,0.007929481719016218,False
33.0,114.0,3.25,9.517258973022862,3.25,9.441792041981135,0.007929481719016206,False
33.0,117.0,3.25,8.987431579719656,3.25,8.916165905307361,0.007929481719016128,False
33.0,120.0,3.25,8.765253330161721,3.25,8.69574941411766,0.00792948171901596,False
36.0,-120.0,3.25,12.05438207044767,3.25,11.95879706818602,0.007929481719016099,False
36.0,-117.0,3.25,26.1219823549003,3.25,25.914848573352657,0.007929481719016107,False
36.0,-114.0,3.25,22.21151884476488,3.25,22.03539301213373,0.007929481719016203,False
36.0,-111.0,3.25,15.249405925317992,3.25,15.128486039807328,0.007929481719016083,False
36.0,-108.0,3.25,12.497830964032056,3.25,12.398729641875411,0.007929481719016094,False
36.0,-105.0,3.25,12.078484144419043,3.25,11.982708025202447,0.007929481719016087,False
36.0,-102.0,3.25,8.979042324354008,3.25,8.907843172388771,0.00792948171901609,False
36.0,-99.0,3.25,8.297412837476847,3.25,8.231618654066944,0.007929481719016168,False
36.0,-96.0,3.25,7.867096639590647,3.25,7.80471464060528,0.007929481719016168,False
36.0,-93.0,3.25,8.136347440126618,3.25,8.07183042184057,0.007929481719016241,False
36.0,-90.0,3.25,8.012226027971318,3.25,7.948693228153894,0.007929481719016184,False
36.0,-87.0,3.25,8.678333567499653,3.25,8.609518880124641,0.007929481719016038,False
36.0,-84.0,3.25,8.159364373886447,3.25,8.094664843244923,0.007929481719016189,False
36.0,-81.0,3.25,8.545299934937855,3.25,8.477540135320256,0.007929481719016121,False
36.0,-78.0,3.25,7.55995180941358,3.25,7.500005309744192,0.007929481719016104,False
36.0,3.0,3.25,9.855418717714834,3.25,9.777270355159464,0.007929481719016153,False
36.0,6.0,3.25,8.87083872074968,3.25,8.800497567281154,0.007929481719016227,False
36.0,9.0,3.25,8.718011448786216,3.25,8.648882136376892,0.007929481719016118,False
36.0,39.0,3.25,9.390604889414217,3.25,9.316142259613104,0.007929481719016081,False
36.0,42.0,3.25,12.123739464513129,3.25,12.027604494063157,0.0079294817190162,False
36.0,45.0,3.25,10.572827162847233,3.25,10.488990123141118,0.007929481719016175,False
36.0,48.0,3.25,11.024359773459938,3.25,10.93694231417243,0.007929481719016175,False
36.0,51.0,3.25,14.097029234922157,3.25,13.985247099311406,0.00792948171901611,False
36.0,54.0,3.25,11.792819158383459,3.25,11.699308214451394,0.00792948171901616,False
36.0,57.0,3.25,13.336055673968172,3.25,13.23030766429766,0.00792948171901611,False
36.0,60.0,3.25,11.439396232783505,3.25,11.348687749479065,0.00792948171901618,False
36.0,63.0,3.25,14.445333200999634,3.25,14.33078919545721,0.007929481719016163,False
36.0,66.0,3.25,13.641385274077084,3.25,13.533216158924235,0.007929481719016066,False
36.0,69.0,3.25,12.344893076715021,3.25,12.24700447274,0.00792948171901612,False
36.0,72.0,3.25,13.082991871914336,3.25,12.979250527035957,0.007929481719015988,False
36.0,75.0,1.0,18.69259983096032,1.0,18.638837535355847,0.00287612724236602,False
36.0,78.0,3.25,19.023039725579135,3.25,18.872196879835037,0.007929481719016153,False
36.0,81.0,3.25,18.666922202749912,3.25,18.51890318439291,0.007929481719016087,False
36.0,84.0,1.0,20.349050687429965,1.0,20.29052422839156,0.0028761272423660175,False
36.0,87.0,3.25,19.54243303063038,3.25,19.3874716651689,0.007929481719016184,False
36.0,90.0,1.0,18.34211443648572,1.0,18.289360181472347,0.002876127242366061,False
36.0,93.0,3.25,18.132518875152115,3.25,17.988737398211885,0.007929481719015937,False
36.0,96.0,3.25,15.743956769295677,3.25,15.619115351908567,0.007929481719016094,False
36.0,99.0,3.25,16.20767671778476,3.25,16.079158241543364,0.007929481719016045,False
36.0,102.0,3.25,11.701179406247515,3.25,11.608395118054748,0.007929481719016106,False
36.0,105.0,3.25,10.63311875283653,3.25,10.548803632069784,0.007929481719016244,False
36.0,108.0,3.25,11.280391840516588,3.25,11.190944179633874,0.007929481719016017,False
36.0,111.0,3.25,10.996499752529454,3.25,10.909303208768607,0.007929481719016031,False
36.0,114.0,3.25,10.970636785078966,3.25,10.883645321245716,0.007929481719016198,False
36.0,117.0,3.25,9.802029241739803,3.25,9.724304230058166,0.007929481719016012,False
36.0,120.0,3.25,8.863041368712647,3.25,8.792762044204556,0.00792948171901615,False
36.0,129.0,1.0,8.827928588400727,1.0,8.802538342493966,0.0028761272423660526,False
36.0,138.0,1.0,9.435474005422186,1.0,9.408336381590557,0.0028761272423658583,False
39.0,-123.0,3.25,14.176861974739184,3.25,14.064446806877475,0.007929481719016104,False
39.0,-120.0,1.0,16.339263133902246,3.25,16.262709789175343,0.004685238501855292,True
39.0,-117.0,3.25,20.669321623149447,3.25,20.50542461519422,0.007929481719016113,False
39.0,-114.0,3.25,16.092488372903286,3.25,15.964883280536869,0.007929481719016215,False
39.0,-111.0,3.25,16.4852230594175,3.25,16.354503784533946,0.007929481719016073,False
39.0,-108.0,3.25,17.860431487554695,3.25,17.71880752258039,0.007929481719016076,False
39.0,-105.0,3.25,15.522856768676174,3.25,15.39976855970205,0.00792948171901618,False
39.0,-102.0,3.25,9.866274037835675,3.25,9.788039598217853,0.007929481719016125,False
39.0,-99.0,3.25,9.125321724884692,3.25,9.052962653087079,0.007929481719016107,False
39.0,-96.0,3.25,9.063552209273734,3.25,8.99168293772095,0.007929481719016019,False
39.0,-93.0,3.25,8.522728681461663,3.25,8.455147860185878,0.007929481719016128,False
39.0,-90.0,3.25,9.096508581176042,3.25,9.024377982674734,0.007929481719016104,False
39.0,-87.0,3.25,8.957523935291514,3.25,8.88649541299897,0.007929481719016135,False
39.0,-84.0,3.25,9.10287405570105,3.25,9.030692982285862,0.007929481719016283,False
39.0,-81.0,3.25,9.606490224791402,3.25,9.530315736170012,0.007929481719016114,False
39.0,-78.0,3.25,10.087946243946275,3.25,10.007954058622486,0.007929481719016092,False
39.0,-9.0,3.25,7.89964300458778,3.25,7.8370029297961485,0.007929481719016019,False
39.0,-6.0,3.25,9.053230818421278,3.25,8.981443390148574,0.007929481719016123,False
39.0,-3.0,3.25,10.865024799233858,3.25,10.778870783711676,0.007929481719016094,False
39.0,21.0,3.25,7.526450418084414,3.25,7.466769567085132,0.00792948171901616,False
39.0,27.0,3.25,8.58462189241459,3.25,8.516550290054024,0.007929481719016057,False
39.0,30.0,3.25,9.937982947873628,3.25,9.859179893764571,0.007929481719016074,False
39.0,33.0,3.25,10.868254843255686,3.25,10.782075215158482,0.007929481719016088,False
39.0,36.0,3.25,10.597307957382442,3.25,10.513276797663593,0.007929481719016222,False
39.0,39.0,3.25,12.1521680497713,3.25,12.055807655374227,0.007929481719016022,False
39.0,42.0,3.25,9.84586069601047,3.25,9.767788123613476,0.007929481719016123,False
39.0,45.0,3.25,11.299215536542624,3.25,11.209618613506386,0.007929481719016142,False
39.0,48.0,3.25,11.22003578372916,3.25,11.131066715095374,0.007929481719016128,False
39.0,54.0,3.25,10.716284697063342,3.25,10.631310113462206,0.00792948171901614,False
39.0,57.0,3.25,13.826329000821078,3.25,13.716693377767964,0.007929481719016175,False
39.0,60.0,3.25,13.425513823312395,3.25,13.319056456882041,0.007929481719016088,False
39.0,63.0,3.25,14.212972894310639,3.25,14.10027138557233,0.007929481719016121,False
39.0,66.0,3.25,12.56959012114925,3.25,12.469919786068072,0.007929481719016113,False
39.0,69.0,3.25,14.056577078334607,3.25,13.945115707360012,0.007929481719016121,False
39.0,72.0,1.0,22.889879748101475,1.0,22.82404554138348,0.002876127242365913,False
39.0,75.0,3.25,16.400755944169834,3.25,16.270706449732494,0.00792948171901617,False
39.0,78.0,3.25,18.411768266166565,3.25,18.265772486285236,0.007929481719016099,False
39.0,81.0,3.25,20.912992738496868,3.25,20.74716354488704,0.007929481719016097,False
39.0,84.0,3.25,22.457965096353185,3.25,22.27988507267535,0.007929481719016186,False
39.0,87.0,3.25,26.8239257699059,3.25,26.611225940881187,0.007929481719016127,False
39.0,90.0,3.25,17.816994698777506,3.25,17.675715165025743,0.007929481719016133,False
39.0,93.0,3.25,21.22132823593277,3.25,21.0530541016327,0.007929481719016142,False
39.0,96.0,3.25,18.075745031945235,3.25,17.93241374215683,0.007929481719016135,False
39.0,99.0,3.25,15.142401503083306,3.25,15.022330107182604,0.007929481719016154,False
39.0,102.0,3.25,16.074606920174364,3.25,15.947143618460473,0.007929481719016064,False
39.0,105.0,3.25,15.286770063775533,3.25,15.165553900012023,0.007929481719016047,False
39.0,108.0,3.25,13.680904601327716,3.25,13.572422118391884,0.00792948171901616,False
39.0,111.0,3.25,13.491755465217912,3.25,13.38477283689903,0.007929481719016154,False
39.0,114.0,3.25,12.106305650277132,3.25,12.010308920938439,0.0079294817190161,False
39.0,117.0,3.25,11.614887158260359,3.25,11.522787122870499,0.007929481719016087,False
39.0,126.0,1.0,10.082621192203112,3.25,10.012397770659529,0.0069647981616017055,True
39.0,141.0,1.0,10.168108191309726,1.0,10.138863418337374,0.00287612724236605,False
42.0,-123.0,3.25,14.150384615741237,3.25,14.03817939961367,0.007929481719016104,False
42.0,-120.0,3.25,15.898873583828362,3.25,15.772803756392447,0.00792948171901608,False
42.0,-117.0,3.25,15.760925662794179,3.25,15.635949690876279,0.007929481719016217,False
42.0,-114.0,3.25,14.526270565063221,3.25,14.41108476817207,0.007929481719016116,False
42.0,-111.0,3.25,15.47158002590931,3.25,15.348898414929566,0.00792948171901615,False
42.0,-108.0,3.25,13.311500939120078,3.25,13.20594763577066,0.007929481719016146,False
42.0,-105.0,3.25,13.830748148880001,3.25,13.721077484273142,0.007929481719016097,False
42.0,-102.0,3.25,9.994206869117383,3.25,9.91495798845265,0.00792948171901616,False
42.0,-99.0,3.25,9.767789139234146,3.25,9.690335633819386,0.007929481719016074,False
42.0,-96.0,3.25,9.83054255498155,3.25,9.752591447503812,0.007929481719016248,False
42.0,-93.0,3.25,9.9290080451365,3.25,9.850276157354626,0.007929481719016146,False
42.0,-90.0,3.25,9.97161969493958,3.25,9.892549918859576,0.007929481719016102,False
42.0,-87.0,3.25,10.655033706515406,3.25,10.570544811524092,0.007929481719016019,False
42.0,-84.0,3.25,10.55095620444959,3.25,10.467292590108269,0.007929481719016078,False
42.0,-81.0,3.25,10.839593787656414,3.25,10.753641426875632,0.007929481719016094,False
42.0,-78.0,3.25,11.805068738665115,3.25,11.711460661910142,0.007929481719016113,False
42.0,-75.0,3.25,11.459347528097863,3.25,11.36848084136196,0.007929481719016054,False
42.0,-72.0,3.25,10.799363017787153,3.25,10.71372966616059,0.007929481719016137,False
42.0,-9.0,3.25,9.149983874698288,3.25,9.077429244834576,0.007929481719016042,False
42.0,-6.0,3.25,10.1896758188874,3.25,10.108876970758832,0.007929481719016092,False
42.0,-3.0,3.25,11.3435156875454,3.25,11.253567487271635,0.007929481719016248,False
42.0,0.0,3.25,9.583218378910445,3.25,9.507228423965534,0.007929481719016213,False
42.0,3.0,3.25,9.43044900820381,3.25,9.355670435191143,0.007929481719016234,False
42.0,9.0,3.25,12.181420053584187,3.25,12.084827705957634,0.00792948171901616,False
42.0,12.0,3.25,9.54136415712729,3.25,9.465706084468875,0.00792948171901597,False
42.0,15.0,3.25,9.389303932383047,3.25,9.31485161849693,0.007929481719016163,False
42.0,21.0,3.25,11.056239031174691,3.25,10.96856878589592,0.00792948171901599,False
42.0,24.0,3.25,10.262007427959533,3.25,10.18063502765912,0.00792948171901617,False
42.0,27.0,3.25,10.384341451525888,3.25,10.301999005821992,0.007929481719016106,False
42.0,42.0,3.25,9.666866966600438,3.25,9.590213721708619,0.007929481719016135,False
42.0,45.0,3.25,10.868628888643208,3.25,10.782446294559941,0.007929481719016139,False
42.0,48.0,3.25,12.816614308711708,3.25,12.7149851998511,0.007929481719016009,False
42.0,54.0,3.25,14.008115134980029,3.25,13.89703804209933,0.007929481719016218,False
42.0,57.0,3.25,13.000188778818938,3.25,12.897104019553534,0.00792948171901613,False
42.0,60.0,3.25,12.123670144183507,3.25,12.027535723407821,0.007929481719016196,False
42.0,63.0,3.25,17.82292101709442,3.25,17.6815944907099,0.007929481719016074,False
42.0,66.0,3.25,16.89876084177175,3.25,16.764762426602896,0.007929481719016088,False
42.0,69.0,3.25,13.325088749403378,3.25,13.219427701760717,0.007929481719016081,False
42.0,72.0,3.25,14.964406654398827,3.25,14.845746665396849,0.007929481719016085,False
42.0,75.0,3.25,13.221018299948081,3.25,13.116182477031865,0.007929481719016166,False
42.0,78.0,1.0,16.986495793809585,1.0,16.937640470504675,0.0028761272423659047,False
42.0,81.0,1.0,22.087522112432577,1.0,22.02399558836865,0.002876127242365956,False
42.0,84.0,3.25,17.740267252569517,3.25,17.599596127699808,0.00792948171901602,False
42.0,87.0,3.25,13.722125021965436,3.25,13.613315682457708,0.00792948171901605,False
42.0,90.0,3.25,19.71311496811144,3.25,19.55680018334694,0.00792948171901601,False
42.0,93.0,3.25,24.502217039460014,3.25,24.30792715737025,0.007929481719016081,False
42.0,96.0,3.25,17.867354577067633,3.25,17.7256757155816,0.007929481719016028,False
42.0,99.0,3.25,22.63530673009149,3.25,22.455820479170907,0.007929481719016111,False
42.0,102.0,3.25,21.5381729472145,3.25,21.367386398568552,0.007929481719016175,False
42.0,105.0,3.25,20.637650756416207,3.25,20.474004882019766,0.007929481719016066,False
42.0,108.0,3.25,16.694977877157786,3.25,16.562595355281484,0.007929481719016165,False
42.0,111.0,3.25,15.735694546978804,3.25,15.610918644732514,0.0079294817190161,False
42.0,114.0,3.25,14.808004261097025,3.25,14.690584462013543,0.007929481719016142,False
42.0,117.0,3.25,13.713174343777311,3.25,13.604435978508649,0.007929481719016057,False
42.0,120.0,3.25,13.478743758451802,3.25,13.371864306223857,0.007929481719016035,False
42.0,123.0,3.25,12.257907670140634,3.25,12.160708815356868,0.007929481719015995,False
42.0,126.0,3.25,12.299850035348202,3.25,12.202318599346269,0.007929481719016113,False
42.0,129.0,3.25,13.837066120078505,3.25,13.727345357234526,0.007929481719016087,False
42.0,141.0,3.25,12.071352382205752,3.25,11.97563281416725,0.007929481719016132,False
45.0,-123.0,3.25,12.272330156892751,3.25,12.17501693926394,0.007929481719016073,False
45.0,-120.0,3.25,15.577285948547367,3.25,15.453766144386474,0.007929481719016085,False
45.0,-117.0,3.25,17.465218524739967,3.25,17.32672839372942,0.00792948171901602,False
45.0,-114.0,3.25,18.14861532596697,3.25,18.004706212514257,0.007929481719016132,False
45.0,-111.0,3.25,18.193931470315363,3.25,18.049663023324463,0.007929481719016227,False
45.0,-108.0,3.25,18.728421852854375,3.25,18.579915174146144,0.007929481719016095,False
45.0,-105.0,3.25,12.89476880891954,3.25,12.792519975378273,0.007929481719016173,False
45.0,-102.0,3.25,11.223157899522569,3.25,11.134164074128673,0.007929481719016139,False
45.0,-99.0,3.25,10.797344000330279,3.25,10.711726658465732,0.007929481719016043,False
45.0,-96.0,3.25,11.189323212104794,3.25,11.100597678246247,0.007929481719016047,False
45.0,-93.0,3.25,11.554577513331347,3.25,11.462955702168431,0.00792948171901618,False
45.0,-90.0,3.25,11.559526869308426,3.25,11.467865812317768,0.007929481719016201,False
45.0,-87.0,3.25,11.263134817890053,3.25,11.17382399625278,0.007929481719016118,False
45.0,-84.0,3.25,11.689733564969803,3.25,11.597040036366206,0.007929481719016106,False
45.0,-81.0,3.25,12.090408856812093,3.25,11.99453818080657,0.007929481719016215,False
45.0,-78.0,3.25,12.255316638478396,3.25,12.158138329232827,0.00792948171901617,False
45.0,-75.0,3.25,11.389527826982116,3.25,11.299214774289837,0.007929481719016031,False
45.0,-72.0,3.25,12.492308555582348,3.25,12.39325102326255,0.007929481719015993,False
45.0,-69.0,3.25,12.068819982142596,3.25,11.973120494724101,0.007929481719015995,False
45.0,-63.0,1.0,12.750558417174409,3.25,12.662926006044033,0.006872829272507662,True
45.0,0.0,3.25,10.715774070269815,3.25,10.630803535674504,0.007929481719016026,False
45.0,3.0,3.25,11.838287071808889,3.25,11.744415590888515,0.007929481719016147,False
45.0,6.0,3.25,15.94175222322345,3.25,15.815342390400314,0.00792948171901616,False
45.0,9.0,3.25,10.703286615375417,3.25,10.618415099825409,0.007929481719015972,False
45.0,12.0,3.25,9.812974807125299,3.25,9.735163002783034,0.00792948171901598,False
45.0,15.0,3.25,11.760619224995843,3.25,11.667363609846928,0.007929481719016125,False
45.0,18.0,3.25,10.06026079008449,3.25,9.98048813606098,0.007929481719016088,False
45.0,21.0,3.25,10.870770197076562,3.25,10.784570623527218,0.007929481719016106,False
45.0,24.0,3.25,11.960604870160164,3.25,11.865763472493853,0.007929481719016201,False
45.0,27.0,3.25,12.122313605863422,3.25,12.026189941733547,0.007929481719016175,False
45.0,39.0,3.25,11.843520319780868,3.25,11.74960734191637,0.007929481719016113,False
45.0,42.0,3.25,13.396347258912783,3.25,13.290121168221644,0.00792948171901603,False
45.0,45.0,3.25,12.84157513626388,3.25,12.739748100977504,0.007929481719016137,False
45.0,54.0,3.25,14.203166773227391,3.25,14.090543021946946,0.007929481719016213,False
45.0,57.0,3.25,15.9613471525307,3.25,15.834781942073837,0.007929481719016107,False
45.0,60.0,3.25,11.92403385632805,3.25,11.829482447847369,0.007929481719016017,False
45.0,63.0,3.25,16.00301085922767,3.25,15.876115277170205,0.00792948171901616,False
45.0,66.0,3.25,15.811328227436565,3.25,15.685952589303744,0.007929481719016087,False
45.0,69.0,3.25,15.723459040742448,3.25,15.598780159719182,0.007929481719016133,False
45.0,72.0,3.25,15.628773219119465,3.25,15.504845147587808,0.007929481719016114,False
45.0,75.0,3.25,14.99291546867814,3.25,14.874029419554502,0.007929481719016187,False
45.0,78.0,3.25,13.279951086613925,3.25,13.174647957243192,0.007929481719016154,False
45.0,81.0,3.25,13.898742425145524,3.25,13.788532601168018,0.007929481719016177,False
45.0,84.0,3.25,16.26256766937057,3.25,16.133613936332033,0.007929481719016073,False
45.0,87.0,3.25,16.713532970157566,3.25,16.581003316010527,0.007929481719016182,False
45.0,90.0,3.25,18.062304933206462,3.25,17.919080216435308,0.007929481719016071,False
45.0,93.0,3.25,20.399336051472286,3.25,20.23757988917207,0.007929481719016054,False
45.0,96.0,3.25,24.750100884106754,3.25,24.553845411602424,0.00792948171901614,False
45.0,99.0,3.25,19.785643081335937,3.25,19.628753186223506,0.007929481719016156,False
45.0,102.0,3.25,17.242623498194963,3.25,17.105898430378147,0.007929481719016163,False
45.0,105.0,3.25,17.41137613160631,3.25,17.273312942867822,0.007929481719016281,False
45.0,108.0,3.25,16.651580925287128,3.25,16.519542518747347,0.007929481719016074,False
45.0,111.0,3.25,16.457913664512876,3.25,16.327410938976975,0.007929481719016182,False
45.0,114.0,3.25,16.177239683358028,3.25,16.0489625570247,0.007929481719015937,False
45.0,117.0,3.25,15.94713046253066,3.25,15.820677983057259,0.007929481719016116,False
45.0,120.0,3.25,15.804560097434452,3.25,15.679238127064753,0.007929481719016165,False
45.0,123.0,3.25,13.487660564014353,3.25,13.380710406139707,0.007929481719016095,False
45.0,126.0,3.25,13.052939383540718,3.25,12.949436339319506,0.007929481719016106,False
45.0,129.0,1.0,14.917405574172824,1.0,14.874501217615524,0.002876127242365894,False
45.0,132.0,1.0,12.606920901546614,3.25,12.514399498688725,0.00733893736467708,True
45.0,135.0,1.0,13.432688118381733,1.0,13.39405399814625,0.0028761272423660045,False
48.0,-120.0,3.25,19.531606468663348,3.25,19.376730952227067,0.007929481719016014,False
48.0,-117.0,3.25,15.96794104044556,3.25,15.841323543875019,0.007929481719016142,False
48.0,-114.0,3.25,18.336456649680233,3.25,18.19105805188506,0.007929481719016161,False
48.0,-111.0,3.25,15.609542620585625,3.25,15.485767037733488,0.00792948171901611,False
48.0,-108.0,3.25,13.792679169472851,3.25,13.683310372142262,0.007929481719016092,False
48.0,-105.0,3.25,13.705083153713183,3.25,13.596408947388218,0.007929481719016146,False
48.0,-102.0,3.25,12.451238773352188,3.25,12.352506903119787,0.007929481719016107,False
48.0,-99.0,3.25,12.296864283642615,3.25,12.199356523104248,0.00792948171901615,False
48.0,-96.0,3.25,12.518237771550197,3.25,12.418974633986394,0.007929481719015984,False
48.0,-93.0,3.25,13.780731191540179,3.25,13.671457135482186,0.007929481719016114,False
48.0,-90.0,3.25,13.76104244324521,3.25,13.651924508756892,0.007929481719016083,False
48.0,-87.0,3.25,13.369257701525292,3.25,13.263246416984233,0.007929481719016076,False
48.0,-84.0,3.25,14.189167913802486,3.25,14.07665516622194,0.007929481719016031,False
48.0,-81.0,3.25,14.658412211653172,3.25,14.542178599991065,0.007929481719016156,False
48.0,-78.0,3.25,14.768781233660464,3.25,14.651672452856005,0.00792948171901614,False
48.0,-75.0,3.25,15.4473947126507,3.25,15.32490487867031,0.007929481719016144,False
48.0,-72.0,3.25,15.30275147349224,3.25,15.181408585432536,0.007929481719016158,False
48.0,-69.0,3.25,13.622605006719802,3.25,13.51458480935364,0.007929481719016132,False
48.0,-66.0,3.25,12.862619272921469,3.25,12.760625368538173,0.007929481719016149,False
48.0,-57.0,1.0,14.433981348801323,1.0,14.392467381828235,0.0028761272423658735,False
48.0,-54.0,1.0,14.605415014540808,1.0,14.563407982531427,0.002876127242365965,False
48.0,-3.0,1.0,11.829744787298129,1.0,11.795720936045145,0.002876127242365889,False
48.0,0.0,1.0,13.317027236066576,1.0,13.278725771245595,0.0028761272423659576,False
48.0,3.0,1.0,13.239256664274443,1.0,13.201178877513648,0.002876127242365948,False
48.0,6.0,1.0,13.607326578649417,1.0,13.568190175980792,0.002876127242366015,False
48.0,9.0,1.0,13.343220187609319,1.0,13.30484338852685,0.002876127242365844,False
48.0,12.0,1.0,12.542059439277988,1.0,12.505986880449306,0.002876127242366065,False
48.0,15.0,3.25,13.554865018321658,3.25,13.447381963955147,0.007929481719016033,False
48.0,18.0,3.25,11.53498375819305,3.25,11.443517315353311,0.007929481719016038,False
48.0,21.0,3.25,12.30532598060216,3.25,12.207751123192441,0.007929481719016057,False
48.0,24.0,3.25,14.286395716029375,3.25,14.173112002368491,0.007929481719016054,False
48.0,27.0,3.25,13.343728872859428,3.25,13.237920018698581,0.007929481719016135,False
48.0,30.0,3.25,13.984556046712047,3.25,13.873665765191088,0.007929481719016078,False
48.0,33.0,3.25,14.351388944439359,3.25,14.237589868161937,0.007929481719016118,False
48.0,36.0,3.25,14.467368722261467,3.25,14.35264998645603,0.007929481719016113,False
48.0,39.0,3.25,14.350792280019398,3.25,14.236997934981586,0.00792948171901616,False
48.0,42.0,3.25,14.692162246755736,3.25,14.575661014807267,0.007929481719016149,False
48.0,45.0,3.25,15.50686617909795,3.25,15.383904767211563,0.007929481719016113,False
48.0,48.0,3.25,14.957530017398001,3.25,14.83892455656341,0.007929481719016121,False
48.0,51.0,3.25,15.409658175207708,3.25,15.28746757241111,0.00792948171901621,False
48.0,54.0,3.25,15.57849582467213,3.25,15.454966426820622,0.007929481719016192,False
48.0,57.0,3.25,15.143498413586357,3.25,15.023418319753876,0.007929481719016017,False
48.0,60.0,3.25,14.896357064867205,3.25,14.778236673841404,0.007929481719016132,False
48.0,63.0,3.25,15.250769113449671,3.25,15.129838418563637,0.007929481719016095,False
48.0,66.0,3.25,15.687148274893849,3.25,15.562757319424584,0.007929481719016028,False
48.0,69.0,3.25,15.678630873225101,3.25,15.55430745633666,0.007929481719016147,False
48.0,72.0,3.25,15.360349259404412,3.25,15.238549650754264,0.007929481719016002,False
48.0,75.0,3.25,15.534700647073983,3.25,15.411518522282622,0.007929481719016127,False
48.0,78.0,3.25,14.86712675452391,3.25,14.749238144709617,0.007929481719016196,False
48.0,81.0,3.25,15.109244917492159,3.25,14.989436436130768,0.007929481719016078,False
48.0,84.0,3.25,14.691333324774968,3.25,14.574838665748192,0.007929481719016139,False
48.0,87.0,3.25,14.78328512033931,3.25,14.666061331230575,0.007929481719016208,False
48.0,90.0,3.25,18.368452892201855,3.25,18.222800580786533,0.007929481719016048,False
48.0,93.0,3.25,18.1618730915491,3.25,18.017858850886572,0.007929481719016068,False
48.0,96.0,3.25,19.54413139478089,3.25,19.389156562171927,0.007929481719016123,False
48.0,99.0,3.25,19.944927695814087,3.25,19.786774756263032,0.007929481719016066,False
48.0,102.0,3.25,17.568520932997544,3.25,17.42921166742919,0.007929481719015996,False
48.0,105.0,3.25,16.129001839103463,3.25,16.001107213874317,0.00792948171901599,False
48.0,108.0,3.25,16.203624803040924,3.25,16.075138456383414,0.007929481719016192,False
48.0,111.0,3.25,16.628001431788793,3.25,16.49614999841165,0.007929481719016128,False
48.0,114.0,3.25,15.61747566743426,3.25,15.49363717963216,0.007929481719016192,False
48.0,117.0,3.25,16.231942068357938,3.25,16.103231180462764,0.007929481719016192,False
48.0,120.0,3.25,15.74459139952065,3.25,15.619744949844772,0.00792948171901608,False
48.0,123.0,3.25,14.662075699721537,3.25,14.545813038497764,0.007929481719016186,False
48.0,126.0,3.25,14.298190131918389,3.25,14.184812894652325,0.00792948171901618,False
48.0,129.0,3.25,14.003079895654484,3.25,13.892042729611969,0.007929481719016125,False
48.0,132.0,3.25,14.203819187467184,3.25,14.091190262879953,0.00792948171901607,False
48.0,135.0,1.0,15.055861347408118,1.0,15.012558774429554,0.002876127242365934,False
48.0,138.0,1.0,14.783902928881462,1.0,14.741382542919212,0.0028761272423659867,False
51.0,-126.0,1.0,18.57808374477867,1.0,18.524650812009355,0.0028761272423660084,False
51.0,-123.0,3.25,16.99449893807515,3.25,16.859741369421847,0.00792948171901594,False
51.0,-120.0,3.25,20.906659422411746,3.25,20.740880448716034,0.007929481719016215,False
51.0,-117.0,3.25,19.44315684348295,3.25,19.288982686732588,0.007929481719016128,False
51.0,-114.0,3.25,15.849502998162757,3.25,15.723824653883336,0.007929481719016047,False
51.0,-111.0,3.25,15.846152599050527,3.25,15.720500821699616,0.007929481719016078,False
51.0,-108.0,3.25,16.031531055979553,3.25,15.904409323543325,0.00792948171901605,False
51.0,-105.0,3.25,14.823873270542817,3.25,14.706327638439037,0.007929481719016099,False
51.0,-102.0,3.25,14.260658864870184,3.25,14.147579231100071,0.007929481719016083,False
51.0,-99.0,3.25,14.208836624078193,3.25,14.09616791381908,0.007929481719016002,False
51.0,-96.0,3.25,14.159266943200198,3.25,14.046991294819422,0.007929481719016118,False
51.0,-93.0,3.25,15.319699196505558,3.25,15.198221921786043,0.007929481719016017,False
51.0,-90.0,3.25,15.438236311627707,3.25,15.315819099020805,0.007929481719016033,False
51.0,-87.0,3.25,16.341006851077726,3.25,16.211431135981787,0.007929481719016175,False
51.0,-84.0,3.25,15.844647072970902,3.25,15.719007233661518,0.007929481719016071,False
51.0,-81.0,3.25,16.373201652424225,3.25,16.243370649239562,0.007929481719016128,False
51.0,-78.0,3.25,17.097923626306205,3.25,16.962345953478277,0.007929481719016076,False
51.0,-75.0,3.25,17.244105905747155,3.25,17.107369083206756,0.007929481719016081,False
51.0,-72.0,1.0,17.56875693150645,1.0,17.51822695108124,0.0028761272423658978,False
51.0,-69.0,1.0,17.299181370019724,3.25,17.2031251000015,0.005552648299571772,True
51.0,-66.0,1.0,16.99121788154748,1.0,16.942348976917387,0.002876127242365944,False
51.0,-63.0,1.0,17.245892169997298,1.0,17.19629078970826,0.0028761272423660574,False
51.0,-60.0,1.0,16.052808209296447,1.0,16.006638290289214,0.002876127242365981,False
51.0,-57.0,1.0,15.82086595766204,1.0,15.775363134083388,0.002876127242365923,False
51.0,-3.0,1.0,18.102377364192474,1.0,18.050312623503732,0.002876127242365912,False
51.0,0.0,1.0,15.552380495709446,1.0,15.507649870482096,0.0028761272423659164,False
51.0,3.0,1.0,14.4049507952784,1.0,14.363520323871159,0.0028761272423660153,False
51.0,6.0,1.0,14.419434946953526,1.0,14.37796281728307,0.0028761272423659273,False
51.0,9.0,1.0,15.476183724118453,1.0,15.431672250501656,0.0028761272423659307,False
51.0,12.0,1.0,13.847564148661156,1.0,13.807736792172783,0.002876127242365904,False
51.0,15.0,3.25,15.084445783303366,3.25,14.964833946223173,0.00792948171901604,False
51.0,18.0,3.25,14.388214274259983,3.25,14.274123192202952,0.007929481719016135,False
51.0,21.0,3.25,14.401546764666628,3.25,14.28734996287065,0.007929481719016045,False
51.0,24.0,3.25,13.997414626359019,3.25,13.886422382965817,0.007929481719016071,False
51.0,27.0,3.25,14.569961684492588,3.25,14.454429439668639,0.007929481719016137,False
51.0,30.0,3.25,14.183391763328029,3.25,14.070924817627075,0.007929481719016127,False
51.0,33.0,3.25,14.455730101931552,3.25,14.341103654353256,0.007929481719016009,False
51.0,36.0,3.25,15.434110548533274,3.25,15.311726051089405,0.007929481719016186,False
51.0,39.0,3.25,15.57074932959048,3.25,15.447281357430109,0.007929481719016205,False
51.0,42.0,3.25,15.443601495497296,3.25,15.32114173976298,0.007929481719016081,False
51.0,45.0,3.25,15.777662822185414,3.25,15.652554133268094,0.007929481719016184,False
51.0,48.0,3.25,15.551107172191752,3.25,15.427794952159397,0.007929481719016142,False
51.0,51.0,3.25,14.37627093304528,3.25,14.262274555494074,0.0079294817190162,False
51.0,54.0,3.25,14.921411105828613,3.25,14.80309204924302,0.007929481719016163,False
51.0,57.0,3.25,15.312650199423823,3.25,15.191228819597804,0.007929481719016092,False
51.0,60.0,3.25,15.289069077184159,3.25,15.167834683435853,0.007929481719016107,False
51.0,63.0,3.25,15.037771919231789,3.25,14.918530181703508,0.007929481719016014,False
51.0,66.0,3.25,15.07825488490928,3.25,14.958692138444725,0.007929481719016166,False
51.0,69.0,3.25,14.992385418789551,3.25,14.873503572686817,0.007929481719016052,False
51.0,72.0,3.25,15.063396039058881,3.25,14.943951115540864,0.007929481719016123,False
51.0,75.0,3.25,15.183559267145062,3.25,15.063161511506639,0.007929481719016048,False
51.0,78.0,3.25,14.848371937094583,3.25,14.730632043262242,0.007929481719016003,False
51.0,81.0,3.25,15.0750541616922,3.25,14.955516795303884,0.007929481719016132,False
51.0,84.0,3.25,16.60136850878366,3.25,16.46972826068261,0.007929481719016118,False
51.0,87.0,3.25,17.36241296300885,3.25,17.224738026820663,0.007929481719016113,False
51.0,90.0,3.25,17.170356027988113,3.25,17.034204003755185,0.007929481719015988,False
51.0,93.0,3.25,20.7374168315861,3.25,20.57297986392042,0.007929481719016132,False
51.0,96.0,3.25,18.968412913742366,3.25,18.818003230304097,0.007929481719016116,False
51.0,99.0,3.25,19.657426580335095,3.25,19.501553375623427,0.007929481719016073,False
51.0,102.0,3.25,18.010426446849376,3.25,17.8676130995874,0.007929481719016182,False
51.0,105.0,3.25,17.08300706314686,3.25,16.94754767093381,0.007929481719016158,False
51.0,108.0,3.25,17.567044600684206,3.25,17.42774704166594,0.007929481719016177,False
51.0,111.0,3.25,16.54111002893717,3.25,16.409947599350478,0.007929481719016111,False
51.0,114.0,3.25,17.693340643656786,3.25,17.553041622474584,0.007929481719016127,False
51.0,117.0,3.25,17.770172426121967,3.25,17.629264168725268,0.007929481719016156,False
51.0,120.0,3.25,16.58408057565969,3.25,16.452577411908308,0.007929481719016045,False
51.0,123.0,3.25,16.532321650532303,3.25,16.401228908231513,0.007929481719016125,False
51.0,126.0,3.25,15.692986544410536,3.25,15.568549294489868,0.007929481719016014,False
51.0,129.0,3.25,16.09299437222393,3.25,15.96538526754515,0.007929481719016238,False
51.0,132.0,3.25,17.83229992400721,3.25,17.690899027751783,0.00792948171901604,False
51.0,135.0,1.0,18.33957638264476,1.0,18.286829427397187,0.002876127242365871,False
51.0,138.0,1.0,17.39263956561915,1.0,17.34261612114782,0.002876127242365918,False
54.0,-132.0,1.0,17.15748315222487,1.0,17.10813604752032,0.002876127242366123,False
54.0,-129.0,1.0,19.839213431879678,1.0,19.782153329661135,0.0028761272423660123,False
54.0,-126.0,3.25,18.329663314688418,3.25,18.184318584518877,0.007929481719016028,False
54.0,-123.0,3.25,18.92661644542636,3.25,18.776538186319524,0.007929481719016106,False
54.0,-120.0,1.0,19.85009784136733,1.0,19.793006434202145,0.002876127242365889,False
54.0,-117.0,3.25,18.411265815181928,3.25,18.265274019476497,0.007929481719016085,False
54.0,-114.0,3.25,17.28295953899786,3.25,17.14591462728288,0.007929481719016208,False
54.0,-111.0,3.25,17.469535370636933,3.25,17.331011009275763,0.007929481719016095,False
54.0,-108.0,3.25,17.152458045613514,3.25,17.01644794310463,0.007929481719016147,False
54.0,-105.0,3.25,17.5390413545195,3.25,17.39996584672977,0.007929481719016132,False
54.0,-102.0,3.25,17.085130788032327,3.25,16.949654555781624,0.007929481719016179,False
54.0,-99.0,1.0,17.088927271400042,1.0,17.03977734213196,0.002876127242365876,False
54.0,-96.0,3.25,18.344660647594818,3.25,18.19919699634816,0.007929481719016137,False
54.0,-93.0,3.25,18.315730100686842,3.25,18.17049585368301,0.007929481719016198,False
54.0,-90.0,3.25,18.29013563378392,3.25,18.145104337637502,0.00792948171901624,False
54.0,-87.0,1.0,19.25058276459171,3.25,19.192189695992205,0.0030333143320163806,True
54.0,-84.0,1.0,19.59761448961378,1.0,19.541249256694815,0.0028761272423659403,False
54.0,-78.0,1.0,19.149340646622946,1.0,19.094264706315847,0.0028761272423659784,False
54.0,-75.0,1.0,19.186311583807015,1.0,19.131129310380306,0.002876127242365969,False
54.0,-72.0,1.0,20.144594222320276,1.0,20.086655806091052,0.0028761272423659754,False
54.0,-69.0,1.0,19.954636117106073,1.0,19.897244044558164,0.0028761272423659923,False
54.0,-66.0,1.0,20.31720003951219,1.0,20.25876518698995,0.00287612724236595,False
54.0,-63.0,1.0,19.50991555535673,1.0,19.45380255573171,0.0028761272423659954,False
54.0,-60.0,1.0,19.5520877584853,1.0,19.49585346623799,0.0028761272423660175,False
54.0,-9.0,1.0,21.465823147322364,1.0,21.404084708588538,0.0028761272423660795,False
54.0,9.0,1.0,15.8164142685448,1.0,15.770924248590493,0.002876127242365972,False
54.0,12.0,1.0,14.971345342003223,1.0,14.92828584781022,0.002876127242365964,False
54.0,15.0,1.0,15.422782405383659,1.0,15.378424520754454,0.0028761272423658856,False
54.0,18.0,3.25,16.0964848893543,3.25,15.968848106683746,0.007929481719016166,False
54.0,21.0,3.25,15.665491805714208,3.25,15.541272574821399,0.007929481719016205,False
54.0,24.0,3.25,15.869227965831863,3.25,15.7433932127819,0.007929481719016116,False
54.0,27.0,3.25,15.58248647779669,3.25,15.458925436134187,0.007929481719016024,False
54.0,30.0,3.25,15.799311212739045,3.25,15.674030863304585,0.007929481719016083,False
54.0,33.0,3.25,15.596355158762508,3.25,15.472684145647817,0.007929481719016206,False
54.0,36.0,3.25,16.055879324140356,3.25,15.928564522556856,0.00792948171901614,False
54.0,39.0,3.25,15.624166712946414,3.25,15.500275168621245,0.0079294817190161,False
54.0,42.0,3.25,15.202485781809022,3.25,15.081937948718565,0.007929481719016128,False
54.0,45.0,3.25,15.959785336580305,3.25,15.83323251051447,0.007929481719016092,False
54.0,48.0,3.25,15.265120866735366,3.25,15.144076369884017,0.007929481719016073,False
54.0,51.0,3.25,16.303582026215757,3.25,16.174303070584397,0.007929481719016267,False
54.0,54.0,3.25,16.95503174658574,3.25,16.82058713230585,0.007929481719016111,False
54.0,57.0,1.0,18.146887129644693,1.0,18.09469437320698,0.002876127242366012,False
54.0,60.0,1.0,17.109338795290864,3.25,17.021936161673356,0.005108475240525618,True
54.0,63.0,3.25,16.432695611518074,3.25,16.302392852072387,0.007929481719016007,False
54.0,66.0,3.25,16.000129923611148,3.25,15.87325718587999,0.007929481719016189,False
54.0,69.0,3.25,16.605231680712688,3.25,16.47356079966045,0.007929481719016033,False
54.0,72.0,3.25,15.73367621143742,3.25,15.608916313545908,0.007929481719016095,False
54.0,75.0,3.25,16.548837511569943,3.25,16.41761380705098,0.00792948171901615,False
54.0,78.0,3.25,16.493356582787726,3.25,16.362572813279296,0.007929481719016123,False
54.0,81.0,3.25,17.069313860511574,3.25,16.933963048298498,0.00792948171901619,False
54.0,84.0,3.25,16.74020630891929,3.25,16.607465149020157,0.007929481719016087,False
54.0,87.0,3.25,16.105112959015134,3.25,15.977407760223933,0.007929481719016175,False
54.0,90.0,3.25,17.86369886115771,3.25,17.722048987604154,0.007929481719016035,False
54.0,93.0,3.25,16.689196066655374,3.25,16.556859391539753,0.007929481719016194,False
54.0,96.0,1.0,20.780304992833667,1.0,20.720538191539106,0.0028761272423659047,False
54.0,99.0,1.0,20.1596890003733,1.0,20.101707169641703,0.0028761272423659533,False
54.0,102.0,3.25,17.04849205312567,3.25,16.91330634705362,0.007929481719016055,False
54.0,105.0,3.25,19.33362057172271,3.25,19.18031498083684,0.00792948171901623,False
54.0,108.0,3.25,19.94050645197867,3.25,19.78238857059978,0.007929481719016168,False
54.0,111.0,3.25,22.040861447287476,3.25,21.86608883936984,0.007929481719016213,False
54.0,114.0,3.25,19.115820938590833,3.25,18.96424238591429,0.007929481719016215,False
54.0,117.0,3.25,17.688237924707764,3.25,17.547979365442185,0.007929481719016182,False
54.0,120.0,3.25,19.067296459104952,3.25,18.91610268040142,0.007929481719016088,False
54.0,123.0,3.25,18.088169041913936,3.25,17.944739236165603,0.007929481719016303,False
54.0,126.0,3.25,19.423615701111164,3.25,19.269596495492006,0.007929481719016208,False
54.0,129.0,3.25,18.54834807548336,3.25,18.401269288500867,0.00792948171901616,False
54.0,132.0,1.0,19.634592965744076,1.0,19.578121378022534,0.002876127242365915,False
54.0,135.0,1.0,23.252874332238815,1.0,23.18599610690855,0.0028761272423659403,False
54.0,156.0,1.0,18.93499944188225,1.0,18.88053997415327,0.002876127242365984,False
54.0,159.0,1.0,19.31715289952297,1.0,19.261594309823703,0.002876127242365967,False
57.0,-132.0,1.0,24.28386085319994,1.0,24.214017379450226,0.0028761272423660075,False
57.0,-129.0,1.0,24.884798492355607,1.0,24.813226645490957,0.002876127242365907,False
57.0,-126.0,1.0,24.413581576851183,1.0,24.343365009794276,0.0028761272423660092,False
57.0,-123.0,3.25,20.786759963270516,3.25,20.621931730144183,0.00792948171901625,False
57.0,-120.0,3.25,20.21609617106271,3.25,20.055793006044393,0.007929481719016251,False
57.0,-117.0,3.25,19.934748377540476,3.25,19.776676154707584,0.007929481719016064,False
57.0,-114.0,3.25,20.36664189213392,3.25,20.205144977572495,0.007929481719016196,False
57.0,-111.0,1.0,21.018198957299457,3.25,20.875079762844003,0.0068092986818811445,True
57.0,-108.0,1.0,20.38449895317817,1.0,20.325870540416954,0.0028761272423659537,False
57.0,-105.0,1.0,21.02869480528315,1.0,20.968213603282276,0.002876127242365858,False
57.0,-102.0,1.0,20.198108304305247,1.0,20.14001597476698,0.0028761272423658848,False
57.0,-99.0,1.0,21.098711991838513,1.0,21.038029411499956,0.002876127242365839,False
57.0,-96.0,1.0,21.63018039097656,1.0,21.56796923989678,0.0028761272423660383,False
57.0,-93.0,1.0,21.810137771905126,1.0,21.747409040499594,0.00287612724236598,False
57.0,-90.0,1.0,21.58024337327873,1.0,21.518175847415954,0.0028761272423660465,False
57.0,-75.0,1.0,21.47691746635754,1.0,21.415147118950504,0.002876127242366017,False
57.0,-72.0,1.0,22.90762048342122,1.0,22.841735252091073,0.0028761272423658574,False
57.0,-69.0,1.0,24.85866111419286,1.0,24.78716444175359,0.0028761272423658327,False
57.0,-66.0,1.0,24.77419003107967,1.0,24.70293630822373,0.0028761272423659476,False
57.0,-63.0,1.0,24.320776325446463,1.0,24.250826678101358,0.0028761272423659286,False
57.0,-6.0,1.0,25.64846395960223,1.0,25.574695713683173,0.0028761272423660266,False
57.0,-3.0,1.0,25.9062557631514,1.0,25.831746075203302,0.002876127242365869,False
57.0,9.0,1.0,20.12636874516973,1.0,20.068482747731846,0.0028761272423659767,False
57.0,15.0,1.0,18.770235099575245,1.0,18.716249515059744,0.0028761272423659403,False
57.0,24.0,1.0,18.054434395363835,1.0,18.002507544753822,0.0028761272423658293,False
57.0,27.0,1.0,18.01321074637643,1.0,17.961402460226296,0.0028761272423660483,False
57.0,30.0,1.0,16.686571622484514,1.0,16.6385789192594,0.0028761272423658223,False
57.0,33.0,1.0,16.937504767866386,1.0,16.88879034898582,0.0028761272423659914,False
57.0,36.0,1.0,16.642877950137926,1.0,16.595010915474163,0.002876127242365965,False
57.0,39.0,1.0,17.080210926576164,3.25,16.982946401016928,0.005694574029404767,True
57.0,42.0,1.0,17.30491131562778,3.25,17.214971278531074,0.005197370587821686,True
57.0,45.0,3.25,18.064195456867942,3.25,17.920955749223975,0.007929481719016085,False
57.0,48.0,3.25,18.042324774628305,3.25,17.899258490159337,0.007929481719016217,False
57.0,51.0,3.25,19.08995635436753,3.25,18.938582894438756,0.00792948171901616,False
57.0,54.0,1.0,19.00097813587328,1.0,18.946328905025094,0.0028761272423659286,False
57.0,57.0,1.0,19.07738533068792,1.0,19.022516343025217,0.0028761272423659685,False
57.0,60.0,1.0,19.90007501225583,1.0,19.842839864387955,0.0028761272423659424,False
57.0,63.0,3.25,18.994435115225876,3.25,18.843819089216655,0.00792948171901609,False
57.0,66.0,3.25,19.25469125092748,3.25,19.10201152864795,0.007929481719016144,False
57.0,69.0,1.0,19.221019199729263,1.0,19.16573710278288,0.0028761272423660196,False
57.0,72.0,1.0,19.395262896807623,1.0,19.339479652817264,0.0028761272423659793,False
57.0,75.0,1.0,19.565699229161712,1.0,19.50942578859278,0.0028761272423660973,False
57.0,78.0,1.0,19.945153221464732,1.0,19.887788422931315,0.0028761272423659104,False
57.0,81.0,3.25,19.25868862807921,3.25,19.10597720867063,0.007929481719016187,False
57.0,84.0,3.25,18.8705497026917,3.25,18.72091602379642,0.00792948171901623,False
57.0,87.0,1.0,19.410182743735135,1.0,19.354356588366574,0.002876127242366069,False
57.0,90.0,1.0,19.91606545532796,1.0,19.858784316911148,0.002876127242365938,False
57.0,93.0,3.25,20.385859399725454,3.25,20.2242101002889,0.007929481719016043,False
57.0,96.0,3.25,20.067895384393037,3.25,19.908767374803364,0.007929481719016097,False
57.0,99.0,1.0,20.7463048729389,1.0,20.68663586031541,0.0028761272423660504,False
57.0,102.0,3.25,20.133171616054415,3.25,19.973525999779095,0.007929481719016229,False
57.0,105.0,3.25,20.778582832986597,3.25,20.61381944026537,0.007929481719015998,False
57.0,108.0,3.25,21.319449105920206,3.25,21.15039692397532,0.007929481719016092,False
57.0,111.0,3.25,21.364559760986314,3.25,21.195149874926745,0.007929481719016137,False
57.0,114.0,1.0,23.008420777714566,1.0,22.942245631911963,0.0028761272423659316,False
57.0,117.0,3.25,23.45159275045045,3.25,23.265633774453946,0.007929481719016047,False
57.0,120.0,1.0,26.0301340564279,3.25,25.94631104565428,0.003220229699620834,True
57.0,123.0,3.25,23.240158682383107,3.25,23.055876268964116,0.00792948171901614,False
57.0,126.0,3.25,25.290452267853844,3.25,25.089912088930248,0.007929481719016092,False
57.0,129.0,3.25,24.731954923292385,3.25,24.535843338852604,0.007929481719016224,False
57.0,132.0,1.0,24.699105977871483,1.0,24.62806820630644,0.0028761272423660227,False
57.0,135.0,1.0,21.633748200594205,1.0,21.57152678803999,0.0028761272423660153,False
57.0,138.0,1.0,26.763187899584395,1.0,26.68621356577384,0.0028761272423659784,False
57.0,159.0,1.0,23.03502380633973,1.0,22.968772146841765,0.0028761272423660834,False
57.0,162.0,1.0,21.572220139579457,1.0,21.5101756895577,0.0028761272423658973,False
60.0,-162.0,1.0,26.752611070410207,1.0,26.675667156906183,0.002876127242365827,False
60.0,-159.0,1.0,28.007527686059504,1.0,27.926974472690308,0.0028761272423660166,False
60.0,-156.0,1.0,26.24001730544017,1.0,26.16454767682784,0.002876127242365873,False
60.0,-153.0,1.0,26.244775747251055,1.0,26.1692924327546,0.0028761272423660183,False
60.0,-150.0,1.0,24.987221937912224,1.0,24.915355508185552,0.002876127242365892,False
60.0,-141.0,1.0,23.332158763898452,1.0,23.265052506454396,0.002876127242365967,False
60.0,-138.0,1.0,28.13802844111543,1.0,28.05709989096947,0.002876127242365919,False
60.0,-135.0,1.0,22.59430174072701,1.0,22.52931765396827,0.002876127242365797,False
60.0,-132.0,1.0,25.083893933199814,1.0,25.011749462513922,0.002876127242365864,False
60.0,-129.0,1.0,25.56763218474976,1.0,25.49409642130041,0.002876127242365888,False
60.0,-126.0,1.0,24.26457999959891,1.0,24.194791980037497,0.002876127242365961,False
60.0,-123.0,3.25,21.483647584725,3.25,21.313293393944136,0.00792948171901617,False
60.0,-120.0,3.25,22.57900770619369,3.25,22.399967877353905,0.007929481719015983,False
60.0,-117.0,3.25,21.82973146635177,3.25,21.656633009758306,0.007929481719016003,False
60.0,-114.0,3.25,22.125201436083838,3.25,21.949760055766863,0.007929481719016094,False
60.0,-111.0,1.0,22.014725669848005,1.0,21.951408517615743,0.002876127242365911,False
60.0,-108.0,1.0,24.080992976683813,1.0,24.01173297676035,0.002876127242365964,False
60.0,-105.0,1.0,24.199569766384744,1.0,24.129968724526112,0.002876127242365868,False
60.0,-102.0,1.0,26.05377964820972,1.0,25.978845662796903,0.0028761272423659654,False
60.0,-99.0,1.0,25.249437793179467,1.0,25.17681719728808,0.0028761272423658995,False
60.0,-96.0,1.0,25.484264702705218,1.0,25.410968714742104,0.002876127242365887,False
60.0,-75.0,1.0,26.153953188682458,1.0,26.078731091420927,0.0028761272423658384,False
60.0,-72.0,1.0,27.311198710958877,1.0,27.232648228324617,0.0028761272423659836,False
60.0,6.0,1.0,27.390276361696632,1.0,27.311498441676825,0.002876127242365908,False
60.0,9.0,1.0,22.54425876671224,1.0,22.47941860991435,0.0028761272423659594,False
60.0,12.0,1.0,21.99488194749652,1.0,21.9316218683347,0.0028761272423659637,False
60.0,15.0,1.0,21.176602633708704,1.0,21.115696029973137,0.0028761272423659177,False
60.0,18.0,1.0,20.368307903266736,1.0,20.30972605802525,0.0028761272423659984,False
60.0,24.0,1.0,21.087227882385072,1.0,21.026578331806565,0.0028761272423659698,False
60.0,30.0,1.0,21.116510541280675,1.0,21.055776770049192,0.0028761272423658527,False
60.0,33.0,1.0,19.21691218197193,1.0,19.16164189733121,0.0028761272423657664,False
60.0,36.0,1.0,19.59401577673677,1.0,19.53766089417395,0.002876127242365995,False
60.0,39.0,1.0,19.523195900097168,1.0,19.467044704510855,0.0028761272423657716,False
60.0,42.0,1.0,20.73547427290292,1.0,20.675836410463244,0.0028761272423660097,False
60.0,45.0,1.0,20.959524576435744,1.0,20.899242316814416,0.002876127242366067,False
60.0,48.0,1.0,21.44239071837831,1.0,21.380719674291726,0.0028761272423660014,False
60.0,51.0,1.0,22.304639930419455,1.0,22.240488947884415,0.0028761272423658128,False
60.0,54.0,1.0,22.62023968254669,1.0,22.555180994966868,0.0028761272423660075,False
60.0,57.0,1.0,22.901578883910236,1.0,22.83571102898903,0.002876127242365855,False
60.0,60.0,1.0,22.98053687313342,1.0,22.914441924988406,0.002876127242365965,False
60.0,63.0,1.0,21.059294275744467,1.0,20.998725065772994,0.002876127242366061,False
60.0,66.0,1.0,21.955186779146167,1.0,21.892040868339436,0.0028761272423658037,False
60.0,69.0,1.0,21.318264740128157,1.0,21.256950698149105,0.002876127242365973,False
60.0,72.0,1.0,22.75884684754847,1.0,22.6933895081254,0.002876127242365992,False
60.0,75.0,1.0,23.363764005952472,1.0,23.296566847810745,0.0028761272423658865,False
60.0,78.0,1.0,23.924550098148064,1.0,23.85574004784943,0.002876127242365997,False
60.0,81.0,1.0,23.72734856120029,1.0,23.65910568761431,0.002876127242365927,False
60.0,84.0,1.0,23.910011850040725,1.0,23.84124361359353,0.0028761272423659433,False
60.0,87.0,1.0,23.356526214587245,1.0,23.289349873254437,0.0028761272423658826,False
60.0,90.0,3.25,23.930465987206254,3.25,23.74070979463317,0.007929481719015972,False
60.0,93.0,1.0,25.82082793138292,1.0,25.746563944749024,0.002876127242365978,False
60.0,96.0,1.0,25.83857890267835,1.0,25.764263861992333,0.0028761272423660036,False
60.0,99.0,1.0,24.610325221112372,3.25,24.46230999469567,0.006014354750977686,True
60.0,102.0,3.25,24.191872824203188,3.25,24.000043810894905,0.007929481719016147,False
60.0,105.0,3.25,23.881412209256897,3.25,23.692044987719306,0.007929481719016113,False
60.0,108.0,3.25,23.727747452334807,3.25,23.539598712678085,0.007929481719016182,False
60.0,111.0,3.25,24.14335268720932,3.25,23.951908413440332,0.007929481719016192,False
60.0,114.0,3.25,23.89659966694355,3.25,23.707112016737874,0.0079294817190162,False
60.0,117.0,3.25,22.752203559511944,3.25,22.571790377319463,0.007929481719016024,False
60.0,120.0,3.25,23.48320542120347,3.25,23.296995773112137,0.007929481719016052,False
60.0,123.0,3.25,25.087192673343743,3.25,24.88826423765903,0.007929481719016092,False
60.0,126.0,3.25,27.479257987466383,3.25,27.261361713602643,0.007929481719016042,False
60.0,129.0,1.0,26.348466188351118,3.25,26.166892128234284,0.006891257305789932,True
60.0,132.0,1.0,26.713560721275396,1.0,26.63672912154434,0.002876127242365849,False
60.0,135.0,1.0,27.10728594538006,1.0,27.029321941805946,0.002876127242366021,False
60.0,138.0,1.0,26.688137246350006,1.0,26.61137876776778,0.0028761272423659242,False
60.0,141.0,1.0,27.166533199823327,1.0,27.08839879360668,0.0028761272423658527,False
60.0,144.0,1.0,23.23120835166651,1.0,23.164392440453202,0.002876127242365955,False
60.0,147.0,1.0,24.494368409810786,1.0,24.423919489542783,0.0028761272423658783,False
60.0,150.0,1.0,28.07528672527634,1.0,27.994538628288538,0.0028761272423658904,False
60.0,153.0,1.0,26.041709106408604,1.0,25.966809837409894,0.002876127242365895,False
60.0,162.0,1.0,24.62813625588431,1.0,24.557302602270063,0.002876127242365874,False
60.0,165.0,1.0,24.77765146846413,1.0,24.70638779007383,0.002876127242365963,False
63.0,-162.0,1.0,32.26336456230852,1.0,32.17057102056048,0.002876127242365866,False
63.0,-159.0,1.0,30.2236126437742,1.0,30.136685688086725,0.002876127242365922,False
63.0,-156.0,1.0,29.836012904986813,1.0,29.7502007354672,0.0028761272423659034,False
63.0,-153.0,1.0,33.93133478170827,1.0,33.83374394537276,0.0028761272423660287,False
63.0,-150.0,1.0,32.676151554588486,1.0,32.58217078492665,0.0028761272423660318,False
63.0,-147.0,1.0,33.55372717873992,1.0,33.457222389918236,0.002876127242365781,False
63.0,-144.0,1.0,31.644037962317242,1.0,31.55302568267536,0.0028761272423658705,False
63.0,-141.0,1.0,29.751483633870098,1.0,29.665914581289922,0.0028761272423658735,False
63.0,-48.0,1.0,44.71582075808593,1.0,44.587212367838845,0.0028761272423660396,False
63.0,-45.0,1.0,53.46489428610075,1.0,53.31112244713429,0.002876127242365825,False
63.0,9.0,1.0,23.377037713404206,1.0,23.309802378390867,0.0028761272423660287,False
63.0,12.0,1.0,26.108614810846777,1.0,26.033523112528865,0.0028761272423658297,False
63.0,15.0,1.0,23.75380359856784,1.0,23.685484636928187,0.0028761272423659424,False
63.0,18.0,1.0,22.79444533548823,1.0,22.728885610284213,0.0028761272423659034,False
63.0,24.0,1.0,24.122191451335194,1.0,24.05281295935644,0.002876127242365993,False
63.0,27.0,1.0,23.75891338929571,1.0,23.690579731247745,0.0028761272423659043,False
63.0,30.0,1.0,23.71706895235673,1.0,23.648855644233787,0.0028761272423658444,False
66.0,-165.0,1.0,42.66513538495219,1.0,42.54242502677229,0.002876127242365993,False
66.0,-162.0,1.0,37.735561453449044,1.0,37.62702917714681,0.00287612724236583,False
66.0,-159.0,1.0,36.131405670815234,1.0,36.02748715066043,0.0028761272423659294,False
66.0,-156.0,1.0,34.24240792687403,1.0,34.143922404591336,0.0028761272423660535,False
66.0,-153.0,1.0,35.37771841997656,1.0,35.275967600256116,0.002876127242365873,False
66.0,-150.0,1.0,36.78534817569153,1.0,36.67954883368351,0.0028761272423658527,False
66.0,-147.0,1.0,38.275978133369655,1.0,38.16589154993207,0.0028761272423658817,False
66.0,-144.0,1.0,37.64001325102493,1.0,37.53175578351065,0.002876127242365869,False
66.0,-141.0,1.0,35.85769771375413,1.0,35.754566412511075,0.002876127242365993,False
66.0,-51.0,1.0,48.22544241431276,1.0,48.086739905609804,0.0028761272423659576,False
66.0,-48.0,1.0,51.17204860559628,1.0,51.02487128255405,0.0028761272423659234,False
66.0,-45.0,1.0,62.77751983764433,1.0,62.59696370263111,0.0028761272423659776,False
66.0,-42.0,1.0,60.96527370972474,1.0,60.78992982516991,0.002876127242365926,False
66.0,-39.0,1.0,49.741185708083776,1.0,49.59812372880118,0.0028761272423658644,False
66.0,-18.0,1.0,35.38537408397348,1.0,35.28360124558925,0.0028761272423660075,False
66.0,-15.0,1.0,40.25486073559908,1.0,40.13908263399978,0.0028761272423659463,False
66.0,15.0,1.0,31.1576788582892,1.0,31.068065409315984,0.0028761272423659156,False
66.0,18.0,1.0,31.5573515292193,1.0,31.466588570789195,0.002876127242365901,False
66.0,21.0,1.0,29.945788393470313,1.0,29.859660495677726,0.00287612724236596,False
66.0,24.0,1.0,26.969560836867863,1.0,26.8919929482303,0.0028761272423660318,False
66.0,27.0,1.0,30.70205638480715,1.0,30.613753364042154,0.002876127242365863,False
66.0,30.0,1.0,31.09496676040938,1.0,31.005533679409304,0.0028761272423659594,False
69.0,-162.0,1.0,42.82417716806737,1.0,42.70100938548239,0.002876127242365979,False
69.0,-159.0,1.0,41.9899956002811,1.0,41.869227030028306,0.0028761272423658947,False
69.0,-156.0,1.0,40.74966779651844,1.0,40.632466566851505,0.0028761272423660266,False
69.0,-153.0,1.0,40.56442771367787,1.0,40.447759258059584,0.002876127242365836,False
69.0,-150.0,1.0,39.3003187092767,1.0,39.18728599200329,0.002876127242365892,False
69.0,-147.0,1.0,46.6602534340598,1.0,46.5260526080224,0.0028761272423659797,False
69.0,-144.0,1.0,35.235549769866765,1.0,35.13420784527391,0.0028761272423658553,False
69.0,-141.0,3.25,39.99163783585659,3.25,39.674524874723645,0.007929481719016215,False
69.0,-51.0,1.0,30.71089288807604,1.0,30.62256445240326,0.002876127242365959,False
69.0,-48.0,1.0,34.149257463102224,3.25,34.05052446909065,0.00289121935135066,True
69.0,-45.0,1.0,40.468860520480526,1.0,40.35246692827007,0.0028761272423658306,False
69.0,-42.0,1.0,45.230646870148064,1.0,45.100557774494995,0.0028761272423660014,False
69.0,-39.0,1.0,47.44387872008887,1.0,47.307424088018514,0.002876127242365953,False
69.0,-36.0,1.0,44.533939191732664,1.0,44.405853916013456,0.0028761272423658813,False
69.0,-33.0,3.25,37.1582698466114,3.25,36.86362402515242,0.00792948171901626,False
69.0,-30.0,3.25,35.77626893561277,3.25,35.49258166511322,0.007929481719016198,False
69.0,-27.0,3.25,37.600124800415806,3.25,37.301975298178185,0.007929481719016095,False
69.0,18.0,1.0,28.193473576688852,1.0,28.112385559278014,0.0028761272423659143,False
69.0,21.0,1.0,28.7711593135823,1.0,28.688409798486052,0.002876127242365999,False
69.0,24.0,1.0,34.64205546355849,1.0,34.5424205041082,0.0028761272423659177,False
69.0,27.0,1.0,34.23924196353381,1.0,34.14076554696453,0.002876127242365881,False
72.0,-54.0,1.0,31.81756096030783,3.25,31.636597130334568,0.005687545635537963,True
72.0,-51.0,1.0,35.99176778828232,1.0,35.88825088444553,0.0028761272423658384,False
72.0,-48.0,1.0,39.89681582573539,1.0,39.782067506855334,0.002876127242365926,False
72.0,-45.0,1.0,43.802830758058576,1.0,43.67684824322258,0.00287612724236593,False
72.0,-42.0,1.0,46.53728992767078,1.0,46.40344276032392,0.0028761272423659732,False
72.0,-39.0,1.0,48.139520800224346,1.0,48.00106541301638,0.0028761272423659854,False
72.0,-36.0,1.0,47.292230237427354,1.0,47.15621176568925,0.002876127242365887,False
72.0,-33.0,1.0,45.05165340031841,1.0,44.92207911266012,0.002876127242365995,False
72.0,-30.0,3.25,40.74810077656656,3.25,40.42498945637415,0.0079294817190161,False
72.0,-24.0,1.0,34.43560912757368,1.0,34.3365679340544,0.0028761272423658496,False
