lat,lon,hydrogel_thickness_mm_standard,lcow_standard_usd_m3,hydrogel_thickness_mm_simplified,lcow_simplified_usd_m3,lcow_reduction_frac,optimal_thickness_changed
-54.0,-72.0,1.0,17.850814302789306,1.0,17.799473089474642,0.0028761272423657477,False
-54.0,-69.0,3.25,15.527712360689906,3.25,15.404585649387673,0.007929481719016187,False
-51.0,-75.0,1.0,21.581796946610385,1.0,21.51972495247303,0.002876127242365889,False
-51.0,-72.0,3.25,12.700181085961221,3.25,12.599475232211898,0.00792948171901608,False
-48.0,-75.0,1.0,16.449151835365257,1.0,16.401841981657746,0.0028761272423660964,False
-48.0,-72.0,1.0,14.217713176779196,3.25,14.109918546399202,0.0075817136722132784,True
-48.0,-69.0,3.25,11.998807223866702,3.25,11.903662901335053,0.007929481719016059,False
-48.0,-66.0,3.25,11.409936891956738,3.25,11.31946200595684,0.007929481719016057,False
-45.0,-72.0,3.25,12.866532994635818,3.25,12.764508056467736,0.007929481719016085,False
-45.0,-69.0,3.25,11.737331569960972,3.25,11.644260613846935,0.007929481719016165,False
-45.0,-66.0,3.25,10.685302184950107,3.25,10.600573276612382,0.007929481719016147,False
-45.0,168.0,3.25,10.442254169852415,3.25,10.359452506307251,0.007929481719016028,False
-45.0,171.0,3.25,9.407156673269194,3.25,9.332562796400586,0.007929481719016068,False
-42.0,-72.0,3.25,10.155867664959818,3.25,10.075336897969771,0.007929481719016153,False
-42.0,-69.0,3.25,9.670847664640723,3.25,9.594162854876565,0.007929481719016099,False
-42.0,-66.0,3.25,9.790978891499122,3.25,9.713341503367708,0.007929481719016047,False
-42.0,147.0,3.25,7.914504127433845,3.25,7.851746211640281,0.007929481719016088,False
-42.0,174.0,3.25,8.118727888786252,3.25,8.054350584410454,0.007929481719016229,False
-39.0,-72.0,3.25,9.440748147944264,3.25,9.365887908091306,0.007929481719015988,False
-39.0,-69.0,3.25,10.93747511128165,3.25,10.85074660233455,0.007929481719016005,False
-39.0,-66.0,3.25,9.205381711451643,3.25,9.132387805454123,0.007929481719016092,False
-39.0,-63.0,3.25,7.696965894638145,3.25,7.635932944284722,0.007929481719016088,False
-39.0,177.0,3.25,7.472161163248942,3.25,7.412910797903417,0.007929481719016154,False
-36.0,-72.0,3.25,7.265161743467723,3.25,7.2075527762372005,0.0079294817190161,False
-36.0,-69.0,3.25,8.53352345209669,3.25,8.465857033884493,0.007929481719016166,False
-36.0,-66.0,3.25,7.4802877438539275,3.25,7.420972938936058,0.007929481719016083,False
-36.0,-63.0,3.25,6.937336989269707,3.25,6.882327502434639,0.007929481719016102,False
-36.0,-60.0,3.25,6.848052075445806,3.25,6.793750571702688,0.007929481719016137,False
-36.0,141.0,3.25,7.168160525815932,3.25,7.1113207279675015,0.007929481719016196,False
-36.0,144.0,3.25,7.294403999451102,3.25,7.236563156286336,0.007929481719016192,False
-36.0,147.0,3.25,7.378033000313161,3.25,7.319529022514881,0.007929481719016074,False
-36.0,150.0,3.25,6.733055717472765,3.25,6.6796660752479475,0.00792948171901615,False
-36.0,174.0,3.25,6.775990681883908,3.25,6.722260587643686,0.00792948171901607,False
-33.0,-69.0,3.25,8.172235415528501,3.25,8.107433824197571,0.007929481719016212,False
-33.0,-66.0,3.25,6.379041360466396,3.25,6.328458868613731,0.007929481719016057,False
-33.0,-63.0,3.25,6.274208133016761,3.25,6.224456914324702,0.007929481719016139,False
-33.0,-60.0,3.25,6.01871506624084,3.25,5.970989775151116,0.007929481719016127,False
-33.0,-57.0,3.25,6.198496975458982,3.25,6.149346107006703,0.007929481719016168,False
-33.0,-54.0,3.25,6.305838042570521,3.25,6.255836015088882,0.007929481719016113,False
-33.0,21.0,3.25,5.9801458242306085,3.25,5.932726367240321,0.007929481719016095,False
-33.0,24.0,3.25,5.7979654930471245,3.25,5.751990631662521,0.007929481719016184,False
-33.0,27.0,3.25,5.736110782272731,3.25,5.690626396686448,0.007929481719016139,False
-33.0,117.0,3.25,6.506069269809298,3.25,6.454479512471692,0.00792948171901619,False
-33.0,120.0,3.25,6.210541785781544,3.25,6.161295408226004,0.007929481719016017,False
-33.0,123.0,3.25,6.2763253195910815,3.25,6.226557312706786,0.00792948171901607,False
-33.0,135.0,3.25,6.445057910910169,3.25,6.3939519420276065,0.007929481719016113,False
-33.0,138.0,3.25,6.877212030637333,3.25,6.822679303562596,0.007929481719016118,False
-33.0,141.0,3.25,7.362376623108201,3.25,7.303996792266752,0.007929481719016172,False
-33.0,144.0,3.25,7.058100757744283,3.25,7.0021336768147755,0.007929481719016163,False
-33.0,147.0,3.25,6.657299845017546,3.25,6.60451090759847,0.007929481719016229,False
-33.0,150.0,3.25,6.601450625237168,3.25,6.549104543185361,0.007929481719016208,False
-30.0,-69.0,3.25,7.966649139693834,3.25,7.903477740978816,0.007929481719016149,False
-30.0,-66.0,3.25,6.723905173433572,3.25,6.670588090280432,0.007929481719016106,False
-30.0,-63.0,3.25,6.065895488662469,3.25,6.017796081275658,0.007929481719016064,False
-30.0,-60.0,3.25,5.756591529030058,3.25,5.710944741736771,0.007929481719016153,False
-30.0,-57.0,3.25,5.828364579508891,3.25,5.782148669123915,0.007929481719016048,False
-30.0,-54.0,3.25,6.083271056421831,3.25,6.035033869788114,0.007929481719016121,False
-30.0,-51.0,3.25,5.7343954904960555,3.25,5.688924706284559,0.007929481719016047,False
-30.0,18.0,3.25,6.119768029032302,3.25,6.071241440321471,0.007929481719016135,False
-30.0,21.0,3.25,8.509150385163037,3.25,8.44167723273953,0.007929481719015988,False
-30.0,24.0,3.25,7.775411031706252,3.25,7.713756052072501,0.007929481719016106,False
-30.0,27.0,3.25,6.608372387377962,3.25,6.555971419339797,0.007929481719016163,False
-30.0,30.0,3.25,5.048885388380097,3.25,5.008850343991529,0.007929481719016198,False
-30.0,117.0,3.25,6.606045879918258,3.25,6.553663359878465,0.007929481719016055,False
-30.0,120.0,3.25,7.075927626306929,3.25,7.019819187549047,0.007929481719016078,False
-30.0,123.0,3.25,6.840026741991178,3.25,6.785788874982978,0.007929481719016055,False
-30.0,126.0,3.25,6.587375681007225,3.25,6.535141205968387,0.007929481719016087,False
-30.0,129.0,3.25,6.436840428752408,3.25,6.385799620244392,0.007929481719016045,False
-30.0,132.0,3.25,6.560506818459185,3.25,6.508485399574733,0.00792948171901606,False
-30.0,135.0,3.25,7.4620521194386935,3.25,7.4028819135712585,0.007929481719016179,False
-30.0,138.0,3.25,7.375979757983787,3.25,7.317492061333022,0.007929481719016073,False
-30.0,141.0,3.25,7.401801535623746,3.25,7.343109085659232,0.007929481719016166,False
-30.0,144.0,3.25,7.11004047246107,3.25,7.053661536513225,0.007929481719016156,False
-30.0,147.0,3.25,6.510806815950661,3.25,6.459179492327535,0.00792948171901613,False
-30.0,150.0,3.25,6.129067731889951,3.25,6.080467401355318,0.007929481719016121,False
-30.0,153.0,3.25,5.466501871930061,3.25,5.423155345269624,0.007929481719016099,False
-27.0,-69.0,3.25,20.92688053874669,3.25,20.760941222078664,0.00792948171901615,False
-27.0,-66.0,3.25,8.6767507168974,3.25,8.607948580707303,0.007929481719016036,False
-27.0,-63.0,3.25,6.1373423856574245,3.25,6.088676441407012,0.007929481719016019,False
-27.0,-60.0,3.25,5.507414277689127,3.25,5.463743336855143,0.007929481719016012,False
-27.0,-57.0,3.25,5.359641843892741,3.25,5.31714266187112,0.007929481719016088,False
-27.0,-54.0,3.25,5.411505487793648,3.25,5.368595053955834,0.007929481719016014,False
-27.0,-51.0,3.25,5.277421386666865,3.25,5.235574170257745,0.007929481719016137,False
-27.0,18.0,3.25,7.978211243348507,3.25,7.914948163143926,0.007929481719016116,False
-27.0,21.0,3.25,8.689287274592811,3.25,8.620385729997647,0.007929481719016218,False
-27.0,24.0,3.25,7.256619212245082,3.25,7.1990779828597224,0.007929481719016215,False
-27.0,27.0,3.25,6.367145887033166,3.25,6.316657720119628,0.007929481719016054,False
-27.0,30.0,3.25,5.323729500694484,3.25,5.2815150849417405,0.007929481719016127,False
-27.0,114.0,3.25,5.439392853735145,3.25,5.3962612875389055,0.007929481719015988,False
-27.0,117.0,3.25,6.881896217388688,3.25,6.827326347140738,0.007929481719016153,False
-27.0,120.0,3.25,7.047821815688543,3.25,6.991936241442158,0.00792948171901615,False
-27.0,123.0,3.25,6.923616060900136,3.25,6.868715373915741,0.007929481719016212,False
-27.0,126.0,3.25,7.204100659551092,3.25,7.14697587506923,0.007929481719016144,False
-27.0,129.0,3.25,7.282400184703881,3.25,7.224654525568712,0.00792948171901603,False
-27.0,132.0,3.25,7.403721453814267,3.25,7.34501377989356,0.007929481719016009,False
-27.0,135.0,3.25,7.75309289603878,3.25,7.691614887653807,0.00792948171901607,False
-27.0,138.0,3.25,7.341030807024901,3.25,7.282820237441863,0.007929481719016158,False
-27.0,141.0,3.25,7.394308624428036,3.25,7.335675589365871,0.007929481719016088,False
-27.0,144.0,3.25,6.571850080096768,3.25,6.519738715026526,0.00792948171901607,False
-27.0,147.0,3.25,5.810339914004849,3.25,5.764266929875477,0.007929481719016172,False
-27.0,150.0,3.25,5.4021577833112575,3.25,5.35932147192525,0.007929481719016085,False
-27.0,153.0,3.25,5.0683587517433555,3.25,5.028169293675991,0.007929481719016118,False
-24.0,-69.0,3.25,18.813144789637956,3.25,18.66396630195132,0.007929481719016085,False
-24.0,-66.0,3.25,7.146713000665313,3.25,7.0900432705754834,0.007929481719016028,False
-24.0,-63.0,3.25,5.979247239591595,3.25,5.931834907911776,0.007929481719016123,False
-24.0,-60.0,3.25,5.7203329836195325,3.25,5.674973707799237,0.007929481719016092,False
-24.0,-57.0,3.25,5.269211604047222,3.25,5.227429486959302,0.007929481719016154,False
-24.0,-54.0,3.25,5.204405089257522,3.25,5.1631368542439,0.007929481719016035,False
-24.0,-51.0,3.25,4.932805846200275,3.25,4.893691252419375,0.007929481719016042,False
-24.0,-48.0,3.25,4.628107943370879,3.25,4.591409446040286,0.0079294817190162,False
-24.0,15.0,3.25,5.521725635913269,3.25,5.477941213425872,0.007929481719016073,False
-24.0,18.0,3.25,9.27657374315064,3.25,9.203015321239223,0.00792948171901613,False
-24.0,21.0,3.25,7.870918081160339,3.25,7.808505780123905,0.007929481719016094,False
-24.0,24.0,3.25,7.368608512969967,3.25,7.310179266471785,0.007929481719016153,False
-24.0,27.0,3.25,6.6168864709024104,3.25,6.564417990594585,0.007929481719016111,False
-24.0,30.0,3.25,5.257888869633231,3.25,5.216196535960855,0.00792948171901618,False
-24.0,33.0,3.25,4.931648714665298,3.25,4.89254329633775,0.007929481719016132,False
-24.0,45.0,3.25,4.379315036276795,3.25,4.344589337754826,0.007929481719016071,False
-24.0,114.0,3.25,5.126203080224626,3.25,5.085554946612021,0.007929481719016147,False
-24.0,117.0,3.25,6.9655309950795035,3.25,6.910297944390781,0.007929481719016088,False
-24.0,120.0,3.25,7.049341492338721,3.25,6.993443867844119,0.007929481719016116,False
-24.0,123.0,3.25,6.994205578688836,3.25,6.938745153413582,0.00792948171901619,False
-24.0,126.0,3.25,7.293203270974526,3.25,7.235371948964264,0.007929481719016153,False
-24.0,129.0,3.25,7.366651916402378,3.25,7.308238184700911,0.007929481719016055,False
-24.0,132.0,3.25,6.951236115035145,3.25,6.896116415336409,0.007929481719016113,False
-24.0,135.0,3.25,7.129966368099731,3.25,7.073429430126684,0.007929481719016201,False
-24.0,138.0,3.25,7.174612278452729,3.25,7.117721321549709,0.007929481719016194,False
-24.0,141.0,3.25,6.692809502736781,3.25,6.639738992135972,0.007929481719016123,False
-24.0,144.0,3.25,6.250436508472568,3.25,6.200873786442763,0.007929481719016208,False
-24.0,147.0,3.25,5.478046366688627,3.25,5.434608298168047,0.007929481719016168,False
-24.0,150.0,3.25,4.947418183737579,3.25,4.908187721693303,0.007929481719016229,False
-21.0,-69.0,3.25,10.694094207446467,3.25,10.609295582927084,0.007929481719016128,False
-21.0,-66.0,3.25,7.829675913223937,3.25,7.767590641204207,0.007929481719016116,False
-21.0,-63.0,3.25,5.481335826072822,3.25,5.43787167384419,0.007929481719016114,False
-21.0,-60.0,3.25,5.744549242911606,3.25,5.69899794470595,0.007929481719016107,False
-21.0,-57.0,3.25,5.264655001695493,3.25,5.222909016102622,0.007929481719016087,False
-21.0,-54.0,3.25,4.909855231708579,3.25,4.870922624405731,0.007929481719015946,False
-21.0,-51.0,3.25,4.7956220462902275,3.25,4.757595248942859,0.007929481719016094,False
-21.0,-48.0,3.25,5.219542563934153,3.25,5.178154296591811,0.007929481719016133,False
-21.0,-45.0,3.25,5.0468733447118135,3.25,5.006854254786732,0.007929481719016033,False
-21.0,-42.0,3.25,4.807347556990196,3.25,4.769227782420086,0.007929481719016062,False
-21.0,15.0,3.25,6.483130165838336,3.25,6.431722303706319,0.00792948171901606,False
-21.0,18.0,3.25,8.4634247772979,3.25,8.396314205246048,0.007929481719016212,False
-21.0,21.0,3.25,8.016579463802229,3.25,7.953012143494969,0.007929481719016111,False
-21.0,24.0,3.25,7.060514800648231,3.25,7.004528577609648,0.007929481719016139,False
-21.0,27.0,3.25,6.194463976472006,3.25,6.145345087611467,0.007929481719016163,False
-21.0,30.0,3.25,5.28151708536194,3.25,5.239637392184891,0.007929481719016133,False
-21.0,33.0,3.25,4.487175810186853,3.25,4.451594831629965,0.0079294817190162,False
-21.0,45.0,3.25,4.752178634278009,3.25,4.714496320672001,0.007929481719016267,False
-21.0,48.0,3.25,4.750371756949613,3.25,4.7127037709443504,0.007929481719016074,False
-21.0,117.0,3.25,5.804965585526582,3.25,5.7589352170366315,0.00792948171901609,False
-21.0,120.0,3.25,6.298754617312893,3.25,6.248808757722342,0.007929481719016106,False
-21.0,123.0,3.25,6.568014258478534,3.25,6.515933309485692,0.007929481719016106,False
-21.0,126.0,3.25,6.7073754734703614,3.25,6.654189462270901,0.007929481719016102,False
-21.0,129.0,3.25,6.2206097295507305,3.25,6.171283518419124,0.007929481719016095,False
-21.0,132.0,3.25,6.535438589792311,3.25,6.483615948968801,0.00792948171901607,False
-21.0,135.0,3.25,6.280739388526524,3.25,6.230936380363299,0.007929481719016106,False
-21.0,138.0,3.25,6.257501310292438,3.25,6.207882568045755,0.007929481719016133,False
-21.0,141.0,3.25,5.883745541954928,3.25,5.837090489240654,0.007929481719016116,False
-21.0,144.0,3.25,5.42381339743254,3.25,5.380805368250244,0.007929481719016125,False
-21.0,147.0,3.25,4.779132205913928,3.25,4.741236164454373,0.007929481719016128,False
-21.0,165.0,3.25,4.714814106284522,3.25,4.67742807402018,0.007929481719016028,False
-18.0,-69.0,3.25,10.808957767785634,3.25,10.72324833476436,0.007929481719016127,False
-18.0,-66.0,3.25,7.1245896731669935,3.25,7.068095369598125,0.007929481719016095,False
-18.0,-63.0,3.25,5.056028028823853,3.25,5.015936346998461,0.007929481719016154,False
-18.0,-60.0,3.25,4.870135472368654,3.25,4.831517822171374,0.00792948171901618,False
-18.0,-57.0,3.25,4.926888230568658,3.25,4.887820560412729,0.007929481719015979,False
-18.0,-54.0,3.25,4.955445853487172,3.25,4.916151736182371,0.007929481719016062,False
-18.0,-51.0,3.25,4.645682211666644,3.25,4.608844359496875,0.00792948171901606,False
-18.0,-48.0,3.25,4.981609642115579,3.25,4.942108059527149,0.007929481719016215,False
-18.0,-45.0,3.25,5.058433514691849,3.25,5.018322758610241,0.007929481719016283,False
-18.0,-42.0,3.25,4.7039510095337755,3.25,4.66665111599653,0.007929481719016215,False
-18.0,12.0,3.25,4.484828838237019,3.25,4.4492664699513025,0.007929481719016007,False
-18.0,15.0,3.25,7.227435676493417,3.25,7.170125857421297,0.007929481719016128,False
-18.0,18.0,3.25,7.282757508766284,3.25,7.225009016236495,0.007929481719016106,False
-18.0,21.0,3.25,6.952092413564264,3.25,6.896965923861996,0.007929481719016125,False
-18.0,24.0,3.25,6.327783066722568,3.25,6.277607026573092,0.007929481719016092,False
-18.0,27.0,3.25,5.98120134353225,3.25,5.933773516820956,0.007929481719016177,False
-18.0,30.0,3.25,5.855242643956371,3.25,5.808813604450716,0.007929481719016087,False
-18.0,33.0,3.25,4.33029881708517,3.25,4.295961791777216,0.007929481719016076,False
-18.0,36.0,3.25,4.176306984935181,3.25,4.143191035045138,0.007929481719016068,False
-18.0,45.0,3.25,4.274191650881737,3.25,4.2402995263225,0.007929481719015965,False
-18.0,48.0,3.25,4.658627582786493,3.25,4.621687080533083,0.007929481719016161,False
-18.0,123.0,3.25,4.990208407780965,3.25,4.9506386414373855,0.007929481719016158,False
-18.0,126.0,3.25,5.553636019272889,3.25,5.509598563983995,0.007929481719016154,False
-18.0,129.0,3.25,5.639304459818704,3.25,5.594587698196605,0.007929481719016196,False
-18.0,132.0,3.25,5.659260384855051,3.25,5.61438538309019,0.00792948171901616,False
-18.0,135.0,3.25,5.35645812154287,3.25,5.31398418478942,0.007929481719016215,False
-18.0,138.0,3.25,5.070413948262683,3.25,5.03020819355209,0.007929481719016054,False
-18.0,141.0,3.25,4.896870383513067,3.25,4.85804073932661,0.007929481719016,False
-18.0,144.0,3.25,4.85418719972863,3.25,4.815696011067699,0.007929481719016267,False
-15.0,-75.0,3.25,4.000295539150935,3.25,3.968575268802576,0.007929481719016047,False
-15.0,-72.0,3.25,5.871818643840354,3.25,5.825258165246644,0.00792948171901609,False
-15.0,-69.0,3.25,7.092936254848598,3.25,7.03669294648163,0.007929481719016002,False
-15.0,-66.0,3.25,4.704611523730751,3.25,4.667306392658255,0.007929481719016189,False
-15.0,-63.0,3.25,4.751710052626566,3.25,4.714031454630199,0.007929481719016153,False
-15.0,-60.0,3.25,4.651240564314866,3.25,4.614358637289385,0.007929481719016222,False
-15.0,-57.0,3.25,4.5318286880423555,3.25,4.495893635306811,0.007929481719016019,False
-15.0,-54.0,3.25,4.6547778601061065,3.25,4.617867884158314,0.00792948171901614,False
-15.0,-51.0,3.25,5.057564794511039,3.25,5.017460926930224,0.00792948171901624,False
-15.0,-48.0,3.25,5.310075273930387,3.25,5.267969129119156,0.007929481719016206,False
-15.0,-45.0,3.25,4.643795571152144,3.25,4.606972679063845,0.007929481719016161,False
-15.0,-42.0,3.25,4.890474579711894,3.25,4.851695650934755,0.007929481719016121,False
-15.0,-39.0,3.25,4.200624369899468,3.25,4.167315595749897,0.007929481719016017,False
-15.0,15.0,3.25,5.341993473000976,3.25,5.299634233413711,0.007929481719016173,False
-15.0,18.0,3.25,5.939580519316727,3.25,5.892482724170181,0.007929481719016057,False
-15.0,21.0,3.25,5.886987005021348,3.25,5.8403062491849465,0.007929481719016036,False
-15.0,24.0,3.25,5.701392051214461,3.25,5.656182967171413,0.007929481719016104,False
-15.0,27.0,3.25,5.284533295281799,3.25,5.2426296851233305,0.007929481719015965,False
-15.0,30.0,3.25,5.634996823135921,3.25,5.590314218840151,0.0079294817190162,False
-15.0,33.0,3.25,5.234118559066218,3.25,5.192614711636939,0.007929481719016083,False
-15.0,36.0,3.25,4.594161445730229,3.25,4.557732126532103,0.007929481719016146,False
-15.0,39.0,3.25,4.0513363321485,3.25,4.019211334765143,0.007929481719015993,False
-15.0,48.0,3.25,4.388360460409612,3.25,4.353563036362342,0.007929481719015936,False
-15.0,126.0,3.25,4.491397313701226,3.25,4.455782860809395,0.007929481719015991,False
-15.0,129.0,3.25,4.63421456459169,3.25,4.597467644919762,0.007929481719016085,False
-15.0,132.0,3.25,4.825140195906295,3.25,4.786879334931166,0.007929481719016095,False
-15.0,135.0,3.25,4.167649169795537,3.25,4.13460187189237,0.007929481719016224,False
-15.0,144.0,3.25,4.569394767978109,3.25,4.533161835698458,0.007929481719016238,False
-12.0,-75.0,3.25,8.13831038581667,3.25,8.073777802388657,0.007929481719016238,False
-12.0,-72.0,3.25,7.670529810000078,3.25,7.609706484096514,0.007929481719016114,False
-12.0,-69.0,3.25,4.414427403409847,3.25,4.379423282014585,0.007929481719016002,False
-12.0,-66.0,3.25,4.484541567320338,3.25,4.448981476944104,0.007929481719016172,False
-12.0,-63.0,3.25,4.4610388703423345,3.25,4.425665144172134,0.007929481719016217,False
-12.0,-60.0,3.25,4.651820749610921,3.25,4.614934222016741,0.007929481719016166,False
-12.0,-57.0,3.25,4.700879001153058,3.25,4.663603467050108,0.007929481719016048,False
-12.0,-54.0,3.25,4.4999378651671815,3.25,4.46425569012863,0.007929481719016033,False
-12.0,-51.0,3.25,4.757688349203693,3.25,4.719962346413906,0.007929481719016236,False
-12.0,-48.0,3.25,5.204927056977796,3.25,5.163654683030678,0.00792948171901614,False
-12.0,-45.0,3.25,4.714862032751366,3.25,4.677475620454981,0.007929481719016127,False
-12.0,-42.0,3.25,4.750066183801233,3.25,4.712400620832665,0.007929481719016062,False
-12.0,-39.0,3.25,4.285536751397205,3.25,4.251554666070829,0.007929481719016184,False
-12.0,15.0,3.25,5.125624208689478,3.25,5.084980665228128,0.007929481719016163,False
-12.0,18.0,3.25,5.46661059288842,3.25,5.423263204127132,0.007929481719016146,False
-12.0,21.0,3.25,5.42350818822381,3.25,5.380502579192354,0.007929481719016215,False
-12.0,24.0,3.25,5.0267215878176135,3.25,4.98686229088043,0.00792948171901606,False
-12.0,27.0,3.25,5.015766738396755,3.25,4.975994307737788,0.007929481719016166,False
-12.0,30.0,3.25,5.030873762857402,3.25,4.990981541324146,0.007929481719016154,False
-12.0,33.0,3.25,5.215635853868509,3.25,5.174278564712214,0.007929481719016048,False
-12.0,36.0,3.25,4.984145655215362,3.25,4.944623963357418,0.007929481719016146,False
-12.0,39.0,3.25,4.343447257849255,3.25,4.309005972220629,0.007929481719015991,False
-9.0,-78.0,3.25,4.126337927213926,3.25,4.0936182060536,0.007929481719016048,False
-9.0,-75.0,3.25,4.253100036205764,3.25,4.219375157219523,0.007929481719016154,False
-9.0,-72.0,3.25,4.147463677121165,3.25,4.114576439713149,0.007929481719016102,False
-9.0,-69.0,3.25,4.156842033450466,3.25,4.123880430537382,0.007929481719016118,False
-9.0,-66.0,3.25,4.286918110132669,3.25,4.252925071347453,0.007929481719016213,False
-9.0,-63.0,3.25,4.356468633552475,3.25,4.321924095163253,0.007929481719016137,False
-9.0,-60.0,3.25,4.207218442630648,3.25,4.173857380901901,0.007929481719016016,False
-9.0,-57.0,3.25,4.441506189945259,3.25,4.406287347807191,0.00792948171901618,False
-9.0,-54.0,3.25,4.536084761138677,3.25,4.50011595994932,0.007929481719016194,False
-9.0,-51.0,3.25,4.416462064939427,3.25,4.381441809732761,0.007929481719016229,False
-9.0,-48.0,3.25,4.6273735179662125,3.25,4.590680844248441,0.007929481719015979,False
-9.0,-45.0,3.25,4.7382384090611,3.25,4.70066663421611,0.007929481719016064,False
-9.0,-42.0,3.25,5.031581525935378,3.25,4.991683692207735,0.007929481719016002,False
-9.0,-39.0,3.25,4.541888256561892,3.25,4.50587343666167,0.007929481719016258,False
-9.0,-36.0,3.25,4.127471626061485,3.25,4.094742915256873,0.007929481719016087,False
-9.0,15.0,3.25,4.458448609507804,3.25,4.42309542276354,0.007929481719015957,False
-9.0,18.0,3.25,5.145907502347299,3.25,5.105103122879688,0.007929481719016104,False
-9.0,21.0,3.25,5.079656050272784,3.25,5.039377010483257,0.007929481719016024,False
-9.0,24.0,3.25,5.106682367242195,3.25,5.066189022766326,0.007929481719016097,False
-9.0,27.0,3.25,4.909629483621952,3.25,4.870698666384429,0.00792948171901609,False
-9.0,30.0,3.25,5.35251949258541,3.25,5.310076787118276,0.007929481719016206,False
-9.0,33.0,3.25,4.5290187730517895,3.25,4.493106001485795,0.007929481719016083,False
-9.0,36.0,3.25,4.692915274076477,3.25,4.655702888201796,0.00792948171901611,False
-9.0,39.0,3.25,4.2464623074919325,3.25,4.212790062254185,0.007929481719015955,False
-9.0,117.0,3.25,3.678941894431541,3.25,3.6497697919343235,0.007929481719016099,False
-9.0,126.0,3.25,3.8828491781266155,3.25,3.8520601965509638,0.0079294817190161,False
-9.0,141.0,3.25,4.3943551528966704,3.25,4.359510194044912,0.007929481719016142,False
-9.0,147.0,3.25,4.398661824881576,3.25,4.363782716353044,0.007929481719016007,False
-6.0,-81.0,3.25,3.8106513526819144,3.25,3.780434862443279,0.007929481719016113,False
-6.0,-78.0,3.25,4.277740631038737,3.25,4.243820364906224,0.007929481719015976,False
-6.0,-75.0,3.25,4.129069959720979,3.25,4.096328574958832,0.007929481719016156,False
-6.0,-72.0,3.25,4.128053634470488,3.25,4.0953203086408365,0.007929481719016076,False
-6.0,-69.0,3.25,4.162463284934674,3.25,4.129457108410709,0.007929481719015967,False
-6.0,-66.0,3.25,4.161542467311902,3.25,4.1285435923944425,0.007929481719016238,False
-6.0,-63.0,3.25,4.155606045378675,3.25,4.122654243210412,0.007929481719016127,False
-6.0,-60.0,3.25,4.216000896472284,3.25,4.182570194436352,0.007929481719016125,False
-6.0,-57.0,3.25,4.387163224706786,3.25,4.352375294118133,0.00792948171901627,False
-6.0,-54.0,3.25,4.420173678222785,3.25,4.385123991846441,0.007929481719016184,False
-6.0,-51.0,3.25,4.396504178500314,3.25,4.361642178989318,0.00792948171901607,False
-6.0,-48.0,3.25,4.658235745171982,3.25,4.621298349987774,0.00792948171901598,False
-6.0,-45.0,3.25,4.6441428420864215,3.25,4.607317196319598,0.007929481719016036,False
-6.0,-42.0,3.25,4.913141484601926,3.25,4.874182819016835,0.007929481719016201,False
-6.0,-39.0,3.25,4.274743136132241,3.25,4.240846638580791,0.007929481719016107,False
-6.0,-36.0,3.25,4.378587691193477,3.25,4.34386776014105,0.007929481719015988,False
-6.0,15.0,3.25,4.455543007673035,3.25,4.420212860845401,0.007929481719016179,False
-6.0,18.0,3.25,4.646085029133168,3.25,4.609243982829662,0.007929481719016095,False
-6.0,21.0,3.25,4.670585392694067,3.25,4.633550071205596,0.007929481719016026,False
-6.0,24.0,3.25,4.826282405803129,3.25,4.788012487695504,0.00792948171901614,False
-6.0,27.0,3.25,4.952662954150595,3.25,4.91339090379521,0.00792948171901605,False
-6.0,30.0,3.25,4.513349067118342,3.25,4.477560548199088,0.007929481719016153,False
-6.0,33.0,3.25,4.993589701345115,3.25,4.953993123096032,0.007929481719016206,False
-6.0,36.0,3.25,4.359289943585778,3.25,4.324723033670224,0.007929481719016142,False
-6.0,141.0,3.25,4.538871529432646,3.25,4.502880630615047,0.007929481719016139,False
-6.0,144.0,3.25,4.094142723349714,3.25,4.061678293469869,0.007929481719016175,False
-6.0,147.0,3.25,4.376796842997025,3.25,4.342091112442633,0.007929481719016002,False
-6.0,150.0,1.0,5.259653092534359,1.0,5.2445256609895265,0.0028761272423659576,False
-3.0,-78.0,3.25,5.04495721485125,3.25,5.004953318842868,0.007929481719016172,False
-3.0,-75.0,3.25,4.263864111674028,3.25,4.23005387914814,0.007929481719016144,False
-3.0,-72.0,3.25,4.196685907456272,3.25,4.163408363272645,0.007929481719016111,False
-3.0,-69.0,3.25,4.088265146555524,3.25,4.055847322813421,0.007929481719016092,False
-3.0,-66.0,3.25,3.9993771729145573,3.25,3.9676641847344807,0.007929481719016186,False
-3.0,-63.0,3.25,3.9886371636811218,3.25,3.957009338207924,0.00792948171901609,False
-3.0,-60.0,3.25,4.051037779980825,3.25,4.0189151499614235,0.007929481719016047,False
-3.0,-57.0,3.25,4.2077158009511635,3.25,4.1743507954287065,0.007929481719016002,False
-3.0,-54.0,3.25,4.275389589042351,3.25,4.241487965454367,0.007929481719016132,False
-3.0,-51.0,3.25,4.222141277046676,3.25,4.188661884975231,0.007929481719016205,False
-3.0,-48.0,3.25,4.223572200222397,3.25,4.190081461671788,0.00792948171901624,False
-3.0,-45.0,3.25,4.0614033298025545,3.25,4.029198506345334,0.00792948171901617,False
-3.0,-42.0,3.25,3.9041840642100603,3.25,3.8732259080452325,0.007929481719016132,False
-3.0,12.0,1.0,5.093281992824677,1.0,5.078633065732062,0.0028761272423658444,False
-3.0,15.0,3.25,4.458818271237829,3.25,4.423462153267633,0.00792948171901615,False
-3.0,18.0,3.25,4.408075424465169,3.25,4.3731216709708285,0.007929481719016054,False
-3.0,21.0,3.25,4.517879880006266,3.25,4.4820554340890455,0.0079294817190161,False
-3.0,24.0,3.25,4.607555955623637,3.25,4.571020424904176,0.007929481719016022,False
-3.0,27.0,3.25,4.2668635362843474,3.25,4.233029519875844,0.007929481719016208,False
-3.0,30.0,3.25,4.625001575139861,3.25,4.588327709699369,0.007929481719016081,False
-3.0,33.0,3.25,4.565824478079073,3.25,4.529619856347909,0.00792948171901605,False
-3.0,36.0,3.25,5.197636303754714,3.25,5.156421741701997,0.007929481719016085,False
-3.0,39.0,3.25,4.150961957015039,3.25,4.118046980060558,0.007929481719016003,False
-3.0,102.0,3.25,4.361875190477172,3.25,4.327287780893653,0.007929481719016246,False
-3.0,105.0,3.25,4.393639711350026,3.25,4.358800425578933,0.007929481719016019,False
-3.0,111.0,3.25,4.349799048332404,3.25,4.315307396297259,0.00792948171901601,False
-3.0,114.0,3.25,4.319958948708752,3.25,4.285703913198066,0.007929481719016057,False
-3.0,120.0,3.25,3.8875212138709028,3.25,3.856695185473226,0.007929481719016175,False
-3.0,129.0,1.0,4.467404716577572,1.0,4.454555892169548,0.002876127242366108,False
-3.0,138.0,3.25,6.237838105548463,3.25,6.188375282324334,0.007929481719016168,False
-3.0,141.0,3.25,4.581885369042881,3.25,4.545553392770429,0.00792948171901608,False
0.0,-78.0,3.25,8.751789737996074,3.25,8.682392581259961,0.007929481719016088,False
0.0,-75.0,3.25,4.277369566380825,3.25,4.243452242598733,0.00792948171901607,False
0.0,-72.0,3.25,4.059163008114145,3.25,4.026975949246797,0.007929481719016184,False
0.0,-69.0,3.25,4.093902191873451,3.25,4.06143966928355,0.007929481719016205,False
0.0,-66.0,3.25,3.97261520066439,3.25,3.941114421054036,0.00792948171901614,False
0.0,-63.0,3.25,4.049743457264662,3.25,4.017631090553577,0.007929481719016099,False
0.0,-60.0,3.25,4.034125630815937,3.25,4.0021371053741674,0.007929481719016118,False
0.0,-57.0,3.25,4.073899701602825,3.25,4.0415957883938605,0.007929481719015965,False
0.0,-54.0,3.25,4.092019570073031,3.25,4.05957197569828,0.007929481719016203,False
0.0,-51.0,3.25,3.9448853778192534,3.25,3.9136044813322215,0.007929481719016158,False
0.0,12.0,3.25,5.011429628584116,3.25,4.971691588958122,0.007929481719016196,False
0.0,15.0,3.25,4.285487256856826,3.25,4.251505563996504,0.007929481719016113,False
0.0,18.0,3.25,4.249930078825059,3.25,4.216230335957919,0.007929481719016253,False
0.0,21.0,3.25,4.370404624896999,3.25,4.335749581319175,0.007929481719016038,False
0.0,24.0,3.25,4.442690719575546,3.25,4.407462484731429,0.00792948171901607,False
0.0,27.0,3.25,4.3648921948965285,3.25,4.33028086203162,0.007929481719016088,False
0.0,30.0,3.25,4.977035961982502,3.25,4.937570646307076,0.007929481719016128,False
0.0,33.0,3.25,5.474770950091977,3.25,5.4313588539274225,0.007929481719016066,False
0.0,36.0,3.25,4.525944585316834,3.25,4.490056190466285,0.007929481719016048,False
0.0,39.0,3.25,4.613862272692053,3.25,4.577276736146683,0.007929481719016258,False
0.0,42.0,3.25,3.9475807664361087,3.25,3.916278496914314,0.007929481719016133,False
0.0,102.0,3.25,4.3193002054722,3.25,4.285050393453965,0.007929481719016227,False
0.0,111.0,3.25,4.282896577318267,3.25,4.248935427203985,0.007929481719016043,False
0.0,114.0,3.25,4.323358942553998,3.25,4.289076946854271,0.007929481719016196,False
0.0,117.0,3.25,4.187883216435966,3.25,4.154675473029863,0.007929481719015991,False
0.0,120.0,3.25,4.130740805881872,3.25,4.097986172175638,0.007929481719016038,False
3.0,-75.0,3.25,5.433819066705793,3.25,5.3907316977519075,0.007929481719016172,False
3.0,-72.0,3.25,4.171880360624397,3.25,4.138799511570903,0.007929481719016274,False
3.0,-69.0,3.25,4.162097943506868,3.25,4.129094663951077,0.007929481719015986,False
3.0,-66.0,3.25,3.7851765677512246,3.25,3.755162079353993,0.007929481719016123,False
3.0,-63.0,3.25,4.265351652029168,3.25,4.231529624079228,0.00792948171901599,False
3.0,-60.0,3.25,4.276067035166233,3.25,4.242160039781595,0.007929481719016054,False
3.0,-57.0,3.25,4.086869281744475,3.25,4.054462526486874,0.007929481719016102,False
3.0,-54.0,3.25,4.030477738148273,3.25,3.9985181386047244,0.007929481719016132,False
3.0,-51.0,3.25,4.201333031806151,3.25,4.168018638334945,0.007929481719016177,False
3.0,12.0,3.25,4.540130789448589,3.25,4.504129905351713,0.007929481719016227,False
3.0,15.0,3.25,4.280458391012024,3.25,4.246516574451485,0.007929481719016059,False
3.0,18.0,3.25,4.145464328914405,3.25,4.1125929453014445,0.007929481719016111,False
3.0,21.0,3.25,4.4403860547355585,3.25,4.405176094689159,0.007929481719016128,False
3.0,24.0,3.25,4.663610247514558,3.25,4.626630235312276,0.007929481719016033,False
3.0,27.0,3.25,4.535994654057004,3.25,4.500026567370104,0.007929481719016125,False
3.0,30.0,3.25,4.788801718280668,3.25,4.750829002599568,0.007929481719016227,False
3.0,33.0,3.25,4.5959610001542375,3.25,4.5595174114222035,0.00792948171901611,False
3.0,36.0,3.25,4.957832739826966,3.25,4.918519695750568,0.00792948171901613,False
3.0,39.0,3.25,5.479927308335111,3.25,5.436474324922131,0.00792948171901615,False
3.0,42.0,3.25,4.578993279550235,3.25,4.542684236048544,0.007929481719016127,False
3.0,45.0,3.25,4.024635168860011,3.25,3.9927218978628267,0.007929481719016054,False
3.0,99.0,3.25,4.69607048303924,3.25,4.658833077992769,0.007929481719016196,False
3.0,102.0,3.25,4.694308982259449,3.25,4.65708554500121,0.007929481719016106,False
3.0,114.0,3.25,4.405903303842815,3.25,4.370966774139241,0.007929481719016139,False
3.0,117.0,3.25,4.500052467973642,3.25,4.4643693841942325,0.007929481719015986,False
6.0,-75.0,3.25,4.293233428345336,3.25,4.259190312359802,0.007929481719016218,False
6.0,-72.0,3.25,4.507696260907862,3.25,4.471952565812115,0.007929481719016158,False
6.0,-69.0,3.25,4.3554152579779055,3.25,4.320879072311046,0.007929481719016144,False
6.0,-66.0,3.25,4.448973555436701,3.25,4.413695500960479,0.007929481719016166,False
6.0,-63.0,3.25,4.072772885797863,3.25,4.040477907654225,0.007929481719016038,False
6.0,-60.0,3.25,3.81517469489634,3.25,3.7849223368983065,0.00792948171901611,False
6.0,-9.0,3.25,4.593784642488239,3.25,4.557358311144531,0.007929481719016154,False
6.0,-6.0,3.25,4.4692166222107845,3.25,4.433778050706642,0.007929481719015979,False
6.0,-3.0,3.25,4.437555682089149,3.25,4.402368165430907,0.007929481719016127,False
6.0,0.0,3.25,4.300578959455534,3.25,4.266477597215347,0.007929481719016062,False
6.0,6.0,3.25,4.58152471873556,3.25,4.545195602233126,0.007929481719016047,False
6.0,9.0,3.25,4.747951054109937,3.25,4.710302263023589,0.007929481719015991,False
6.0,12.0,3.25,4.974078739204815,3.25,4.934636872773344,0.007929481719016158,False
6.0,15.0,3.25,5.21987297665236,3.25,5.178482089308409,0.007929481719016095,False
6.0,18.0,3.25,5.019179373836757,3.25,4.979379882747456,0.00792948171901608,False
6.0,21.0,3.25,4.963063115764845,3.25,4.923708597518065,0.007929481719016024,False
6.0,24.0,3.25,5.542725110422251,3.25,5.498774172985626,0.007929481719016135,False
6.0,27.0,3.25,5.5442075182945025,3.25,5.5002448261317545,0.007929481719016133,False
6.0,30.0,3.25,5.524043739849133,3.25,5.480240935998953,0.007929481719016213,False
6.0,33.0,3.25,5.597389645719565,3.25,5.553005246849621,0.007929481719016097,False
6.0,36.0,3.25,4.741064127781963,3.25,4.703469946452033,0.007929481719016099,False
6.0,39.0,3.25,4.631076876752627,3.25,4.5943548373190595,0.007929481719016,False
6.0,42.0,3.25,5.5288196543723584,3.25,5.484978979995276,0.007929481719016095,False
6.0,45.0,3.25,4.83354996605408,3.25,4.795222419960304,0.007929481719015993,False
6.0,48.0,3.25,4.056659042095033,3.25,4.024491838380459,0.007929481719016212,False
6.0,102.0,3.25,4.311399657061709,3.25,4.277212492297665,0.007929481719016189,False
6.0,117.0,3.25,4.427952477297168,3.25,4.392841109075768,0.007929481719016246,False
9.0,-78.0,3.25,4.384313502704712,3.25,4.34954816893458,0.007929481719016127,False
9.0,-75.0,3.25,4.025373024188889,3.25,3.993453902381363,0.007929481719016036,False
9.0,-72.0,3.25,3.9230983577490983,3.25,3.8919902210394244,0.007929481719016198,False
9.0,-69.0,3.25,4.30157480746023,3.25,4.267465548661494,0.007929481719016116,False
9.0,-66.0,3.25,4.059350624875155,3.25,4.027162078304131,0.007929481719016203,False
9.0,-63.0,3.25,4.063865312039991,3.25,4.031640966339626,0.007929481719016055,False
9.0,-12.0,3.25,5.064023550416719,3.25,5.023868468249022,0.007929481719016229,False
9.0,-9.0,3.25,4.882222226902246,3.25,4.84350873500585,0.007929481719016227,False
9.0,-6.0,3.25,4.953072834446711,3.25,4.91379753395301,0.007929481719016206,False
9.0,-3.0,3.25,5.105998989162527,3.25,5.065511063520648,0.007929481719015998,False
9.0,0.0,3.25,5.227979334441405,3.25,5.186524167881558,0.007929481719016052,False
9.0,3.0,3.25,5.290721273373276,3.25,5.248768595755653,0.007929481719016043,False
9.0,6.0,3.25,5.608292412732501,3.25,5.563821560570842,0.007929481719016094,False
9.0,9.0,3.25,6.014936925330066,3.25,5.967241592939627,0.007929481719016099,False
9.0,12.0,3.25,6.055941193564076,3.25,6.007920718578273,0.007929481719016097,False
9.0,15.0,3.25,5.9579867338152415,3.25,5.910742986927313,0.007929481719016087,False
9.0,18.0,3.25,6.2346833416738585,3.25,6.185245534092202,0.007929481719016062,False
9.0,21.0,3.25,5.6845218050824675,3.25,5.639446493347718,0.00792948171901609,False
9.0,24.0,3.25,6.2993454088401135,3.25,6.249394864578948,0.007929481719016127,False
9.0,27.0,3.25,6.8020472995895345,3.25,6.748110589875557,0.007929481719016031,False
9.0,30.0,3.25,6.753072054021811,3.25,6.699523692622247,0.007929481719016128,False
9.0,33.0,3.25,6.223891192162937,3.25,6.1745389607335355,0.00792948171901616,False
9.0,36.0,3.25,5.217113479648939,3.25,5.17574447368603,0.007929481719016118,False
9.0,39.0,3.25,5.282737069696197,3.25,5.240847702675673,0.007929481719016062,False
9.0,42.0,3.25,5.281503929896781,3.25,5.239624341035753,0.00792948171901609,False
9.0,45.0,3.25,4.966999378895052,3.25,4.927613648121739,0.007929481719016035,False
9.0,48.0,3.25,4.992172156756542,3.25,4.95258681890136,0.007929481719016028,False
9.0,78.0,3.25,4.308591196706819,3.25,4.274426301577819,0.007929481719015977,False
9.0,81.0,3.25,4.124185843485175,3.25,4.091483187233433,0.007929481719016272,False
9.0,99.0,3.25,4.127771219360171,3.25,4.095040132935973,0.007929481719016189,False
9.0,105.0,3.25,4.224458152431316,3.25,4.190960388738863,0.00792948171901617,False
9.0,126.0,3.25,4.433526113593315,3.25,4.398370549324796,0.007929481719016087,False
12.0,-84.0,3.25,4.447712368316204,3.25,4.412444314400199,0.007929481719016133,False
12.0,-72.0,3.25,3.8931723373212876,3.25,3.8623014984435193,0.007929481719016095,False
12.0,-15.0,3.25,4.930654277722844,3.25,4.891556744764852,0.007929481719016205,False
12.0,-12.0,3.25,5.921445954847771,3.25,5.874491957398663,0.007929481719016154,False
12.0,-9.0,3.25,6.402018857738586,3.25,6.351254166241351,0.007929481719016125,False
12.0,-6.0,3.25,6.241308361084736,3.25,6.191818020532773,0.007929481719015996,False
12.0,-3.0,3.25,6.15469638388027,3.25,6.105892831418197,0.00792948171901607,False
12.0,0.0,3.25,6.3110154960457985,3.25,6.2609724140414755,0.007929481719016173,False
12.0,3.0,3.25,6.611454369157316,3.25,6.559028962600975,0.007929481719016071,False
12.0,6.0,3.25,6.13619045348467,3.25,6.087533643459362,0.0079294817190162,False
12.0,9.0,3.25,6.0345424822087805,3.25,5.98669168791348,0.007929481719016031,False
12.0,12.0,3.25,7.000238905255906,3.25,6.944730638827934,0.007929481719016073,False
12.0,15.0,3.25,7.529860151664239,3.25,7.470152263244869,0.007929481719016127,False
12.0,18.0,3.25,7.583192175946951,3.25,7.523061392215993,0.007929481719016128,False
12.0,21.0,3.25,7.538989596016302,3.25,7.479209315834838,0.007929481719016088,False
12.0,24.0,3.25,7.647197063366375,3.25,7.586558754050698,0.00792948171901607,False
12.0,27.0,3.25,7.837001616307335,3.25,7.774858255258926,0.007929481719016118,False
12.0,30.0,3.25,7.600176426469789,3.25,7.539910966434799,0.007929481719016179,False
12.0,33.0,3.25,7.404290236147539,3.25,7.345578052077718,0.007929481719016123,False
12.0,36.0,3.25,5.927942497347196,3.25,5.880936985683103,0.007929481719016033,False
12.0,39.0,3.25,6.1583583355904175,3.25,6.1095257457492025,0.007929481719016154,False
12.0,42.0,3.25,4.987937757524886,3.25,4.948385996261002,0.007929481719016205,False
12.0,51.0,3.25,4.422016015892902,3.25,4.386951720733682,0.007929481719016272,False
12.0,78.0,3.25,4.634493836741489,3.25,4.597744702586154,0.007929481719016269,False
12.0,99.0,3.25,4.431566997473334,3.25,4.396426967980274,0.007929481719016267,False
12.0,105.0,3.25,4.409508101687429,3.25,4.374542987805245,0.007929481719016192,False
12.0,108.0,3.25,4.2160200573420035,3.25,4.182589203370305,0.007929481719016132,False
15.0,-90.0,3.25,4.651217243308818,3.25,4.614335501206829,0.007929481719016114,False
15.0,-87.0,3.25,4.758627965039181,3.25,4.720894511582803,0.007929481719016227,False
15.0,-84.0,3.25,4.3656766320745986,3.25,4.331059079029427,0.007929481719016106,False
15.0,-15.0,3.25,6.469303757691733,3.25,6.418005531810354,0.007929481719016206,False
15.0,-12.0,3.25,7.690541031679616,3.25,7.629559027159568,0.007929481719016205,False
15.0,-9.0,3.25,7.774820458689917,3.25,7.713170161994103,0.007929481719016078,False
15.0,-6.0,3.25,8.071517819828196,3.25,8.007514866831157,0.007929481719016035,False
15.0,-3.0,3.25,8.265373693628074,3.25,8.199833564023614,0.007929481719016158,False
15.0,0.0,3.25,8.35034897521828,3.25,8.284135035671882,0.00792948171901601,False
15.0,3.0,3.25,8.083029978591524,3.25,8.018935740142023,0.007929481719016139,False
15.0,6.0,3.25,7.9912695471113,3.25,7.927902921325751,0.007929481719016081,False
15.0,9.0,3.25,8.149812622185406,3.25,8.085188831984379,0.007929481719016288,False
15.0,12.0,3.25,8.38718705690852,3.25,8.320681010466796,0.007929481719016005,False
15.0,15.0,3.25,8.457680954000159,3.25,8.390615927490144,0.007929481719016111,False
15.0,18.0,3.25,8.904302036546051,3.25,8.833695536326662,0.007929481719016038,False
15.0,21.0,3.25,8.678861312708428,3.25,8.61004244058743,0.007929481719016142,False
15.0,24.0,3.25,8.465959167517132,3.25,8.398828499064368,0.00792948171901611,False
15.0,27.0,3.25,8.594797645089956,3.25,8.526645354284573,0.007929481719016035,False
15.0,30.0,3.25,9.008853475112735,3.25,8.937417936172535,0.007929481719015996,False
15.0,33.0,3.25,8.66380016884947,3.25,8.595100723793369,0.007929481719016153,False
15.0,36.0,3.25,6.036726860008803,3.25,5.988858744729669,0.007929481719016229,False
15.0,39.0,3.25,4.807727507529228,3.25,4.769604720148264,0.007929481719016217,False
15.0,45.0,3.25,6.371015866075693,3.25,6.320497012234084,0.007929481719016043,False
15.0,48.0,3.25,4.999374024305761,3.25,4.959731579373505,0.007929481719016024,False
15.0,75.0,3.25,4.660454591360043,3.25,4.623499601875549,0.007929481719016087,False
15.0,78.0,3.25,5.108610514231996,3.25,5.06810188054982,0.0079294817190161,False
15.0,99.0,3.25,4.8445461998455,3.25,4.806131459316896,0.007929481719016172,False
15.0,102.0,3.25,4.506457662858993,3.25,4.4707237892038325,0.007929481719016062,False
15.0,105.0,3.25,4.576595870564031,3.25,4.540305837273069,0.00792948171901612,False
15.0,108.0,3.25,5.766584372897847,3.25,5.72085834753179,0.007929481719016026,False
18.0,-102.0,3.25,4.056779898124802,3.25,4.024611736084549,0.007929481719016133,False
18.0,-99.0,3.25,4.580673526334985,3.25,4.544351159347131,0.00792948171901615,False
18.0,-96.0,3.25,4.333201439209646,3.25,4.298841397612619,0.007929481719016192,False
18.0,-93.0,3.25,4.255563271459885,3.25,4.221818860294728,0.007929481719016092,False
18.0,-90.0,3.25,4.2360058198019646,3.25,4.202416489092198,0.0079294817190163,False
18.0,-66.0,3.25,4.03554494242786,3.25,4.003545162580611,0.007929481719015925,False
18.0,-15.0,3.25,7.024938789994189,3.25,6.969234666281722,0.007929481719016166,False
18.0,-12.0,3.25,9.903865210657983,3.25,9.82533269252247,0.00792948171901613,False
18.0,-9.0,3.25,9.659965207379189,3.25,9.583366689860943,0.007929481719016194,False
18.0,-6.0,3.25,9.338987284422043,3.25,9.264933955476094,0.007929481719016147,False
18.0,-3.0,3.25,10.376508174071127,3.25,10.294227842197609,0.007929481719016078,False
18.0,0.0,3.25,11.056206088003089,3.25,10.968536103946594,0.007929481719016095,False
18.0,3.0,3.25,10.468155894506852,3.25,10.38514884370955,0.007929481719016094,False
18.0,6.0,3.25,10.856584840141224,3.25,10.770497749120375,0.007929481719016238,False
18.0,9.0,3.25,10.404899098207288,3.25,10.322393641019847,0.00792948171901603,False
18.0,12.0,3.25,9.513641500551882,3.25,9.438203254191983,0.00792948171901617,False
18.0,15.0,3.25,9.416299685207834,3.25,9.3416333089932,0.007929481719016182,False
18.0,18.0,3.25,9.734285351377489,3.25,9.657097513636055,0.007929481719016088,False
18.0,21.0,3.25,9.33637313824949,3.25,9.262340538127827,0.007929481719016212,False
18.0,24.0,3.25,9.16489392243804,3.25,9.092221063623345,0.007929481719016161,False
18.0,27.0,3.25,9.515770169012727,3.25,9.440315043415183,0.007929481719016045,False
18.0,30.0,3.25,10.291565228918872,3.25,10.209958450576098,0.007929481719016114,False
18.0,33.0,3.25,9.138204368083322,3.25,9.06574314360197,0.007929481719016277,False
18.0,36.0,3.25,5.828788016282669,3.25,5.782568748263535,0.007929481719016142,False
18.0,42.0,3.25,4.945601533958776,3.25,4.906385477005712,0.007929481719016118,False
18.0,45.0,3.25,8.295557853514655,3.25,8.22977837916617,0.00792948171901611,False
18.0,48.0,3.25,8.845294317017487,3.25,8.775155717431378,0.007929481719016284,False
18.0,51.0,3.25,6.412113778304211,3.25,6.361269039318896,0.007929481719016222,False
18.0,54.0,3.25,5.219133277296355,3.25,5.177748255384925,0.007929481719016095,False
18.0,75.0,3.25,5.4974862012388614,3.25,5.453893984905595,0.007929481719016,False
18.0,78.0,3.25,5.35202347021596,3.25,5.309584697949138,0.007929481719016123,False
18.0,81.0,3.25,4.818001103147907,3.25,4.779796851478296,0.007929481719016121,False
18.0,96.0,3.25,5.111136707668378,3.25,5.070608042581529,0.007929481719016156,False
18.0,99.0,3.25,4.671410051007045,3.25,4.634368190405556,0.007929481719016236,False
18.0,102.0,3.25,4.8451155135138935,3.25,4.806696258622964,0.007929481719016137,False
18.0,105.0,3.25,4.7591742110195,3.25,4.721436426115608,0.007929481719016102,False
21.0,-105.0,3.25,4.333462056346774,3.25,4.299099948190922,0.00792948171901619,False
21.0,-102.0,3.25,5.893520439737597,3.25,5.846787877150049,0.00792948171901621,False
21.0,-99.0,3.25,4.521365912234229,3.25,4.485513823888185,0.007929481719016038,False
21.0,-90.0,3.25,4.276821100340144,3.25,4.242908125609495,0.007929481719015991,False
21.0,-87.0,3.25,4.226143328340647,3.25,4.192632202076627,0.007929481719016222,False
21.0,-78.0,3.25,4.180943215128017,3.25,4.147790502335415,0.007929481719016128,False
21.0,-15.0,3.25,7.964490317222983,3.25,7.901336036851282,0.007929481719016165,False
21.0,-12.0,3.25,10.06953613424116,3.25,9.989689931545723,0.007929481719016087,False
21.0,-9.0,3.25,10.384900904921631,3.25,10.30255402304226,0.007929481719016182,False
21.0,-6.0,3.25,11.972519966090935,3.25,11.877584087889263,0.007929481719016048,False
21.0,-3.0,3.25,12.141293083868554,3.25,12.045018922314801,0.00792948171901614,False
21.0,0.0,3.25,12.551520117659738,3.25,12.451993068340892,0.007929481719016127,False
21.0,3.0,3.25,12.533142159525715,3.25,12.433760837889926,0.007929481719016113,False
21.0,6.0,3.25,12.588950701233577,3.25,12.489126846786549,0.00792948171901618,False
21.0,9.0,3.25,11.57820154787726,3.25,11.486392410364283,0.007929481719016095,False
21.0,12.0,3.25,11.985068490363904,3.25,11.890033108868408,0.007929481719016048,False
21.0,15.0,3.25,10.831754486621522,3.25,10.745864287434985,0.00792948171901616,False
21.0,18.0,3.25,10.18436907479525,3.25,10.103612306396947,0.007929481719016153,False
21.0,21.0,3.25,9.326013208789748,3.25,9.252062757539347,0.007929481719016055,False
21.0,24.0,3.25,9.496707139091086,3.25,9.421403173440813,0.007929481719016107,False
21.0,27.0,3.25,8.741012573161552,3.25,8.671700873756977,0.007929481719016071,False
21.0,30.0,3.25,9.68308108199385,3.25,9.606299267570428,0.007929481719016173,False
21.0,33.0,3.25,9.823821303650607,3.25,9.745923492212428,0.007929481719016158,False
21.0,36.0,3.25,6.100696302142296,3.25,6.05232094234119,0.007929481719016074,False
21.0,42.0,3.25,7.725679353963307,3.25,7.664418720759074,0.007929481719016198,False
21.0,45.0,3.25,9.727076655109059,3.25,9.649945978592903,0.00792948171901609,False
21.0,48.0,3.25,9.22113748661355,3.25,9.148018645484914,0.007929481719016087,False
21.0,51.0,3.25,8.03822625233618,3.25,7.974487284214965,0.0079294817190161,False
21.0,54.0,3.25,7.155695373746044,3.25,7.098954418093077,0.007929481719016054,False
21.0,57.0,3.25,5.410645394548756,3.25,5.367741780804603,0.007929481719016132,False
21.0,75.0,3.25,5.664809208735352,3.25,5.61989020767297,0.007929481719016173,False
21.0,78.0,3.25,5.445463520046338,3.25,5.402283816612561,0.007929481719016085,False
21.0,81.0,3.25,5.50260589594962,3.25,5.458973083090737,0.007929481719016147,False
21.0,84.0,3.25,5.323410630231839,3.25,5.281198742956599,0.007929481719016213,False
21.0,87.0,3.25,4.66485024895589,3.25,4.627860404184847,0.007929481719016114,False
21.0,93.0,3.25,4.895211742474152,3.25,4.85639525045149,0.007929481719016225,False
21.0,96.0,3.25,5.097455538358716,3.25,5.057035357853803,0.007929481719016035,False
21.0,99.0,3.25,4.915215939181429,3.25,4.876240824246674,0.0079294817190161,False
21.0,102.0,3.25,5.717959588923592,3.25,5.67261913289315,0.007929481719016064,False
21.0,105.0,1.0,5.831162241526587,1.0,5.814391076949077,0.002876127242365923,False
24.0,-105.0,3.25,6.313509388169167,3.25,6.263446530892843,0.007929481719016142,False
24.0,-102.0,3.25,6.401726165113366,3.25,6.350963794516952,0.007929481719016144,False
24.0,-99.0,3.25,4.583848018610606,3.25,4.5475004795442855,0.007929481719016019,False
24.0,-15.0,3.25,5.333807886717856,3.25,5.291513554587382,0.007929481719016149,False
24.0,-12.0,3.25,7.450429253694784,3.25,7.3913512111287885,0.007929481719016104,False
24.0,-9.0,3.25,9.601934899977817,3.25,9.525796532721259,0.007929481719016213,False
24.0,-6.0,3.25,12.157961394661811,3.25,12.061555062042338,0.007929481719016016,False
24.0,-3.0,3.25,12.121086051859685,3.25,12.024972121596841,0.007929481719016194,False
24.0,0.0,3.25,12.668723018818843,3.25,12.56826661123784,0.007929481719016146,False
24.0,3.0,3.25,13.427566435025781,3.25,13.321092792448368,0.00792948171901623,False
24.0,6.0,3.25,12.698453459919865,3.25,12.597761305349653,0.007929481719016099,False
24.0,9.0,3.25,11.20363930515255,3.25,11.114800252095892,0.007929481719016142,False
24.0,12.0,3.25,9.266398092482321,3.25,9.192920358206857,0.007929481719016076,False
24.0,15.0,3.25,10.014504070002364,3.25,9.935094243054268,0.007929481719016076,False
24.0,18.0,3.25,9.054142045702129,3.25,8.982347391869359,0.007929481719016074,False
24.0,21.0,3.25,8.52670432802379,3.25,8.45909198193127,0.007929481719016139,False
24.0,24.0,3.25,8.654439332423522,3.25,8.585814113948736,0.007929481719016047,False
24.0,27.0,3.25,8.130606801880536,3.25,8.066135303880515,0.007929481719016257,False
24.0,30.0,3.25,8.787297623885639,3.25,8.717618908017483,0.007929481719016187,False
24.0,33.0,3.25,9.230513538248905,3.25,9.15732034989023,0.00792948171901618,False
24.0,39.0,3.25,7.0754655104828865,3.25,7.019360736063984,0.007929481719016064,False
24.0,42.0,3.25,9.528531625273137,3.25,9.452975307941466,0.007929481719016182,False
24.0,45.0,3.25,10.05183976154968,3.25,9.97213388191799,0.007929481719016262,False
24.0,48.0,3.25,9.469460493552777,3.25,9.394372579680205,0.007929481719016128,False
24.0,51.0,3.25,5.827842806921338,3.25,5.781631033922556,0.00792948171901604,False
24.0,54.0,3.25,4.642536241684823,3.25,4.6057233354265135,0.007929481719016113,False
24.0,57.0,3.25,5.11509461948505,3.25,5.074534570208805,0.007929481719016149,False
24.0,69.0,3.25,4.783290655614192,3.25,4.745361639803759,0.007929481719016055,False
24.0,72.0,3.25,5.9784765510667155,3.25,5.931070330547465,0.007929481719016189,False
24.0,75.0,3.25,6.058200438697927,3.25,6.0101620490691365,0.00792948171901611,False
24.0,78.0,3.25,5.935172343041933,3.25,5.888109502448572,0.007929481719016194,False
24.0,81.0,3.25,5.327396390339596,3.25,5.285152898052446,0.007929481719016182,False
24.0,84.0,3.25,5.576142304201221,3.25,5.531926385737425,0.007929481719016123,False
24.0,87.0,3.25,5.224142731742491,3.25,5.182717987453608,0.007929481719016135,False
24.0,90.0,3.25,4.917472981424554,3.25,4.878479969314593,0.007929481719016087,False
24.0,93.0,3.25,4.747779434431436,3.25,4.710132004200192,0.007929481719015995,False
24.0,96.0,3.25,4.999955046465788,3.25,4.960307994328935,0.00792948171901607,False
24.0,99.0,3.25,6.098475416084335,3.25,6.0501176667586245,0.007929481719016149,False
24.0,102.0,3.25,5.804974666906442,3.25,5.7589442264058555,0.007929481719016107,False
24.0,105.0,3.25,6.014308102460066,3.25,5.966617756309078,0.007929481719016201,False
24.0,108.0,3.25,6.392737536438377,3.25,6.342046441008721,0.007929481719016045,False
24.0,111.0,3.25,6.414416552084042,3.25,6.3635535532961365,0.007929481719016184,False
24.0,114.0,3.25,6.489439869841849,3.25,6.437981975027284,0.007929481719016036,False
24.0,117.0,3.25,5.556226421848127,3.25,5.512168426009368,0.007929481719016031,False
27.0,-114.0,3.25,4.856445733192567,3.25,4.817936635531822,0.007929481719016208,False
27.0,-108.0,3.25,6.8938763897293445,3.25,6.839211522923828,0.007929481719016177,False
27.0,-105.0,3.25,8.007652661962707,3.25,7.944156126567443,0.0079294817190161,False
27.0,-102.0,3.25,6.249462760359731,3.25,6.199907759647787,0.00792948171901605,False
27.0,-99.0,3.25,4.86982388432726,3.25,4.831208704861659,0.007929481719016036,False
27.0,-81.0,3.25,4.77424527530968,3.25,4.7363879846770125,0.007929481719016095,False
27.0,-12.0,3.25,5.305694300916444,3.25,5.263622894950639,0.007929481719016118,False
27.0,-9.0,3.25,6.969544234255532,3.25,6.914279360660129,0.007929481719016104,False
27.0,-6.0,3.25,10.32097082552067,3.25,10.239130876037205,0.007929481719016107,False
27.0,-3.0,3.25,11.896098870634182,3.25,11.80176897211188,0.007929481719016116,False
27.0,0.0,3.25,13.350342094446972,3.25,13.244480800866443,0.007929481719016194,False
27.0,3.0,3.25,12.651801237807511,3.25,12.55147901117969,0.007929481719016165,False
27.0,6.0,3.25,11.485631126727615,3.25,11.394556024676866,0.007929481719016048,False
27.0,9.0,3.25,10.932584980172601,3.25,10.845895247430732,0.007929481719016111,False
27.0,12.0,3.25,9.479651319344592,3.25,9.404482597505202,0.007929481719016092,False
27.0,15.0,3.25,8.668622347355022,3.25,8.599884664922616,0.007929481719016113,False
27.0,18.0,3.25,8.013895872602937,3.25,7.950349831783034,0.007929481719016099,False
27.0,21.0,3.25,7.889284284610608,3.25,7.826726349099666,0.007929481719016194,False
27.0,24.0,3.25,7.785129663342637,3.25,7.723397619996992,0.0079294817190161,False
27.0,27.0,3.25,7.331472399805953,3.25,7.273337623438221,0.007929481719016137,False
27.0,30.0,3.25,7.227013381227847,3.25,7.1697069107383165,0.007929481719016042,False
27.0,33.0,3.25,7.7843579743132665,3.25,7.722632050061672,0.00792948171901612,False
27.0,36.0,3.25,5.667391853820283,3.25,5.622452373720915,0.007929481719016073,False
27.0,39.0,3.25,8.416183155963523,3.25,8.349447185484419,0.007929481719016175,False
27.0,42.0,3.25,9.646993720889231,3.25,9.570498060535977,0.007929481719016102,False
27.0,45.0,3.25,9.832730733668493,3.25,9.754762275067861,0.007929481719016042,False
27.0,48.0,3.25,8.420852995860615,3.25,8.354079995971418,0.007929481719015957,False
27.0,54.0,3.25,6.308145531043688,3.25,6.258125206374384,0.00792948171901607,False
27.0,57.0,3.25,4.963985999538407,3.25,4.924624163301615,0.007929481719016217,False
27.0,60.0,3.25,7.477830584096391,3.25,7.418535263181899,0.00792948171901612,False
27.0,63.0,3.25,7.228562038514981,3.25,7.171243287975802,0.007929481719016168,False
27.0,66.0,3.25,6.418263736918425,3.25,6.3673702319487075,0.007929481719015988,False
27.0,69.0,3.25,6.21319355921716,3.25,6.163926154472638,0.007929481719016229,False
27.0,72.0,3.25,6.8671478163702036,3.25,6.812694893298515,0.007929481719016092,False
27.0,75.0,3.25,6.5819218541755315,3.25,6.529730625156854,0.007929481719016104,False
27.0,78.0,3.25,6.022700789108092,3.25,5.974943893301756,0.007929481719016083,False
27.0,81.0,3.25,5.840416468419977,3.25,5.7941049928022,0.00792948171901605,False
27.0,84.0,3.25,5.7673686260593,3.25,5.721636381972136,0.007929481719016048,False
27.0,87.0,3.25,6.5225891966473615,3.25,6.470868444851894,0.007929481719016106,False
27.0,90.0,3.25,6.821203584525294,3.25,6.767114975400113,0.007929481719016135,False
27.0,93.0,3.25,6.101885115419092,3.25,6.05350032894484,0.007929481719016139,False
27.0,96.0,3.25,6.441732056703247,3.25,6.390652460120818,0.007929481719016111,False
27.0,99.0,3.25,8.388528525234197,3.25,8.322011841643908,0.007929481719015951,False
27.0,102.0,3.25,6.455008386997219,3.25,6.403823515996429,0.007929481719016068,False
27.0,105.0,3.25,7.02227324198274,3.25,6.966590254684502,0.00792948171901607,False
27.0,108.0,3.25,7.333330639393941,3.25,7.275181128149366,0.0079294817190161,False
27.0,111.0,3.25,6.9369868189855595,3.25,6.8819801088193575,0.007929481719016146,False
27.0,114.0,3.25,6.5654314572042844,3.25,6.51337098848693,0.007929481719016114,False
27.0,117.0,3.25,6.53229193197679,3.25,6.480494242518904,0.00792948171901605,False
27.0,120.0,3.25,6.422307278254478,3.25,6.371381710097655,0.00792948171901615,False
30.0,-111.0,3.25,6.849442562120465,3.25,6.79513003253868,0.007929481719016097,False
30.0,-108.0,3.25,8.759061656210319,3.25,8.689606836931665,0.007929481719016048,False
30.0,-105.0,3.25,8.76030756386019,3.25,8.690842865179603,0.007929481719016019,False
30.0,-102.0,3.25,6.037102535948492,3.25,5.989231441753862,0.007929481719016158,False
30.0,-99.0,3.25,5.759754713566612,3.25,5.7140828438593685,0.007929481719016154,False
30.0,-96.0,3.25,5.29932557722432,3.25,5.2573046719366054,0.00792948171901615,False
30.0,-93.0,3.25,5.031361501143465,3.25,4.991465412098386,0.007929481719016113,False
30.0,-90.0,3.25,5.627508411264904,3.25,5.582885186194169,0.007929481719016212,False
30.0,-9.0,3.25,7.173804307485881,3.25,7.116919757373872,0.007929481719016142,False
30.0,-6.0,3.25,11.438091533996337,3.25,11.34739339627708,0.007929481719016047,False
30.0,-3.0,3.25,11.348233782989679,3.25,11.258248170664341,0.007929481719016095,False
30.0,0.0,3.25,10.692391645157953,3.25,10.60760652107511,0.007929481719016232,False
30.0,3.0,3.25,8.642908868953374,3.25,8.574375081077886,0.007929481719016102,False
30.0,6.0,3.25,8.86393059087293,3.25,8.793644215293975,0.007929481719016048,False
30.0,9.0,3.25,7.952324503234281,3.25,7.8892666914622005,0.007929481719016144,False
30.0,12.0,3.25,7.040193177736671,3.25,6.984368094635466,0.007929481719016198,False
30.0,15.0,3.25,6.423922229293097,3.25,6.372983855411536,0.007929481719016099,False
30.0,18.0,3.25,5.580847185862636,3.25,5.536593960125715,0.007929481719016246,False
30.0,21.0,3.25,6.107300824867877,3.25,6.058873094624555,0.007929481719016142,False
30.0,24.0,3.25,5.869754280262236,3.25,5.82321017100178,0.007929481719016068,False
30.0,27.0,3.25,6.097834016441365,3.25,6.049481353082399,0.007929481719016107,False
30.0,30.0,3.25,5.276535854100816,3.25,5.234695659505991,0.007929481719016066,False
30.0,33.0,3.25,5.872843237122133,3.25,5.826274634034726,0.0079294817190161,False
30.0,36.0,3.25,6.821852555925391,3.25,6.767758800793357,0.007929481719016179,False
30.0,39.0,3.25,8.505810093995027,3.25,8.43836342834927,0.007929481719016257,False
30.0,42.0,3.25,10.628641541207745,3.25,10.544361922408763,0.007929481719016133,False
30.0,45.0,3.25,8.731068198744357,3.25,8.661835353074931,0.007929481719016026,False
30.0,48.0,3.25,7.056714856301209,3.25,7.0007587648518586,0.007929481719016194,False
30.0,51.0,3.25,7.405516739552319,3.25,7.346794829946171,0.007929481719016121,False
30.0,54.0,3.25,10.276658343891109,3.25,10.19516976942065,0.007929481719016116,False
30.0,57.0,3.25,9.97899427063199,3.25,9.899866017988847,0.007929481719016095,False
30.0,60.0,3.25,11.51207128823492,3.25,11.42078652940685,0.007929481719016085,False
30.0,63.0,3.25,11.422519863868375,3.25,11.331945201422732,0.007929481719016173,False
30.0,66.0,3.25,9.771731171124804,3.25,9.69424640744023,0.007929481719016054,False
30.0,69.0,3.25,6.880151258080271,3.25,6.825595224455257,0.007929481719016186,False
30.0,72.0,3.25,6.557634384071055,3.25,6.505635742102572,0.00792948171901613,False
30.0,75.0,3.25,6.186534894869542,3.25,6.137478879516619,0.007929481719016016,False
30.0,78.0,3.25,5.967578168851289,3.25,5.920258366854583,0.007929481719016166,False
30.0,81.0,1.0,18.176620878947332,1.0,18.124342604463234,0.002876127242365988,False
30.0,84.0,3.25,12.672411421735484,3.25,12.571925767030981,0.00792948171901615,False
30.0,87.0,3.25,14.206171094504437,3.25,14.09352352051335,0.007929481719016135,False
30.0,90.0,1.0,15.173378244177622,1.0,15.12973767765082,0.0028761272423659615,False
30.0,93.0,3.25,8.276591979060113,3.25,8.210962894266402,0.007929481719015937,False
30.0,96.0,3.25,9.718949394127408,3.25,9.641883162578631,0.007929481719016205,False
30.0,99.0,3.25,9.714522064355336,3.25,9.637490939237052,0.007929481719016038,False
30.0,102.0,3.25,10.538288515677113,3.25,10.454725349542334,0.00792948171901607,False
30.0,105.0,3.25,7.778088063038884,3.25,7.716411855934119,0.007929481719016172,False
30.0,108.0,3.25,8.051075749924488,3.25,7.987234891947047,0.007929481719016215,False
30.0,111.0,3.25,7.536639145517307,3.25,7.476877503190106,0.007929481719016173,False
30.0,114.0,3.25,6.867818271191668,3.25,6.813360031760729,0.007929481719016147,False
30.0,117.0,3.25,6.952629742780491,3.25,6.8974989923360255,0.007929481719016142,False
30.0,120.0,3.25,6.932771340136261,3.25,6.877798056532532,0.007929481719016114,False
33.0,-117.0,3.25,6.689590922675024,3.25,6.6365459337459765,0.00792948171901613,False
33.0,-114.0,3.25,9.893876670637722,3.25,9.815423356447699,0.007929481719016232,False
33.0,-111.0,3.25,9.446366056506426,3.25,9.371461269550224,0.00792948171901607,False
33.0,-108.0,3.25,10.551166215520128,3.25,10.467500935899862,0.007929481719016028,False
33.0,-105.0,3.25,9.039986297891373,3.25,8.968303891802087,0.007929481719016111,False
33.0,-102.0,3.25,6.7545379639359275,3.25,6.7009779786304975,0.007929481719016081,False
33.0,-99.0,3.25,5.920874317164293,3.25,5.873924852505747,0.007929481719016066,False
33.0,-96.0,3.25,5.91350017845137,3.25,5.866609186890941,0.007929481719016128,False
33.0,-93.0,3.25,5.975535311323898,3.25,5.92815241331142,0.007929481719016165,False
33.0,-90.0,3.25,5.869192578845414,3.25,5.822652923586075,0.007929481719016043,False
33.0,-87.0,3.25,5.895901321485269,3.25,5.849149879739429,0.007929481719016106,False
33.0,-84.0,3.25,6.111716823397184,3.25,6.063254076574252,0.007929481719016127,False
33.0,-81.0,3.25,5.690238098839906,3.25,5.645117459858306,0.00792948171901609,False
33.0,-6.0,3.25,6.878451810525805,3.25,6.823909252639107,0.007929481719016073,False
33.0,-3.0,3.25,7.642727774695875,3.25,7.582124904523007,0.007929481719016192,False
33.0,0.0,3.25,8.434088432838392,3.25,8.367210482793634,0.007929481719016125,False
33.0,3.0,3.25,8.064961040782492,3.25,8.00101007964503,0.00792948171901626,False
33.0,6.0,3.25,7.665407675047765,3.25,7.604624965019668,0.007929481719016147,False
33.0,9.0,3.25,6.950646921848983,3.25,6.8955318941468455,0.007929481719016135,False
33.0,36.0,3.25,6.065816160751438,3.25,6.017717382393847,0.007929481719016147,False
33.0,39.0,3.25,7.937134385158067,3.25,7.8741970231495815,0.007929481719016128,False
33.0,42.0,3.25,8.598766104894851,3.25,8.530582346259992,0.00792948171901613,False
33.0,45.0,3.25,7.9098224089676075,3.25,7.847101616775035,0.0079294817190161,False
33.0,48.0,3.25,8.502394495416736,3.25,8.434974913697467,0.007929481719016005,False
33.0,51.0,3.25,9.710854763131426,3.25,9.633852717811154,0.007929481719016218,False
33.0,54.0,3.25,11.591131438341076,3.25,11.499219773498037,0.007929481719016149,False
33.0,57.0,3.25,13.13107200032224,3.25,13.0269494049446,0.007929481719016073,False
33.0,60.0,3.25,9.25709914520052,3.25,9.183695146757533,0.007929481719016168,False
33.0,63.0,3.25,11.328407796159414,3.25,11.238579393634208,0.007929481719016206,False
33.0,66.0,3.25,11.242514694047841,3.25,11.15336737930562,0.007929481719016092,False
33.0,69.0,3.25,7.489187716947727,3.25,7.42980233985591,0.007929481719016127,False
33.0,72.0,3.25,6.890983013066199,3.25,6.83634108923804,0.007929481719016116,False
33.0,75.0,3.25,7.000506340848619,3.25,6.9449959537950035,0.00792948171901615,False
33.0,78.0,3.25,14.47308215966181,3.25,14.358318119258954,0.007929481719016153,False
33.0,81.0,3.25,21.297698561723955,3.25,21.12881885032165,0.007929481719016055,False
33.0,84.0,3.25,15.87248628678041,3.25,15.74662569693405,0.007929481719016139,False
33.0,87.0,3.25,16.58365439734652,3.25,16.45215461296828,0.007929481719016218,False
33.0,90.0,3.25,15.24500464855859,3.25,15.124119662891529,0.007929481719016118,False
33.0,93.0,3.25,14.565372062717206,3.25,14.449876211215221,0.007929481719016147,False
33.0,96.0,3.25,14.288293618977626,3.25,14.17499485593001,0.007929481719016035,False
33.0,99.0,3.25,12.99464590563683,3.25,12.891605098482996,0.007929481719016017,False
33.0,102.0,3.25,10.197054310416082,3.25,10.116196954673823,0.007929481719016107,False
33.0,105.0,3.25,8.123104501613781,3.25,8.058692492966577,0.007929481719016196,False
33.0,108.0,3.25,8.933806356802197,3.25,8.862965902614704,0.007929481719016163,False
33.0,111.0,3.25,8.071201797488186,3.25,8.007201350384513,0.007929481719016198,False
33.0,114.0,3.25,7.585459333412224,3.25,7.525310572297592,0.007929481719016132,False
33.0,117.0,3.25,7.224723289184392,3.25,7.167434977937854,0.007929481719016121,False
33.0,120.0,3.25,7.090215478093846,3.25,7.033993744076415,0.007929481719016177,False
36.0,-120.0,3.25,8.662889971424255,3.25,8.594197743761999,0.007929481719016003,False
36.0,-117.0,3.25,16.743529936614564,3.25,16.61076242207038,0.007929481719016128,False
36.0,-114.0,3.25,14.1918134962902,3.25,14.07927977061168,0.007929481719016095,False
36.0,-111.0,3.25,11.402065799852076,3.25,11.31165332753313,0.00792948171901623,False
36.0,-108.0,3.25,9.695725491311036,3.25,9.618843413275087,0.007929481719016043,False
36.0,-105.0,3.25,9.6346949044857,3.25,9.558296767372283,0.007929481719016087,False
36.0,-102.0,3.25,7.185393365935328,3.25,7.128416920596204,0.007929481719016066,False
36.0,-99.0,3.25,6.6880053951266465,3.25,6.634972978609309,0.00792948171901612,False
36.0,-96.0,3.25,6.369257940967309,3.25,6.31875302656071,0.007929481719016123,False
36.0,-93.0,3.25,6.601776548268675,3.25,6.549427881816149,0.007929481719016201,False
36.0,-90.0,3.25,6.504395654624569,3.25,6.452819168187976,0.007929481719016068,False
36.0,-87.0,3.25,6.999733804882483,3.25,6.944229543638689,0.00792948171901609,False
36.0,-84.0,3.25,6.63616662758488,3.25,6.583545265627101,0.007929481719016179,False
36.0,-81.0,3.25,6.915396637221067,3.25,6.860561126006478,0.00792948171901605,False
36.0,-78.0,3.25,6.190580810244947,3.25,6.1414927128800185,0.007929481719016038,False
36.0,3.0,3.25,7.663951117411727,3.25,7.603179957130778,0.0079294817190161,False
36.0,6.0,3.25,7.078914282134993,3.25,7.022782160744321,0.007929481719016125,False
36.0,9.0,3.25,6.933600422208216,3.25,6.878620564413353,0.007929481719016196,False
36.0,39.0,3.25,7.174480493943179,3.25,7.117590582023019,0.007929481719016068,False
36.0,42.0,3.25,8.576030822272958,3.25,8.508027342646026,0.007929481719016198,False
36.0,45.0,3.25,7.8898001074763755,3.25,7.82723808175745,0.007929481719016133,False
36.0,48.0,3.25,8.446591577195388,3.25,8.379614483696022,0.007929481719016087,False
36.0,51.0,3.25,10.691760063096023,3.25,10.606979947131597,0.00792948171901606,False
36.0,54.0,3.25,9.019128674344078,3.25,8.947611658399413,0.007929481719015993,False
36.0,57.0,3.25,9.604370497938024,3.25,9.528212817651967,0.007929481719016095,False
36.0,60.0,3.25,8.620720894348798,3.25,8.552363045612319,0.007929481719016121,False
36.0,63.0,3.25,10.511651873647128,3.25,10.428299922278383,0.007929481719016073,False
36.0,66.0,3.25,10.132205787780432,3.25,10.051862647212918,0.007929481719016107,False
36.0,69.0,3.25,9.178558336007097,3.25,9.105777125474805,0.007929481719016104,False
36.0,72.0,3.25,10.269974273728904,3.25,10.188538700470605,0.007929481719016055,False
36.0,75.0,1.0,16.84005030148171,1.0,16.79161617404681,0.002876127242365806,False
36.0,78.0,3.25,16.69281861568883,3.25,16.560453215636873,0.007929481719016092,False
36.0,81.0,3.25,15.619168437004724,3.25,15.49531652641726,0.007929481719016173,False
36.0,84.0,1.0,17.506953773468254,1.0,17.456601546789543,0.0028761272423658427,False
36.0,87.0,1.0,16.803754135148306,1.0,16.75542440010619,0.002876127242365787,False
36.0,90.0,1.0,16.06190041898461,1.0,16.0157043496254,0.0028761272423660205,False
36.0,93.0,3.25,15.529743191001547,3.25,15.406600376267486,0.007929481719016078,False
36.0,96.0,3.25,13.161147317186055,3.25,13.05678624013315,0.007929481719016154,False
36.0,99.0,3.25,13.909383789805412,3.25,13.79908958532137,0.007929481719016166,False
36.0,102.0,3.25,9.242135279671812,3.25,9.16884993692698,0.007929481719016154,False
36.0,105.0,3.25,8.50550301641673,3.25,8.438058785737017,0.007929481719016201,False
36.0,108.0,3.25,8.9159303830351,3.25,8.845231676054803,0.007929481719016059,False
36.0,111.0,3.25,8.747405572534946,3.25,8.67804317995871,0.007929481719016205,False
36.0,114.0,3.25,8.588044259101043,3.25,8.5199455191464,0.007929481719016048,False
36.0,117.0,3.25,7.776629117292784,3.25,7.714964478871643,0.007929481719016073,False
36.0,120.0,3.25,7.194884820510919,3.25,7.137833112856251,0.007929481719016094,False
36.0,129.0,3.25,7.242264835084612,3.25,7.1848374284705345,0.007929481719016186,False
36.0,138.0,3.25,7.943259575954568,3.25,7.880273644357636,0.007929481719016114,False
39.0,-123.0,3.25,10.456253298867772,3.25,10.373340629484996,0.007929481719016246,False
39.0,-120.0,3.25,13.834847725889476,3.25,13.725144553761664,0.007929481719016102,False
39.0,-117.0,3.25,15.237617471662137,3.25,15.116791062479232,0.007929481719016113,False
39.0,-114.0,3.25,12.13210332951761,3.25,12.035902037952985,0.007929481719016206,False
39.0,-111.0,3.25,12.552093307016625,3.25,12.452561712603252,0.007929481719016092,False
39.0,-108.0,3.25,14.158753678655676,3.25,14.046482100196723,0.007929481719016189,False
39.0,-105.0,3.25,12.361662187637128,3.25,12.263640613303608,0.00792948171901604,False
39.0,-102.0,3.25,7.937062230510012,3.25,7.87412544065049,0.007929481719016106,False
39.0,-99.0,3.25,7.368502427822416,3.25,7.310074022524472,0.007929481719016127,False
39.0,-96.0,3.25,7.296390549551265,3.25,7.238533954073795,0.007929481719016189,False
39.0,-93.0,3.25,6.944552521872355,3.25,6.88948581960342,0.00792948171901619,False
39.0,-90.0,3.25,7.353265276452293,3.25,7.294957693867589,0.007929481719016074,False
39.0,-87.0,3.25,7.2618844342903,3.25,7.204301454422987,0.00792948171901612,False
39.0,-84.0,3.25,7.395413906653527,3.25,7.33677210727616,0.007929481719016114,False
39.0,-81.0,3.25,7.745632109020905,3.25,7.6842132608102,0.007929481719016048,False
39.0,-78.0,3.25,8.0597582950129,3.25,7.995848588952906,0.007929481719016234,False
39.0,-9.0,3.25,6.5172420749338595,3.25,6.465563723042269,0.007929481719016074,False
39.0,-6.0,3.25,7.259586395450966,3.25,7.202021637840619,0.00792948171901619,False
39.0,-3.0,3.25,8.380883639483962,3.25,8.314427575875472,0.007929481719016156,False
39.0,21.0,3.25,6.209538861803364,3.25,6.160300436915174,0.007929481719016179,False
39.0,27.0,3.25,6.873154798658027,3.25,6.8186542433301005,0.00792948171901612,False
39.0,30.0,3.25,8.0653335486114,3.25,8.00137963367992,0.007929481719016106,False
39.0,33.0,3.25,8.482011690126543,3.25,8.414753733489203,0.007929481719016149,False
39.0,36.0,3.25,8.439152422050862,3.25,8.372234317196218,0.007929481719016182,False
39.0,39.0,3.25,9.112536893719518,3.25,9.040279199006909,0.00792948171901621,False
39.0,42.0,3.25,7.969784721445502,3.25,7.906588459192306,0.007929481719016175,False
39.0,45.0,3.25,8.790440988862438,3.25,8.720737347739163,0.007929481719016054,False
39.0,48.0,3.25,8.898621934486398,3.25,8.828060474532451,0.007929481719016213,False
39.0,54.0,3.25,8.280285824619636,3.25,8.214627449545086,0.007929481719016163,False
39.0,57.0,3.25,10.111401613529328,3.25,10.031223439281217,0.007929481719016142,False
39.0,60.0,3.25,9.750438360294808,3.25,9.673122437564457,0.007929481719016127,False
39.0,63.0,3.25,10.304404615759667,3.25,10.222696027733656,0.00792948171901605,False
39.0,66.0,3.25,9.34228495772047,3.25,9.268205479934386,0.007929481719016127,False
39.0,69.0,3.25,11.70170523644152,3.25,11.608916778687842,0.007929481719016038,False
39.0,72.0,1.0,21.1025310192321,1.0,21.041837454884813,0.002876127242365948,False
39.0,75.0,3.25,13.778134319287547,3.25,13.668880855080607,0.007929481719016196,False
39.0,78.0,3.25,13.361543094412164,3.25,13.255592982707178,0.007929481719016064,False
39.0,81.0,3.25,14.849367235849073,3.25,14.73161944981345,0.007929481719016107,False
39.0,84.0,3.25,15.722759491923577,3.25,15.598086157959882,0.007929481719016133,False
39.0,87.0,3.25,18.111079204108197,3.25,17.96746773264757,0.007929481719016007,False
39.0,90.0,3.25,14.30589383873107,3.25,14.192455515062667,0.007929481719016073,False
39.0,93.0,3.25,16.516169529262783,3.25,16.385204864912325,0.00792948171901597,False
39.0,96.0,3.25,14.717890710850599,3.25,14.601185465516432,0.00792948171901611,False
39.0,99.0,3.25,12.73218894695262,3.25,12.631229287454701,0.007929481719016047,False
39.0,102.0,3.25,12.125740192722674,3.25,12.02958935753494,0.00792948171901615,False
39.0,105.0,3.25,11.663489251345327,3.25,11.571003826546843,0.007929481719016166,False
39.0,108.0,3.25,10.652296087830116,3.25,10.56782890073612,0.007929481719016087,False
39.0,111.0,3.25,10.348098610323898,3.25,10.266043551566758,0.007929481719016175,False
39.0,114.0,3.25,9.596124281747484,3.25,9.520031989681959,0.007929481719016258,False
39.0,117.0,3.25,9.071595626789696,3.25,8.999662575104761,0.007929481719016071,False
39.0,126.0,3.25,8.202616731987645,3.25,8.137574232563253,0.007929481719016106,False
39.0,141.0,3.25,8.604488725657538,3.25,8.536259589605956,0.007929481719016057,False
42.0,-123.0,3.25,10.992167225306291,3.25,10.905005036240857,0.00792948171901614,False
42.0,-120.0,3.25,12.47108491108428,3.25,12.372195671265539,0.007929481719016127,False
42.0,-117.0,3.25,12.309642868949364,3.25,12.212033780852414,0.007929481719016066,False
42.0,-114.0,3.25,11.214677940538087,3.25,11.125751356823937,0.007929481719016088,False
42.0,-111.0,3.25,12.145286923732632,3.25,12.048981093098687,0.007929481719016234,False
42.0,-108.0,3.25,10.683740842873103,3.25,10.599024315168835,0.007929481719016113,False
42.0,-105.0,3.25,10.703510453090072,3.25,10.618637162622996,0.007929481719016165,False
42.0,-102.0,3.25,8.155791048108828,3.25,8.091119852088733,0.007929481719016205,False
42.0,-99.0,3.25,7.946427821574689,3.25,7.883416767432032,0.00792948171901604,False
42.0,-96.0,3.25,7.961025823746381,3.25,7.897899015012369,0.00792948171901607,False
42.0,-93.0,3.25,8.031810352662204,3.25,7.968122259300164,0.00792948171901618,False
42.0,-90.0,3.25,8.068411341192283,3.25,8.004433020960796,0.007929481719016092,False
42.0,-87.0,3.25,8.576318235722361,3.25,8.508312477055737,0.007929481719016005,False
42.0,-84.0,3.25,8.529605167594765,3.25,8.461969819347896,0.0079294817190162,False
42.0,-81.0,3.25,8.751784577572309,3.25,8.682387461755681,0.007929481719016227,False
42.0,-78.0,3.25,9.494702389128566,3.25,9.419414320106473,0.007929481719016094,False
42.0,-75.0,3.25,9.217300812307156,3.25,9.144212394017295,0.007929481719016081,False
42.0,-72.0,3.25,8.657064184243685,3.25,8.588418152054375,0.007929481719016187,False
42.0,-9.0,3.25,7.470122877185639,3.25,7.410888674392191,0.007929481719016147,False
42.0,-6.0,3.25,8.271214097526205,3.25,8.205627656545802,0.00792948171901608,False
42.0,-3.0,3.25,9.170499850466772,3.25,9.097782539548255,0.007929481719016153,False
42.0,0.0,3.25,7.7498422082081735,3.25,7.688389976092927,0.007929481719016116,False
42.0,3.0,3.25,7.640925787408392,3.25,7.580337206060778,0.00792948171901612,False
42.0,9.0,3.25,9.597967273749441,3.25,9.52186036771253,0.00792948171901606,False
42.0,12.0,3.25,7.681947479032153,3.25,7.621033616930725,0.007929481719016168,False
42.0,15.0,3.25,7.563523014293738,3.25,7.503548196820538,0.007929481719016104,False
42.0,21.0,3.25,8.776598953467909,3.25,8.707005072511249,0.007929481719016127,False
42.0,24.0,3.25,8.335511321928117,3.25,8.269415037282236,0.00792948171901603,False
42.0,27.0,3.25,8.350067112448917,3.25,8.283855407928195,0.007929481719016165,False
42.0,42.0,3.25,7.835793503070617,3.25,7.773659721734034,0.007929481719016052,False
42.0,45.0,3.25,8.78013977412668,3.25,8.710517816297335,0.007929481719016189,False
42.0,48.0,3.25,10.20386824110836,3.25,10.122956854427242,0.007929481719016104,False
42.0,54.0,3.25,10.502027548840305,3.25,10.418751913379174,0.007929481719015967,False
42.0,57.0,3.25,9.84616114471118,3.25,9.768086189911706,0.00792948171901612,False
42.0,60.0,3.25,9.41744082384881,3.25,9.342765398996185,0.007929481719016107,False
42.0,63.0,3.25,12.65535030565598,3.25,12.554999936759536,0.00792948171901616,False
42.0,66.0,3.25,12.160122870223011,3.25,12.063699398222587,0.007929481719016205,False
42.0,69.0,3.25,10.11536396130816,3.25,10.035154367695773,0.007929481719016132,False
42.0,72.0,3.25,12.537069710121907,3.25,12.437657245045465,0.007929481719016113,False
42.0,75.0,3.25,10.786899600175753,3.25,10.701365076991298,0.007929481719016022,False
42.0,78.0,1.0,14.35612128888699,1.0,14.314831257353314,0.0028761272423659086,False
42.0,81.0,1.0,18.703817945433375,1.0,18.650023385104262,0.0028761272423658817,False
42.0,84.0,3.25,13.113600147437506,3.25,13.009616094797913,0.007929481719016118,False
42.0,87.0,3.25,10.453631585816547,3.25,10.370739705259485,0.007929481719016137,False
42.0,90.0,3.25,14.181575824306682,3.25,14.069123278061003,0.007929481719016002,False
42.0,93.0,3.25,16.983822951101768,3.25,16.849150037492,0.007929481719016203,False
42.0,96.0,3.25,14.026820792790211,3.25,13.915595373737865,0.007929481719016168,False
42.0,99.0,3.25,16.54461324354555,3.25,16.413423035282666,0.007929481719016104,False
42.0,102.0,3.25,15.657295194756632,3.25,15.53314095874057,0.007929481719016066,False
42.0,105.0,3.25,15.298634722676876,3.25,15.177324478317503,0.007929481719016215,False
42.0,108.0,3.25,12.914414454208494,3.25,12.81200984088205,0.00792948171901612,False
42.0,111.0,3.25,12.260216230292547,3.25,12.16299906982326,0.007929481719016014,False
42.0,114.0,3.25,11.750545099981716,3.25,11.657369367422938,0.007929481719016042,False
42.0,117.0,3.25,11.062345142303469,3.25,10.974626478728126,0.007929481719016186,False
42.0,120.0,3.25,10.654001199026903,3.25,10.569520491284843,0.007929481719016128,False
42.0,123.0,3.25,9.702037890979794,3.25,9.625105758886068,0.007929481719016071,False
42.0,126.0,3.25,9.864575703380597,3.25,9.78635473067479,0.00792948171901616,False
42.0,129.0,3.25,11.078107114790178,3.25,10.990263466942148,0.007929481719016078,False
42.0,141.0,3.25,9.558519855600894,3.25,9.482725747145054,0.007929481719016132,False
45.0,-123.0,3.25,9.866726588525212,3.25,9.788488560414972,0.00792948171901604,False
45.0,-120.0,3.25,12.23814840925043,3.25,12.141106235164672,0.007929481719016116,False
45.0,-117.0,3.25,13.448699831519512,3.25,13.342058612060942,0.007929481719016198,False
45.0,-114.0,3.25,14.157133087518016,3.25,14.044874359506863,0.007929481719016127,False
45.0,-111.0,3.25,14.649543442161013,3.25,14.533380155244465,0.00792948171901608,False
45.0,-108.0,3.25,14.109290795592065,3.25,13.997411432160137,0.007929481719016012,False
45.0,-105.0,3.25,10.243126780191647,3.25,10.161904093642553,0.007929481719016059,False
45.0,-102.0,3.25,9.047833489072033,3.25,8.976088858823735,0.007929481719016139,False
45.0,-99.0,3.25,8.754215810938675,3.25,8.684799416701514,0.007929481719016179,False
45.0,-96.0,3.25,9.032262635009161,3.25,8.960641473563504,0.007929481719016088,False
45.0,-93.0,3.25,9.283902214287906,3.25,9.210285681398577,0.007929481719016048,False
45.0,-90.0,3.25,9.385587202048947,3.25,9.311164359908068,0.00792948171901624,False
45.0,-87.0,3.25,9.13604442570232,3.25,9.063600328444593,0.007929481719016186,False
45.0,-84.0,3.25,9.467062638834998,3.25,9.391993738707576,0.007929481719015991,False
45.0,-81.0,3.25,9.778265353379753,3.25,9.70072877701644,0.007929481719016064,False
45.0,-78.0,3.25,9.926949429636819,3.25,9.848233865608917,0.007929481719016102,False
45.0,-75.0,3.25,9.230295407478557,3.25,9.157103948783838,0.007929481719016059,False
45.0,-72.0,3.25,10.064176326261382,3.25,9.984372624065339,0.007929481719016036,False
45.0,-69.0,3.25,9.703382555213972,3.25,9.626439760629783,0.007929481719016149,False
45.0,-63.0,3.25,10.325867749431605,3.25,10.24398896987951,0.007929481719016062,False
45.0,0.0,3.25,8.723001835810587,3.25,8.653832952218584,0.007929481719015944,False
45.0,3.0,3.25,9.655534909885318,3.25,9.578971522330061,0.007929481719016097,False
45.0,6.0,3.25,12.743448447814641,3.25,12.642399506310472,0.007929481719016024,False
45.0,9.0,3.25,8.670111070523184,3.25,8.601361583287632,0.007929481719016003,False
45.0,12.0,3.25,8.016185469334758,3.25,7.952621273199425,0.007929481719016201,False
45.0,15.0,3.25,9.557639680233406,3.25,9.481852551112052,0.007929481719016099,False
45.0,18.0,3.25,8.1705798993047,3.25,8.105791435359402,0.00792948171901625,False
45.0,21.0,3.25,8.705524684363132,3.25,8.636494385524031,0.007929481719016085,False
45.0,24.0,3.25,9.529149489947967,3.25,9.453588273269652,0.007929481719016187,False
45.0,27.0,3.25,9.564408272056998,3.25,9.488567471510514,0.007929481719016241,False
45.0,39.0,3.25,9.316366222570057,3.25,9.242492266920529,0.00792948171901609,False
45.0,42.0,3.25,10.463300141016955,3.25,10.380331593828183,0.00792948171901603,False
45.0,45.0,3.25,10.06700231625126,3.25,9.987176205419253,0.00792948171901612,False
45.0,54.0,3.25,10.798938725781225,3.25,10.713308738570367,0.007929481719016161,False
45.0,57.0,3.25,11.983162283365626,3.25,11.888142017103675,0.007929481719016106,False
45.0,60.0,3.25,9.378227743253603,3.25,9.303863257806706,0.007929481719015974,False
45.0,63.0,3.25,11.899942542882338,3.25,11.80558216603121,0.007929481719016153,False
45.0,66.0,3.25,11.797065175024581,3.25,11.703520562381183,0.007929481719016088,False
45.0,69.0,3.25,11.803791944624406,3.25,11.710193992184436,0.007929481719016165,False
45.0,72.0,3.25,11.74758759354801,3.25,11.65443531248243,0.007929481719016127,False
45.0,75.0,3.25,11.409121229903631,3.25,11.318652811681073,0.007929481719016016,False
45.0,78.0,3.25,10.377581918666003,3.25,10.29529307255435,0.00792948171901607,False
45.0,81.0,3.25,11.06997695188745,3.25,10.982197772017528,0.007929481719016092,False
45.0,84.0,3.25,12.159126703064988,3.25,12.062711130153835,0.007929481719016036,False
45.0,87.0,3.25,12.487662996216484,3.25,12.388642300774752,0.007929481719016073,False
45.0,90.0,3.25,13.547849811135071,3.25,13.4404223837257,0.00792948171901611,False
45.0,93.0,3.25,15.48252205693122,3.25,15.35975368131652,0.00792948171901618,False
45.0,96.0,3.25,17.948203997062294,3.25,17.805884041578416,0.007929481719016116,False
45.0,99.0,3.25,15.558295929201208,3.25,15.434926706051565,0.007929481719016066,False
45.0,102.0,3.25,13.395380043305627,3.25,13.289161622132962,0.007929481719016087,False
45.0,105.0,3.25,13.442999315079982,3.25,13.33640329776231,0.007929481719016074,False
45.0,108.0,3.25,12.927935186878454,3.25,12.825423361149475,0.007929481719016149,False
45.0,111.0,3.25,12.887099589052228,3.25,12.784911568449697,0.007929481719016227,False
45.0,114.0,3.25,12.915819202661014,3.25,12.813403450407396,0.007929481719016146,False
45.0,117.0,3.25,12.540014340188252,3.25,12.440578525721529,0.00792948171901615,False
45.0,120.0,3.25,12.524184702931327,3.25,12.424874409283852,0.007929481719016114,False
45.0,123.0,3.25,10.621833970250256,3.25,10.537608331960731,0.00792948171901617,False
45.0,126.0,3.25,10.407452635664825,3.25,10.324926930248795,0.007929481719016085,False
45.0,129.0,3.25,12.170143421014116,3.25,12.073640491239379,0.007929481719016175,False
45.0,132.0,3.25,10.170899847283243,3.25,10.090249882878267,0.007929481719016139,False
45.0,135.0,3.25,11.158266597177372,3.25,11.069787326179146,0.00792948171901611,False
48.0,-120.0,3.25,15.009866518428298,3.25,14.890846056265548,0.007929481719016149,False
48.0,-117.0,3.25,12.456379936467131,3.25,12.357607299475795,0.00792948171901621,False
48.0,-114.0,3.25,13.990843906466548,3.25,13.879903765476614,0.007929481719016062,False
48.0,-111.0,3.25,12.183539874347293,3.25,12.086930717640753,0.007929481719016064,False
48.0,-108.0,3.25,10.94759148978366,3.25,10.860782763198163,0.007929481719016222,False
48.0,-105.0,3.25,10.87403552492095,3.25,10.78781005901416,0.007929481719015991,False
48.0,-102.0,3.25,10.104813766830667,3.25,10.024687830792521,0.007929481719016047,False
48.0,-99.0,3.25,9.962858140330315,3.25,9.883857838837416,0.007929481719015984,False
48.0,-96.0,3.25,10.140166259254567,3.25,10.059759996274023,0.007929481719016201,False
48.0,-93.0,3.25,11.064934652217783,3.25,10.977195455170914,0.007929481719016094,False
48.0,-90.0,3.25,11.101655941279196,3.25,11.013625563442016,0.007929481719016116,False
48.0,-87.0,3.25,10.864388563772966,3.25,10.77823959326824,0.007929481719016083,False
48.0,-84.0,3.25,11.513526885820589,3.25,11.422230584858076,0.007929481719015984,False
48.0,-81.0,3.25,11.792032153455208,3.25,11.698527450064335,0.007929481719016158,False
48.0,-78.0,3.25,11.834369887776761,3.25,11.740529468095561,0.007929481719016076,False
48.0,-75.0,3.25,12.41107116967805,3.25,12.31265780772468,0.00792948171901606,False
48.0,-72.0,3.25,12.282048710981229,3.25,12.184658430255437,0.007929481719016173,False
48.0,-69.0,3.25,11.018614517896095,3.25,10.931242615507553,0.007929481719016035,False
48.0,-66.0,3.25,10.438479434649834,3.25,10.355707702798453,0.00792948171901602,False
48.0,-57.0,1.0,12.350025435539926,1.0,12.314505190940858,0.0028761272423658947,False
48.0,-54.0,1.0,12.420220883905818,1.0,12.384498748265415,0.0028761272423659164,False
48.0,-3.0,3.25,9.954666082945435,3.25,9.875730740221808,0.007929481719016236,False
48.0,0.0,3.25,10.993795594407004,3.25,10.906620493218554,0.007929481719016078,False
48.0,3.0,3.25,10.869464614972124,3.25,10.78327539401221,0.007929481719016156,False
48.0,6.0,3.25,11.237424629236928,3.25,11.148317676070572,0.007929481719016123,False
48.0,9.0,3.25,11.07328871744588,3.25,10.985483276991506,0.007929481719016128,False
48.0,12.0,3.25,10.396925543079313,3.25,10.314483312051493,0.007929481719016147,False
48.0,15.0,3.25,10.773675015868758,3.25,10.688245356783806,0.00792948171901607,False
48.0,18.0,3.25,9.308893015634865,3.25,9.235078318643112,0.00792948171901614,False
48.0,21.0,3.25,9.832841470980512,3.25,9.754872134290387,0.007929481719016186,False
48.0,24.0,3.25,11.407148336256096,3.25,11.316695562057648,0.00792948171901617,False
48.0,27.0,3.25,10.577928362193045,3.25,10.494050872619974,0.007929481719016054,False
48.0,30.0,3.25,10.996736022288838,3.25,10.909537605031252,0.007929481719016149,False
48.0,33.0,3.25,11.20479801738085,3.25,11.115949776336763,0.007929481719016009,False
48.0,36.0,3.25,11.2538178245261,3.25,11.164580881817383,0.007929481719016153,False
48.0,39.0,3.25,11.255140564183359,3.25,11.165893132834709,0.007929481719016192,False
48.0,42.0,3.25,11.486324428671898,3.25,11.395243829096056,0.007929481719016047,False
48.0,45.0,3.25,11.986413844012896,3.25,11.891367794560233,0.00792948171901615,False
48.0,48.0,3.25,11.618414808107786,3.25,11.526286800282948,0.007929481719016244,False
48.0,51.0,3.25,11.835540051893357,3.25,11.741690353417185,0.007929481719016133,False
48.0,54.0,3.25,11.932431319781287,3.25,11.837813323767666,0.007929481719016137,False
48.0,57.0,3.25,11.75154057065022,3.25,11.658356944524973,0.007929481719016142,False
48.0,60.0,3.25,11.569185810298853,3.25,11.477448162912188,0.007929481719016111,False
48.0,63.0,3.25,11.703559856978575,3.25,11.610756693045253,0.007929481719016074,False
48.0,66.0,3.25,12.210089975741512,3.25,12.113270290491329,0.007929481719016071,False
48.0,69.0,3.25,12.196805487778882,3.25,12.100091141633143,0.00792948171901613,False
48.0,72.0,3.25,12.117711559908798,3.25,12.021624387618191,0.00792948171901614,False
48.0,75.0,3.25,12.269763453916882,3.25,12.172470588912397,0.007929481719016064,False
48.0,78.0,3.25,11.769646586638954,3.25,11.676319389190919,0.007929481719016217,False
48.0,81.0,3.25,12.009029938720987,3.25,11.913804555358782,0.00792948171901611,False
48.0,84.0,3.25,11.595867557693472,3.25,11.50391833787861,0.007929481719016147,False
48.0,87.0,3.25,11.755822086076916,3.25,11.662604509753365,0.007929481719016017,False
48.0,90.0,3.25,15.528102238908861,3.25,15.40497243607442,0.007929481719016127,False
48.0,93.0,3.25,14.007308724597301,3.25,13.896238026132993,0.007929481719016055,False
48.0,96.0,3.25,15.647242934363046,3.25,15.523168407562009,0.007929481719016177,False
48.0,99.0,3.25,16.663002916595623,3.25,16.530873939584566,0.007929481719016088,False
48.0,102.0,3.25,13.963637272162769,3.25,13.852912865682182,0.00792948171901615,False
48.0,105.0,3.25,12.812907862535056,3.25,12.711308143871648,0.007929481719016002,False
48.0,108.0,3.25,13.261512296763073,3.25,13.156355377439382,0.007929481719016107,False
48.0,111.0,3.25,13.247486202574514,3.25,13.142440502908281,0.007929481719016128,False
48.0,114.0,3.25,12.37633000605038,3.25,12.278192123518892,0.007929481719016137,False
48.0,117.0,3.25,12.759936290867415,3.25,12.658756609313173,0.00792948171901604,False
48.0,120.0,3.25,12.672995705991699,3.25,12.572505418215869,0.007929481719016081,False
48.0,123.0,3.25,11.62514874416908,3.25,11.532967339721347,0.007929481719016149,False
48.0,126.0,3.25,11.431819032484789,3.25,11.3411706324516,0.007929481719016116,False
48.0,129.0,3.25,11.260400462442187,3.25,11.17111132282645,0.007929481719016184,False
48.0,132.0,3.25,11.348034225230133,3.25,11.258050195294402,0.007929481719016113,False
48.0,135.0,3.25,12.082692493892942,3.25,11.986883004646126,0.007929481719016042,False
48.0,138.0,3.25,12.402432377872387,3.25,12.304087517060715,0.007929481719016038,False
51.0,-126.0,3.25,15.491959465973668,3.25,15.369116256596492,0.007929481719016094,False
51.0,-123.0,3.25,14.015853460402706,3.25,13.904715006612035,0.007929481719016059,False
51.0,-120.0,3.25,16.459227704563002,3.25,16.328714559370546,0.007929481719016118,False
51.0,-117.0,3.25,15.888338757789292,3.25,15.762352466063867,0.00792948171901611,False
51.0,-114.0,3.25,12.63743116840559,3.25,12.537222888980393,0.007929481719016081,False
51.0,-111.0,3.25,12.617384986377935,3.25,12.517335662786662,0.007929481719016189,False
51.0,-108.0,3.25,12.738362810254994,3.25,12.637354195220881,0.007929481719016194,False
51.0,-105.0,3.25,11.996702711030798,3.25,11.90157507619521,0.00792948171901599,False
51.0,-102.0,3.25,11.596393025409135,3.25,11.504439638907629,0.007929481719016012,False
51.0,-99.0,3.25,11.464056235485389,3.25,11.373152211140335,0.007929481719016113,False
51.0,-96.0,3.25,11.49361805592379,3.25,11.40247962166399,0.007929481719016052,False
51.0,-93.0,3.25,12.358944784562002,3.25,12.260944757826488,0.007929481719016128,False
51.0,-90.0,3.25,12.494842997956324,3.25,12.395765368822053,0.007929481719016118,False
51.0,-87.0,3.25,13.10151544832734,3.25,12.997627221088422,0.007929481719016107,False
51.0,-84.0,3.25,12.674597353886059,3.25,12.57409436587253,0.007929481719016097,False
51.0,-81.0,3.25,13.156422571249962,3.25,13.052098958983585,0.00792948171901608,False
51.0,-78.0,3.25,13.705475463685342,3.25,13.596798146545625,0.007929481719016147,False
51.0,-75.0,3.25,13.821050341125952,3.25,13.711456575108391,0.007929481719016194,False
51.0,-72.0,3.25,14.281089765439035,3.25,14.167848125216358,0.00792948171901612,False
51.0,-69.0,3.25,13.994313216579853,3.25,13.883345565758798,0.007929481719016035,False
51.0,-66.0,3.25,13.948624950791915,3.25,13.838019584239198,0.007929481719016125,False
51.0,-63.0,3.25,13.993270923639448,3.25,13.88231153766121,0.00792948171901613,False
51.0,-60.0,3.25,13.311739711293367,3.25,13.206184514604365,0.00792948171901613,False
51.0,-57.0,3.25,12.978340658238029,3.25,12.875429143245366,0.00792948171901615,False
51.0,-3.0,1.0,14.93026536077557,1.0,14.88732401783569,0.0028761272423659928,False
51.0,0.0,1.0,13.08840880280699,1.0,13.050764873690014,0.0028761272423660144,False
51.0,3.0,3.25,12.057535268412574,3.25,11.961925262925304,0.007929481719016146,False
51.0,6.0,3.25,11.932824641502497,3.25,11.83820352665148,0.007929481719015995,False
51.0,9.0,3.25,12.608060417507895,3.25,12.508085032915014,0.007929481719016215,False
51.0,12.0,3.25,11.178536462219503,3.25,11.089896461696979,0.007929481719016066,False
51.0,15.0,3.25,11.978172248627967,3.25,11.883191550755246,0.007929481719016064,False
51.0,18.0,3.25,11.510241151128977,3.25,11.418970904339632,0.007929481719016118,False
51.0,21.0,3.25,11.550863782212824,3.25,11.459271419012923,0.00792948171901601,False
51.0,24.0,3.25,11.249808836550466,3.25,11.160603683038612,0.007929481719016184,False
51.0,27.0,3.25,11.657699628073663,3.25,11.565260111987072,0.007929481719016104,False
51.0,30.0,3.25,11.316350427149779,3.25,11.226617633311715,0.007929481719016031,False
51.0,33.0,3.25,11.521042907804931,3.25,11.429687008683493,0.00792948171901605,False
51.0,36.0,3.25,12.144740347711032,3.25,12.04843885114166,0.00792948171901617,False
51.0,39.0,3.25,12.186771019995835,3.25,12.090136241978941,0.007929481719016206,False
51.0,42.0,3.25,12.13892980934868,3.25,12.04267438733703,0.00792948171901609,False
51.0,45.0,3.25,12.393226083157142,3.25,12.294954223491114,0.007929481719016071,False
51.0,48.0,3.25,12.212270027823012,3.25,12.115433055889701,0.007929481719016068,False
51.0,51.0,3.25,11.42665291414375,3.25,11.336045478751505,0.00792948171901613,False
51.0,54.0,3.25,11.787874014648324,3.25,11.694402283143106,0.007929481719016054,False
51.0,57.0,3.25,12.158549000894274,3.25,12.06213800886192,0.00792948171901619,False
51.0,60.0,3.25,12.159166546617596,3.25,12.06275065776772,0.007929481719016057,False
51.0,63.0,3.25,11.955527668892433,3.25,11.86072653080076,0.007929481719016087,False
51.0,66.0,3.25,12.05026189787554,3.25,11.954709566446981,0.007929481719015979,False
51.0,69.0,3.25,12.022570490658367,3.25,11.927237737737109,0.007929481719016158,False
51.0,72.0,3.25,12.085476728435006,3.25,11.989645161651286,0.007929481719016179,False
51.0,75.0,3.25,12.095138026813707,3.25,11.999229850941111,0.007929481719016132,False
51.0,78.0,3.25,11.783279125741844,3.25,11.689843829324209,0.007929481719016172,False
51.0,81.0,3.25,11.981614541109481,3.25,11.886606547641456,0.007929481719016092,False
51.0,84.0,3.25,13.49780428129518,3.25,13.390773688999793,0.007929481719016,False
51.0,87.0,3.25,14.31791384710485,3.25,14.204380210999785,0.007929481719016009,False
51.0,90.0,3.25,13.664719681904144,3.25,13.556365536991004,0.007929481719016184,False
51.0,93.0,3.25,16.95977828209739,3.25,16.825296030250932,0.007929481719016057,False
51.0,96.0,3.25,15.062891567070254,3.25,14.943450643753648,0.007929481719016161,False
51.0,99.0,3.25,16.10362771334393,3.25,15.975934291781126,0.007929481719016189,False
51.0,102.0,3.25,14.670321621891732,3.25,14.553993574778854,0.007929481719016177,False
51.0,105.0,3.25,13.977299743300287,3.25,13.86646700050458,0.007929481719016087,False
51.0,108.0,3.25,13.943422797172543,3.25,13.83285868100185,0.00792948171901615,False
51.0,111.0,3.25,13.37710178464941,3.25,13.271028300594615,0.007929481719016073,False
51.0,114.0,3.25,13.984582399104777,3.25,13.873691908623002,0.007929481719016095,False
51.0,117.0,3.25,14.21208829203201,3.25,14.0993937977313,0.007929481719016059,False
51.0,120.0,3.25,13.369859839511657,3.25,13.263843780328441,0.007929481719016092,False
51.0,123.0,3.25,13.366043202569447,3.25,13.260057407339094,0.007929481719016047,False
51.0,126.0,3.25,12.63252654419362,3.25,12.532357155896452,0.007929481719016019,False
51.0,129.0,3.25,12.871732671302901,3.25,12.769666502393742,0.007929481719016154,False
51.0,132.0,3.25,14.261905818833705,3.25,14.148816297364933,0.007929481719016198,False
51.0,135.0,3.25,15.123485516611666,3.25,15.00356411467989,0.007929481719016068,False
51.0,138.0,3.25,14.61721220147095,3.25,14.501305284536407,0.007929481719016118,False
54.0,-132.0,1.0,14.442309129658325,1.0,14.400771210927843,0.002876127242366024,False
54.0,-129.0,1.0,16.829448669917458,1.0,16.78104503412391,0.002876127242365891,False
54.0,-126.0,3.25,14.738790183124518,3.25,14.621919215807019,0.007929481719016076,False
54.0,-123.0,3.25,15.030325412123883,3.25,14.911142721537583,0.00792948171901611,False
54.0,-120.0,3.25,16.70247390891908,3.25,16.57003194739596,0.007929481719016309,False
54.0,-117.0,3.25,14.751094492431237,3.25,14.634125958318025,0.007929481719016081,False
54.0,-114.0,3.25,13.793576423532762,3.25,13.684200511442507,0.00792948171901619,False
54.0,-111.0,3.25,13.933017042904416,3.25,13.822535438971965,0.007929481719016132,False
54.0,-108.0,3.25,13.753085835467532,3.25,13.644030992755132,0.007929481719016158,False
54.0,-105.0,3.25,14.077214675962683,3.25,13.96558965953497,0.007929481719016198,False
54.0,-102.0,3.25,13.649690111374362,3.25,13.541455143165983,0.007929481719016166,False
54.0,-99.0,3.25,13.858888088653924,3.25,13.748994288909051,0.007929481719016194,False
54.0,-96.0,3.25,14.627497684074857,3.25,14.511509208594035,0.007929481719016137,False
54.0,-93.0,3.25,14.647331540039989,3.25,14.531185792360874,0.007929481719016068,False
54.0,-90.0,3.25,14.702538951427359,3.25,14.585955437588893,0.007929481719016104,False
54.0,-87.0,3.25,15.467162412077323,3.25,15.344515830485703,0.007929481719016137,False
54.0,-84.0,3.25,15.986859973874097,3.25,15.860092459966792,0.007929481719016123,False
54.0,-78.0,3.25,15.86086767217358,3.25,15.735099211919344,0.007929481719016205,False
54.0,-75.0,3.25,15.741034790308465,3.25,15.616216542700318,0.007929481719016059,False
54.0,-72.0,3.25,16.609245339630114,3.25,16.477542632342864,0.007929481719016071,False
54.0,-69.0,3.25,16.424131072494124,3.25,16.29389622540406,0.007929481719016036,False
54.0,-66.0,3.25,16.603114142692796,3.25,16.471460052619577,0.007929481719016043,False
54.0,-63.0,3.25,15.822705672551443,3.25,15.697239817175575,0.00792948171901604,False
54.0,-60.0,3.25,16.20921662274141,3.25,16.080685935851807,0.007929481719016156,False
54.0,-9.0,1.0,17.370779990286128,1.0,17.32081941673492,0.0028761272423659333,False
54.0,9.0,3.25,12.970379049661327,3.25,12.867530666098327,0.007929481719016173,False
54.0,12.0,3.25,12.385666236360947,3.25,12.287454322361887,0.007929481719016213,False
54.0,15.0,3.25,12.559050052626814,3.25,12.459463294826302,0.0079294817190161,False
54.0,18.0,3.25,12.900394969931945,3.25,12.798101523849782,0.00792948171901611,False
54.0,21.0,3.25,12.559273220907118,3.25,12.459684693497806,0.00792948171901611,False
54.0,24.0,3.25,12.644806022261342,3.25,12.544539264067316,0.007929481719016116,False
54.0,27.0,3.25,12.43634086636621,3.25,12.337727128814906,0.007929481719016113,False
54.0,30.0,3.25,12.654465549274505,3.25,12.554122196037614,0.007929481719016076,False
54.0,33.0,3.25,12.556245184947185,3.25,12.456680668293663,0.007929481719016099,False
54.0,36.0,3.25,12.831994041964544,3.25,12.730242979790262,0.007929481719016139,False
54.0,39.0,3.25,12.479441895519793,3.25,12.380486389145746,0.007929481719016019,False
54.0,42.0,3.25,12.228358132529312,3.25,12.131393590263839,0.007929481719016116,False
54.0,45.0,3.25,12.755922697756962,3.25,12.654774841915915,0.007929481719016153,False
54.0,48.0,3.25,12.32805676401311,3.25,12.230301663271876,0.007929481719016135,False
54.0,51.0,3.25,13.038308447259116,3.25,12.934921418779682,0.007929481719016042,False
54.0,54.0,3.25,13.509291084201129,3.25,13.402169407512089,0.00792948171901611,False
54.0,57.0,3.25,14.779987619504919,3.25,14.66278997786877,0.007929481719016168,False
54.0,60.0,3.25,13.649100159557733,3.25,13.5408698693615,0.007929481719016057,False
54.0,63.0,3.25,13.093667710332452,3.25,12.9898417115885,0.007929481719016059,False
54.0,66.0,3.25,12.833824779439139,3.25,12.73205920046552,0.007929481719016187,False
54.0,69.0,3.25,13.249756770417632,3.25,13.144693066325194,0.007929481719016156,False
54.0,72.0,3.25,12.621344056545485,3.25,12.521263339579695,0.007929481719016107,False
54.0,75.0,3.25,13.218239595211099,3.25,13.113425805983297,0.007929481719016114,False
54.0,78.0,3.25,13.19238077464462,3.25,13.087772032461777,0.007929481719016094,False
54.0,81.0,3.25,13.616881065584039,3.25,13.508906256104474,0.007929481719016073,False
54.0,84.0,3.25,13.43275541702909,3.25,13.326240628513743,0.007929481719016192,False
54.0,87.0,3.25,13.031211205542611,3.25,12.927880454511623,0.007929481719016125,False
54.0,90.0,3.25,14.407655844131485,3.25,14.293410600501568,0.007929481719016137,False
54.0,93.0,3.25,13.490296218312821,3.25,13.383325161065597,0.0079294817190161,False
54.0,96.0,3.25,17.22533422974609,3.25,17.088746256867374,0.007929481719016161,False
54.0,99.0,3.25,16.54382028086054,3.25,16.412636360380766,0.007929481719016267,False
54.0,102.0,3.25,13.698379391406727,3.25,13.58975834244242,0.007929481719016047,False
54.0,105.0,3.25,15.471386500933354,3.25,15.34870642450637,0.007929481719016173,False
54.0,108.0,3.25,16.115727329677622,3.25,15.987937964428294,0.007929481719016147,False
54.0,111.0,3.25,17.968063132150686,3.25,17.82558570401817,0.007929481719016078,False
54.0,114.0,3.25,15.26720921736606,3.25,15.146148160976562,0.007929481719016114,False
54.0,117.0,3.25,14.352624058663114,3.25,14.238815188570033,0.00792948171901617,False
54.0,120.0,3.25,15.391010578408801,3.25,15.268967841390126,0.00792948171901609,False
54.0,123.0,3.25,14.595392742310851,3.25,14.479658842378836,0.007929481719016203,False
54.0,126.0,3.25,15.439199842414553,3.25,15.316774989507891,0.007929481719016031,False
54.0,129.0,3.25,14.962324899758576,3.25,14.84368141799196,0.007929481719016194,False
54.0,132.0,3.25,16.162671179959197,3.25,16.034509574307243,0.007929481719016042,False
54.0,135.0,3.25,19.6783543456547,3.25,19.52231519461051,0.007929481719016116,False
54.0,156.0,1.0,15.906891288907591,1.0,15.86114104553021,0.0028761272423659303,False
54.0,159.0,1.0,16.29428785471232,1.0,16.24742340951843,0.0028761272423659043,False
57.0,-132.0,3.25,19.963222988901073,3.25,19.80492497715794,0.007929481719016187,False
57.0,-129.0,1.0,21.067821689587454,1.0,21.007227953688723,0.0028761272423659724,False
57.0,-126.0,1.0,20.79880694838908,1.0,20.738986933116106,0.0028761272423659685,False
57.0,-123.0,3.25,16.69257456039981,3.25,16.560211095579806,0.007929481719016054,False
57.0,-120.0,3.25,16.102806577465238,3.25,15.975119667084375,0.007929481719016104,False
57.0,-117.0,3.25,15.82226712702779,3.25,15.696804749090633,0.007929481719016083,False
57.0,-114.0,3.25,16.264634873179592,3.25,16.135664748286242,0.007929481719016123,False
57.0,-111.0,3.25,16.630647063680197,3.25,16.498774651813335,0.007929481719016163,False
57.0,-108.0,3.25,16.423985679721234,3.25,16.293751985520505,0.007929481719015957,False
57.0,-105.0,3.25,17.21678247393798,3.25,17.08026231205061,0.007929481719016123,False
57.0,-102.0,3.25,16.6252262862805,3.25,16.493396858368932,0.007929481719016213,False
57.0,-99.0,3.25,17.35208127436952,3.25,17.214488263117527,0.00792948171901605,False
57.0,-96.0,3.25,17.964866192347316,3.25,17.822414114290524,0.007929481719016284,False
57.0,-93.0,3.25,17.908120160011915,3.25,17.76611804858116,0.007929481719015976,False
57.0,-90.0,3.25,18.10951028245359,3.25,17.96591125172854,0.00792948171901626,False
57.0,-75.0,1.0,18.1965852284452,1.0,18.144249533951637,0.002876127242365904,False
57.0,-72.0,1.0,19.284814592938673,1.0,19.229349012323947,0.0028761272423658783,False
57.0,-69.0,1.0,20.64825284760026,1.0,20.58886584507802,0.002876127242365927,False
57.0,-66.0,1.0,20.66434956005383,1.0,20.604916261338385,0.0028761272423659563,False
57.0,-63.0,1.0,20.42523852053406,1.0,20.366492935593328,0.002876127242365958,False
57.0,-6.0,1.0,20.480122837508315,1.0,20.421219398288358,0.0028761272423658774,False
57.0,-3.0,1.0,21.029326996887754,1.0,20.968843976623383,0.0028761272423659754,False
57.0,9.0,3.25,16.85326597883306,3.25,16.71962831434819,0.007929481719016097,False
57.0,15.0,1.0,15.908840837709453,3.25,15.852033443891719,0.003570806597240055,True
57.0,24.0,3.25,14.813457709535147,3.25,14.69599466743197,0.007929481719016083,False
57.0,27.0,3.25,15.08021580763221,3.25,14.960637512066773,0.007929481719016128,False
57.0,30.0,3.25,13.667135539492168,3.25,13.55876223808045,0.007929481719016142,False
57.0,33.0,3.25,14.101609749510452,3.25,13.989791292793008,0.007929481719016206,False
57.0,36.0,3.25,13.622592503789726,3.25,13.51457240556532,0.007929481719016083,False
57.0,39.0,3.25,13.818592634146965,3.25,13.709018356471965,0.00792948171901616,False
57.0,42.0,3.25,13.986282338254894,3.25,13.875378368136705,0.007929481719016024,False
57.0,45.0,3.25,14.443660402360516,3.25,14.329129661244322,0.0079294817190161,False
57.0,48.0,3.25,14.426841516618348,3.25,14.31244414054918,0.007929481719016068,False
57.0,51.0,3.25,15.15413586779929,3.25,15.033971424468088,0.007929481719016182,False
57.0,54.0,3.25,15.238571767520357,3.25,15.117737791265888,0.007929481719016168,False
57.0,57.0,3.25,15.657658572322628,3.25,15.5335014549108,0.007929481719016107,False
57.0,60.0,3.25,16.43158590024027,3.25,16.301291940229873,0.007929481719016121,False
57.0,63.0,3.25,15.08366397864123,3.25,14.964058340866812,0.007929481719016156,False
57.0,66.0,3.25,15.278901965889581,3.25,15.15774819206442,0.007929481719016179,False
57.0,69.0,3.25,15.453136299883724,3.25,15.330600938092331,0.007929481719016125,False
57.0,72.0,3.25,15.7078838456239,3.25,15.583328467825597,0.007929481719016144,False
57.0,75.0,3.25,15.95060940893262,3.25,15.824129343217322,0.007929481719016083,False
57.0,78.0,3.25,16.013681075506796,3.25,15.886700884164409,0.007929481719016206,False
57.0,81.0,3.25,15.512684495300244,3.25,15.389676947181897,0.007929481719016022,False
57.0,84.0,3.25,15.168461252989331,3.25,15.048183216778149,0.007929481719016062,False
57.0,87.0,3.25,15.751508845389871,3.25,15.626607543953432,0.007929481719016123,False
57.0,90.0,3.25,16.149393928211527,3.25,16.021337604284582,0.007929481719016215,False
57.0,93.0,3.25,16.283924372770436,3.25,16.15480129214271,0.007929481719016158,False
57.0,96.0,3.25,16.09369235453796,3.25,15.966077715221182,0.007929481719016137,False
57.0,99.0,3.25,16.764805934984008,3.25,16.6318697127997,0.007929481719016149,False
57.0,102.0,3.25,16.15554623227793,3.25,16.027441123768366,0.007929481719015988,False
57.0,105.0,3.25,16.671949545561688,3.25,16.5397496264198,0.00792948171901607,False
57.0,108.0,3.25,17.0639368890002,3.25,16.928628713384427,0.007929481719016173,False
57.0,111.0,3.25,17.3142091303635,3.25,17.176916425585063,0.00792948171901608,False
57.0,114.0,3.25,18.946693467948066,3.25,18.796456008458172,0.007929481719015991,False
57.0,117.0,3.25,19.193812107386794,3.25,19.041615125163037,0.00792948171901626,False
57.0,120.0,3.25,21.542893378843605,3.25,21.372069399621353,0.007929481719016043,False
57.0,123.0,3.25,18.863306990969637,3.25,18.713730743024556,0.007929481719016033,False
57.0,126.0,3.25,20.47449748321111,3.25,20.312145329711946,0.007929481719016111,False
57.0,129.0,3.25,20.096561438452216,3.25,19.937206121910926,0.007929481719016095,False
57.0,132.0,1.0,21.0636980695286,3.25,20.907238863240398,0.007427907757305893,True
57.0,135.0,3.25,18.057975806119043,3.25,17.914785417081983,0.007929481719016277,False
57.0,138.0,1.0,22.57995795324285,1.0,22.51501512104205,0.0028761272423659394,False
57.0,159.0,1.0,19.413175454396505,1.0,19.357340691611284,0.0028761272423659984,False
57.0,162.0,3.25,18.214986651211575,3.25,18.070551247548668,0.00792948171901625,False
60.0,-162.0,1.0,21.972312898295336,1.0,21.90911773059076,0.002876127242365866,False
60.0,-159.0,1.0,23.14741456445004,1.0,23.08083965483089,0.0028761272423659264,False
60.0,-156.0,1.0,21.55235414279978,1.0,21.490366829912553,0.0028761272423659784,False
60.0,-153.0,1.0,22.12151628871084,1.0,22.057891993070438,0.0028761272423658817,False
60.0,-150.0,1.0,21.127672049443984,1.0,21.066906176294808,0.0028761272423657868,False
60.0,-141.0,1.0,19.71461746257823,1.0,19.657915714221286,0.0028761272423658613,False
60.0,-138.0,1.0,23.686461734849644,1.0,23.618336456978785,0.0028761272423659195,False
60.0,-135.0,1.0,19.178362621274072,1.0,19.123203210075054,0.0028761272423658705,False
60.0,-132.0,1.0,21.16884108494135,1.0,21.107956804407635,0.002876127242365852,False
60.0,-129.0,3.25,20.52475273057234,3.25,20.36200207900794,0.007929481719016213,False
60.0,-126.0,3.25,19.61078000818599,3.25,19.455276686615434,0.007929481719016055,False
60.0,-123.0,3.25,17.122105106099575,3.25,16.986335686669687,0.00792948171901605,False
60.0,-120.0,3.25,18.016307213234665,3.25,17.873447234543143,0.007929481719016097,False
60.0,-117.0,3.25,17.501319472615187,3.25,17.362543079798424,0.007929481719016078,False
60.0,-114.0,3.25,17.66638440101401,3.25,17.52629912886506,0.007929481719016078,False
60.0,-111.0,3.25,17.85589783778874,3.25,17.714309822307374,0.007929481719016062,False
60.0,-108.0,3.25,19.91984640320174,3.25,19.76189234530194,0.007929481719016116,False
60.0,-105.0,1.0,20.428883902067273,1.0,20.370127832545407,0.0028761272423659208,False
60.0,-102.0,3.25,21.810292445802535,3.25,21.63734813056715,0.007929481719015991,False
60.0,-99.0,3.25,21.357489037580898,3.25,21.188135218693315,0.007929481719016017,False
60.0,-96.0,1.0,21.60572059453985,3.25,21.47245428235812,0.006168103100222777,True
60.0,-75.0,1.0,22.00660695389672,1.0,21.94331315212458,0.0028761272423658475,False
60.0,-72.0,1.0,22.886384817792383,1.0,22.82056066293866,0.0028761272423658973,False
60.0,6.0,1.0,22.225384905031294,1.0,22.161461870033868,0.002876127242365805,False
60.0,9.0,1.0,18.895444552634768,1.0,18.84109884980032,0.0028761272423658514,False
60.0,12.0,1.0,18.44605327264223,1.0,18.393000076310653,0.002876127242365889,False
60.0,15.0,1.0,17.895060526549887,1.0,17.84359205546569,0.0028761272423658275,False
60.0,18.0,3.25,17.01602778158149,3.25,16.88109950035717,0.007929481719016005,False
60.0,24.0,3.25,17.27980054818117,3.25,17.142780685626125,0.007929481719016073,False
60.0,30.0,3.25,17.360869532716546,3.25,17.223206835130647,0.007929481719016074,False
60.0,33.0,3.25,15.678399011129615,3.25,15.554077432787423,0.007929481719016078,False
60.0,36.0,3.25,16.18560155466414,3.25,16.05725812302515,0.007929481719016149,False
60.0,39.0,3.25,16.186978387158085,3.25,16.058624037951006,0.007929481719016123,False
60.0,42.0,3.25,17.169263618329914,3.25,17.0331202563394,0.007929481719015957,False
60.0,45.0,3.25,17.511912341695222,3.25,17.373051952916736,0.007929481719016179,False
60.0,48.0,3.25,17.849412920455343,3.25,17.707876327007423,0.007929481719016102,False
60.0,51.0,3.25,18.3896179816027,3.25,18.243797841997893,0.007929481719016092,False
60.0,54.0,3.25,18.86306726117216,3.25,18.71349291416012,0.007929481719016225,False
60.0,57.0,3.25,18.827606544927114,3.25,18.678313383016285,0.007929481719016224,False
60.0,60.0,3.25,18.927654284706914,3.25,18.777567796072475,0.007929481719016062,False
60.0,63.0,3.25,17.302038610758924,3.25,17.1648424118932,0.007929481719016083,False
60.0,66.0,3.25,17.766598898908292,3.25,17.62571897773031,0.007929481719016031,False
60.0,69.0,3.25,17.71397126037994,3.25,17.57350864909958,0.007929481719016087,False
60.0,72.0,3.25,18.965867930725715,3.25,18.81547842768375,0.007929481719016149,False
60.0,75.0,3.25,19.418279256740632,3.25,19.26430236635956,0.007929481719016073,False
60.0,78.0,3.25,19.76975173946758,3.25,19.612987854459984,0.007929481719016147,False
60.0,81.0,3.25,19.621149827415216,3.25,19.46556427855265,0.007929481719016087,False
60.0,84.0,3.25,19.77444005988237,3.25,19.617638998923752,0.007929481719016128,False
60.0,87.0,3.25,19.242235081889106,3.25,19.089654130574257,0.007929481719016078,False
60.0,90.0,3.25,19.147978666222322,3.25,18.9961451194324,0.00792948171901627,False
60.0,93.0,3.25,20.992142742105333,3.25,20.825685929988833,0.007929481719016085,False
60.0,96.0,3.25,20.80914171434721,3.25,20.64413600553488,0.007929481719016048,False
60.0,99.0,3.25,19.68083318131076,3.25,19.524774374384553,0.007929481719016014,False
60.0,102.0,3.25,19.300033697414413,3.25,19.14699443303437,0.007929481719016224,False
60.0,105.0,3.25,19.21008346024414,3.25,19.05775745462536,0.007929481719016062,False
60.0,108.0,3.25,19.034041920898755,3.25,18.883111833448,0.007929481719016118,False
60.0,111.0,3.25,19.314072679146463,3.25,19.16092209291742,0.00792948171901621,False
60.0,114.0,3.25,19.26896450236679,3.25,19.1161716006009,0.007929481719016144,False
60.0,117.0,3.25,18.29874940973221,3.25,18.15364981080688,0.00792948171901624,False
60.0,120.0,3.25,18.904053507939047,3.25,18.75415416123254,0.0079294817190161,False
60.0,123.0,3.25,20.27286729013065,3.25,20.112113959561523,0.007929481719016033,False
60.0,126.0,3.25,22.05297828834046,3.25,21.878109600153206,0.007929481719016026,False
60.0,129.0,3.25,21.10818443718492,3.25,20.940807474568643,0.00792948171901607,False
60.0,132.0,3.25,21.59263024058559,3.25,21.42141187382739,0.00792948171901606,False
60.0,135.0,3.25,22.161043999308095,3.25,21.985318406041273,0.007929481719015976,False
60.0,138.0,1.0,22.660257563596975,1.0,22.595083779499284,0.002876127242365996,False
60.0,141.0,1.0,22.88967168665863,1.0,22.82383807835182,0.0028761272423659186,False
60.0,144.0,1.0,19.80183464312226,1.0,19.74488204705635,0.002876127242365888,False
60.0,147.0,1.0,20.790770514193465,1.0,20.730973612727812,0.0028761272423660556,False
60.0,150.0,1.0,23.610730936819287,1.0,23.54282347035973,0.0028761272423659685,False
60.0,153.0,3.25,21.81949439732381,3.25,21.646477115382055,0.007929481719016095,False
60.0,162.0,1.0,20.968320554595117,1.0,20.908012996621384,0.002876127242365948,False
60.0,165.0,1.0,20.880830120552282,1.0,20.820774196199345,0.002876127242366026,False
63.0,-162.0,1.0,26.79109166810276,1.0,26.714037079503406,0.002876127242365913,False
63.0,-159.0,1.0,24.839584109688655,1.0,24.76814230514174,0.002876127242365894,False
63.0,-156.0,1.0,24.669682980812528,1.0,24.598729833530882,0.0028761272423659203,False
63.0,-153.0,1.0,27.580530361687202,1.0,27.501205246955053,0.0028761272423659537,False
63.0,-150.0,1.0,26.828654101307688,1.0,26.751491478370905,0.0028761272423658956,False
63.0,-147.0,1.0,27.495067324443976,1.0,27.415988012281456,0.0028761272423659776,False
63.0,-144.0,1.0,26.345930095016538,1.0,26.270155847744793,0.0028761272423659234,False
63.0,-141.0,1.0,24.64544243292238,1.0,24.57455900454089,0.002876127242365907,False
63.0,-48.0,1.0,38.0494999018016,1.0,37.94006469857563,0.0028761272423659117,False
63.0,-45.0,1.0,46.484029447541495,1.0,46.35033546411248,0.002876127242365884,False
63.0,9.0,1.0,19.437450464819236,1.0,19.38154588401523,0.002876127242365881,False
63.0,12.0,1.0,21.802018219409334,1.0,21.739312840869932,0.002876127242365944,False
63.0,15.0,1.0,19.97923879019326,1.0,19.92177595722705,0.002876127242365933,False
63.0,18.0,1.0,19.174595011082033,1.0,19.119446436009326,0.0028761272423659234,False
63.0,24.0,1.0,20.192698767733653,1.0,20.134621996710887,0.002876127242365817,False
63.0,27.0,1.0,19.9743260782726,3.25,19.879872835989275,0.004728732369402369,True
63.0,30.0,3.25,19.89216178128353,3.25,19.73442724808713,0.007929481719016196,False
66.0,-165.0,1.0,35.14133838539686,1.0,35.04026742473342,0.0028761272423658032,False
66.0,-162.0,1.0,31.052175522037395,1.0,30.962865514083735,0.0028761272423659277,False
66.0,-159.0,1.0,29.945645951504204,1.0,29.85951846339284,0.0028761272423659156,False
66.0,-156.0,1.0,28.291983709827438,1.0,28.210612364739028,0.002876127242366013,False
66.0,-153.0,1.0,29.303491076940677,1.0,29.21921050795786,0.002876127242365933,False
66.0,-150.0,1.0,30.198314245320294,1.0,30.1114600510458,0.0028761272423659698,False
66.0,-147.0,1.0,30.837707889452133,1.0,30.749014717699158,0.0028761272423659134,False
66.0,-144.0,1.0,30.419523263122972,1.0,30.332032843566118,0.0028761272423659914,False
66.0,-141.0,1.0,29.654854692580535,1.0,29.569563557130802,0.0028761272423658956,False
66.0,-51.0,1.0,40.87162724434001,1.0,40.75407524378274,0.002876127242366007,False
66.0,-48.0,1.0,43.81197578088636,1.0,43.68596696380107,0.0028761272423659698,False
66.0,-45.0,1.0,54.411253286135775,1.0,54.25475959826825,0.0028761272423658605,False
66.0,-42.0,1.0,52.87529793297839,1.0,52.72322184814514,0.0028761272423659338,False
66.0,-39.0,1.0,42.439501215030134,1.0,42.31743980943317,0.002876127242365837,False
66.0,-18.0,1.0,29.20303866531027,1.0,29.119047010245108,0.002876127242365855,False
66.0,-15.0,1.0,32.654202881027125,1.0,32.56028523854326,0.0028761272423659364,False
66.0,15.0,1.0,25.970055719850382,1.0,25.89536253510876,0.0028761272423659286,False
66.0,18.0,1.0,26.17434157727375,1.0,26.09906084041236,0.0028761272423660274,False
66.0,21.0,1.0,24.81740534142763,1.0,24.746027325840313,0.002876127242365915,False
66.0,24.0,1.0,22.748895899256215,1.0,22.683467180026618,0.0028761272423659338,False
66.0,27.0,1.0,25.675922993670625,1.0,25.602075772075636,0.002876127242366027,False
66.0,30.0,1.0,26.055720600462802,1.0,25.980781032624336,0.0028761272423659424,False
69.0,-162.0,1.0,35.85514493944966,3.25,35.74277271553724,0.0031340613488575987,True
69.0,-159.0,1.0,35.196446875130135,1.0,35.095217415438086,0.0028761272423660092,False
69.0,-156.0,1.0,33.939200520680096,1.0,33.84158706147845,0.0028761272423658843,False
69.0,-153.0,1.0,33.717168963943465,1.0,33.62019409575081,0.002876127242365941,False
69.0,-150.0,1.0,32.86198352525347,1.0,32.767468279198305,0.00287612724236608,False
69.0,-147.0,3.25,38.30331990364691,3.25,37.999594428693314,0.007929481719016127,False
69.0,-144.0,3.25,29.43429279927395,3.25,29.20089411260994,0.00792948171901611,False
69.0,-141.0,3.25,31.936534789826002,3.25,31.683294621041355,0.007929481719016088,False
69.0,-51.0,1.0,25.65834244333997,1.0,25.584545785644725,0.0028761272423659186,False
69.0,-48.0,3.25,27.50767542827967,3.25,27.289553818838495,0.00792948171901614,False
69.0,-45.0,3.25,33.32615538538401,3.25,33.061896245490516,0.00792948171901623,False
69.0,-42.0,3.25,37.9269863258614,3.25,37.626244981133105,0.007929481719016172,False
69.0,-39.0,3.25,40.429108496667624,3.25,40.108526619927176,0.007929481719016189,False
69.0,-36.0,3.25,37.68595108862962,10.0,37.1248654665591,0.01488845593284785,True
69.0,-33.0,3.25,29.67795026452517,3.25,29.44261950044475,0.007929481719016042,False
69.0,-30.0,3.25,28.544821537654435,3.25,28.318475897099027,0.007929481719016106,False
69.0,-27.0,3.25,29.263618343476224,3.25,29.031573016789366,0.007929481719016078,False
69.0,18.0,1.0,23.476504267805872,1.0,23.408982854325718,0.0028761272423658358,False
69.0,21.0,1.0,23.87324548994718,1.0,23.804582998229854,0.0028761272423659104,False
69.0,24.0,1.0,28.621455317231543,1.0,28.539136369877493,0.0028761272423659776,False
69.0,27.0,1.0,28.078730247429633,1.0,27.997972246433957,0.0028761272423659034,False
72.0,-54.0,3.25,25.02459291244449,3.25,24.82616086041944,0.007929481719016215,False
72.0,-51.0,3.25,28.863221605070148,3.25,28.634351217000834,0.007929481719016095,False
72.0,-48.0,3.25,32.94146892368868,3.25,32.68026014806075,0.007929481719016149,False
72.0,-45.0,3.25,37.22798360043769,3.25,36.93278498504219,0.007929481719016026,False
72.0,-42.0,3.25,40.095349187974286,3.25,39.77741384957068,0.007929481719016064,False
72.0,-39.0,3.25,41.708334490141965,3.25,41.377609014271776,0.007929481719016085,False
72.0,-36.0,1.0,40.90003899215289,3.25,40.62754103196105,0.006662535462230822,True
72.0,-33.0,3.25,38.34418738565546,3.25,38.04013785275038,0.0079294817190161,False
72.0,-30.0,3.25,32.07005911580543,3.25,31.81576016831888,0.007929481719016153,False
72.0,-27.0,3.25,34.11732255618205,3.25,33.84678987067103,0.007929481719016107,False
72.0,-24.0,3.25,28.234228894525376,3.25,28.01034609265572,0.007929481719016153,False
